{"type":"FeatureCollection","features":[{"type":"Feature","geometry":{"type":"Point","coordinates":[2.37804377008623,48.81387913586163]},"properties":{"code_uai":"0942145W","num_siret":78572178800020,"code_academie":"024","academie":"Cr\u00e9teil","dep":"94","sigle_uai":"SGT PR","nature_uai":"Section d\u2019enseignement g\u00e9n\u00e9rale et technologique","patronyme":"CE3P","nom_etablissement":"Lyc\u00e9e technologique priv\u00e9 CE3P","statut":"priv\u00e9","contrat_etablissement":"autres \u00e9tablissements","adresse_postale":"5 rue Ren\u00e9 Robin","code_postal":"94200","code_insee":"94041","libelle":"Ivry-sur-Seine","telephone":"0146584520","fax":"0146720681","site_web":null,"mail":"ce.0942145W@ac-creteil.fr","ministere_tutelle":"\u00c9ducation nationale","internat":null,"annee_construction":null,"date_maj":"2025-07-02"}},{"type":"Feature","geometry":{"type":"Point","coordinates":[2.3926976269304268,48.7111370085633]},"properties":{"code_uai":"0910676R","num_siret":19910676600017,"code_academie":"025","academie":"Versailles","dep":"91","sigle_uai":"LPO","nature_uai":"lyc\u00e9e polyvalent","patronyme":"CL\u00c9MENT-ADER","nom_etablissement":"Lyc\u00e9e polyvalent Cl\u00e9ment Ader","statut":"public","contrat_etablissement":null,"adresse_postale":"37 bis rue G.ANTHONIOZ DE GAULL","code_postal":"91200","code_insee":"91027","libelle":"Athis-Mons","telephone":"0169383636","fax":"0169848648","site_web":"http:\/\/www.lyc-ader-athis.ac-versailles.fr\/","mail":"ce.0910676R@ac-versailles.fr","ministere_tutelle":"\u00c9ducation nationale","internat":null,"annee_construction":"1970","date_maj":"2026-03-09"}},{"type":"Feature","geometry":{"type":"Point","coordinates":[2.226184703043667,48.93993923166503]},"properties":{"code_uai":"0950641F","num_siret":19950641100016,"code_academie":"025","academie":"Versailles","dep":"95","sigle_uai":"LPO","nature_uai":"lyc\u00e9e polyvalent","patronyme":"JEAN-JAUR\u00c8S","nom_etablissement":"Lyc\u00e9e polyvalent Jean Jaur\u00e8s","statut":"public","contrat_etablissement":null,"adresse_postale":"25 rue CHARLES LECOQ","code_postal":"95100","code_insee":"95018","libelle":"Argenteuil","telephone":"0139985000","fax":"0139985001","site_web":"http:\/\/www.lyc-jaures-argenteuil.ac-versailles.fr\/","mail":"ce.0950641F@ac-versailles.fr","ministere_tutelle":"\u00c9ducation nationale","internat":"Oui","annee_construction":"1964","date_maj":"2026-02-18"}},{"type":"Feature","geometry":{"type":"Point","coordinates":[2.0263271559548857,49.009759301761505]},"properties":{"code_uai":"0951824S","num_siret":19951824200011,"code_academie":"025","academie":"Versailles","dep":"95","sigle_uai":"LPO","nature_uai":"lyc\u00e9e polyvalent","patronyme":"HAUTIL (DE L')","nom_etablissement":"Lyc\u00e9e polyvalent de L'Hautil","statut":"public","contrat_etablissement":null,"adresse_postale":"1 rue Gabriel Faur\u00e9","code_postal":"95280","code_insee":"95323","libelle":"Jouy-le-Moutier","telephone":"0134327171","fax":"0134327170","site_web":"http:\/\/www.lyc-hautil-jouy.ac-versailles.fr\/","mail":"ce.0951824S@ac-versailles.fr","ministere_tutelle":"\u00c9ducation nationale","internat":null,"annee_construction":"1995","date_maj":"2026-03-12"}},{"type":"Feature","geometry":{"type":"Point","coordinates":[2.3848990133957697,48.874615877255216]},"properties":{"code_uai":"0750697A","num_siret":19750697500022,"code_academie":"001","academie":"Paris","dep":"75","sigle_uai":"LPO","nature_uai":"lyc\u00e9e polyvalent","patronyme":"B\u00c2TIMENT-SAINT-LAMBERT (DU)","nom_etablissement":"Lyc\u00e9e polyvalent B\u00e2timent-Saint-Lambert","statut":"public","contrat_etablissement":null,"adresse_postale":"7 rue Clavel","code_postal":"75019","code_insee":"75119","libelle":"Paris 19e Arrondissement","telephone":"0153989800","fax":"0153989801","site_web":"http:\/\/www.saint-lambert.org\/","mail":"ce.0750697A@ac-paris.fr","ministere_tutelle":"\u00c9ducation nationale","internat":null,"annee_construction":null,"date_maj":"2026-03-12"}},{"type":"Feature","geometry":{"type":"Point","coordinates":[2.5793521471418255,48.62843877012857]},"properties":{"code_uai":"0772296C","num_siret":19772296000014,"code_academie":"024","academie":"Cr\u00e9teil","dep":"77","sigle_uai":"LPO","nature_uai":"lyc\u00e9e polyvalent","patronyme":"MARE-CARR\u00c9E (DE LA)","nom_etablissement":"Lyc\u00e9e polyvalent de la Mare Carr\u00e9e","statut":"public","contrat_etablissement":null,"adresse_postale":"70 rue de la Mare Carr\u00e9e","code_postal":"77550","code_insee":"77296","libelle":"Moissy-Cramayel","telephone":"0164134422","fax":null,"site_web":"http:\/\/www.lamarecarree.fr\/","mail":"ce.0772296C@ac-creteil.fr","ministere_tutelle":"\u00c9ducation nationale","internat":null,"annee_construction":"1992","date_maj":"2026-03-12"}},{"type":"Feature","geometry":{"type":"Point","coordinates":[2.510720424025152,48.743740806816575]},"properties":{"code_uai":"0940742W","num_siret":19940742000017,"code_academie":"024","academie":"Cr\u00e9teil","dep":"94","sigle_uai":"LPO","nature_uai":"lyc\u00e9e polyvalent","patronyme":"GUILLAUME-BUD\u00c9","nom_etablissement":"Lyc\u00e9e polyvalent Guillaume Bud\u00e9","statut":"public","contrat_etablissement":null,"adresse_postale":"2 voie Georges Pompidou","code_postal":"94456","code_insee":"94044","libelle":"Limeil-Br\u00e9vannes","telephone":"0145103700","fax":null,"site_web":"http:\/\/guillaumebude.com\/","mail":"ce.0940742W@ac-creteil.fr","ministere_tutelle":"\u00c9ducation nationale","internat":null,"annee_construction":"1965","date_maj":"2026-03-12"}},{"type":"Feature","geometry":{"type":"Point","coordinates":[2.5261158036914377,48.759563451086045]},"properties":{"code_uai":"0941918Z","num_siret":19941918500038,"code_academie":"024","academie":"Cr\u00e9teil","dep":"94","sigle_uai":"LPO","nature_uai":"lyc\u00e9e polyvalent","patronyme":"CHRISTOPHE-COLOMB","nom_etablissement":"Lyc\u00e9e polyvalent Christophe Colomb","statut":"public","contrat_etablissement":null,"adresse_postale":"154 rue de Boissy","code_postal":"94370","code_insee":"94071","libelle":"Sucy-en-Brie","telephone":"0149822929","fax":null,"site_web":"http:\/\/www.lycee-christophecolomb94.com\/","mail":"ce.0941918Z@ac-creteil.fr","ministere_tutelle":"\u00c9ducation nationale","internat":null,"annee_construction":"1991","date_maj":"2026-03-12"}},{"type":"Feature","geometry":{"type":"Point","coordinates":[2.5405863314456787,48.841621947798245]},"properties":{"code_uai":"0932638M","num_siret":20005225600019,"code_academie":"024","academie":"Cr\u00e9teil","dep":"93","sigle_uai":"LPO","nature_uai":"lyc\u00e9e polyvalent","patronyme":"INTERNATIONAL-DE-L'EST-PARISIEN","nom_etablissement":"Lyc\u00e9e polyvalent International de l'Est Parisien","statut":"public","contrat_etablissement":null,"adresse_postale":"1, promenade Marco-Polo","code_postal":"93160","code_insee":"93051","libelle":"Noisy-le-Grand","telephone":"0149412470","fax":null,"site_web":"https:\/\/liep.fr\/","mail":"ce.0932638M@ac-creteil.fr","ministere_tutelle":"\u00c9ducation nationale","internat":"Oui","annee_construction":"2016","date_maj":"2026-02-20"}},{"type":"Feature","geometry":{"type":"Point","coordinates":[2.2852784745012107,48.8372023151473]},"properties":{"code_uai":"0751708Z","num_siret":19751708900011,"code_academie":"001","academie":"Paris","dep":"75","sigle_uai":"LPO","nature_uai":"lyc\u00e9e polyvalent","patronyme":"DES-SCIENCES-ET-DU-NUMERIQUE-LOUIS-ARMAND","nom_etablissement":"Lyc\u00e9e polyvalent Louis Armand","statut":"public","contrat_etablissement":null,"adresse_postale":"321 rue Lecourbe","code_postal":"75015","code_insee":"75115","libelle":"Paris 15e Arrondissement","telephone":"0145575150","fax":"0140607352","site_web":"https:\/\/www.ac-paris.fr\/serail\/jcms\/s1_111301\/fr\/accueil","mail":"ce.0751708Z@ac-paris.fr","ministere_tutelle":"\u00c9ducation nationale","internat":null,"annee_construction":"1970","date_maj":"2026-03-12"}},{"type":"Feature","geometry":{"type":"Point","coordinates":[2.312706366571246,48.84334295571356]},"properties":{"code_uai":"0750695Y","num_siret":19750695900018,"code_academie":"001","academie":"Paris","dep":"75","sigle_uai":"LPO LYC METIER","nature_uai":"lyc\u00e9e polyvalent","patronyme":"FRESNEL","nom_etablissement":"Lyc\u00e9e polyvalent Fresnel","statut":"public","contrat_etablissement":null,"adresse_postale":"31 boulevard Pasteur","code_postal":"75015","code_insee":"75115","libelle":"Paris 15e Arrondissement","telephone":"0153696262","fax":"0145667925","site_web":"https:\/\/lyc-fresnel.scola.ac-paris.fr\/","mail":"ce.0750695Y@ac-paris.fr","ministere_tutelle":"\u00c9ducation nationale","internat":null,"annee_construction":"1957","date_maj":"2026-01-29"}},{"type":"Feature","geometry":{"type":"Point","coordinates":[2.284389310360964,48.90434668847224]},"properties":{"code_uai":"0920150N","num_siret":19920150000014,"code_academie":"025","academie":"Versailles","dep":"92","sigle_uai":"LPO LYC METIER","nature_uai":"lyc\u00e9e polyvalent","patronyme":"PRONY (DE)","nom_etablissement":"Lyc\u00e9e polyvalent de Prony - Lyc\u00e9e des m\u00e9tiers du bois, de l'habitat, de la gestion administrative, du commerce et de l'accueil","statut":"public","contrat_etablissement":null,"adresse_postale":"4 rue DE BRETAGNE","code_postal":"92600","code_insee":"92004","libelle":"Asni\u00e8res-sur-Seine","telephone":"0147939417","fax":"0147937191","site_web":"http:\/\/www.lyc-prony-asnieres.ac-versailles.fr\/","mail":"ce.0920150N@ac-versailles.fr","ministere_tutelle":"\u00c9ducation nationale","internat":null,"annee_construction":null,"date_maj":"2024-05-31"}},{"type":"Feature","geometry":{"type":"Point","coordinates":[2.429229614654312,48.90760294292736]},"properties":{"code_uai":"0932123C","num_siret":19931950000013,"code_academie":"024","academie":"Cr\u00e9teil","dep":"93","sigle_uai":"LPO LYC METIER","nature_uai":"lyc\u00e9e polyvalent","patronyme":"ANDRE-SABATIER","nom_etablissement":"Lyc\u00e9e polyvalent Sabatier - Lyc\u00e9e des m\u00e9tiers de la beaut\u00e9, du bien-\u00eatre et du go\u00fbt","statut":"public","contrat_etablissement":null,"adresse_postale":"140 rue de la R\u00e9publique","code_postal":"93000","code_insee":"93008","libelle":"Bobigny","telephone":"0141640070","fax":"0141640098","site_web":"http:\/\/www.lyceesabatier.fr\/","mail":"ce.0932123C@ac-creteil.fr","ministere_tutelle":"\u00c9ducation nationale","internat":null,"annee_construction":"1984","date_maj":"2026-03-12"}},{"type":"Feature","geometry":{"type":"Point","coordinates":[3.302437989116911,48.550737843247305]},"properties":{"code_uai":"0771336J","num_siret":19771336500017,"code_academie":"024","academie":"Cr\u00e9teil","dep":"77","sigle_uai":"LPO LYC METIER","nature_uai":"lyc\u00e9e polyvalent","patronyme":"PANNEVELLES (LES)","nom_etablissement":"Lyc\u00e9e polyvalent les Pannevelles - Lyc\u00e9e des m\u00e9tiers du b\u00e2timent et des travaux publics","statut":"public","contrat_etablissement":null,"adresse_postale":"Route DE CHALAUTRE LA PETITE","code_postal":"77481","code_insee":"77379","libelle":"Provins","telephone":"0160585580","fax":"0160585599","site_web":"http:\/\/lespannevelles.net\/","mail":"ce.0771336J@ac-creteil.fr","ministere_tutelle":"\u00c9ducation nationale","internat":"Oui","annee_construction":"1969","date_maj":"2026-03-12"}},{"type":"Feature","geometry":{"type":"Point","coordinates":[2.346583013676203,48.68574491605321]},"properties":{"code_uai":"0912142J","num_siret":19910633700017,"code_academie":"025","academie":"Versailles","dep":"91","sigle_uai":"LPO LYC METIER","nature_uai":"lyc\u00e9e polyvalent","patronyme":"GASPARD-MONGE","nom_etablissement":"Lyc\u00e9e polyvalent Gaspard Monge, lyc\u00e9e des m\u00e9tiers de l'automobile et de la logistique","statut":"public","contrat_etablissement":null,"adresse_postale":"1 place Gaspard Monge","code_postal":"91600","code_insee":"91589","libelle":"Savigny-sur-Orge","telephone":"0169054743","fax":"0169057666","site_web":"http:\/\/www.lyc-monge-savigny.ac-versailles.fr\/","mail":"ce.0912142J@ac-versailles.fr","ministere_tutelle":"\u00c9ducation nationale","internat":null,"annee_construction":"1996","date_maj":"2026-03-12"}},{"type":"Feature","geometry":{"type":"Point","coordinates":[2.4913060633969635,48.8467161140249]},"properties":{"code_uai":"0940118T","num_siret":19940118300017,"code_academie":"024","academie":"Cr\u00e9teil","dep":"94","sigle_uai":"LPO LYC METIER","nature_uai":"lyc\u00e9e polyvalent","patronyme":"LOUIS-ARMAND","nom_etablissement":"Lyc\u00e9e polyvalent L Armand - Lyc\u00e9e des m\u00e9tiers","statut":"public","contrat_etablissement":null,"adresse_postale":"173 boulevard DE STRASBOURG","code_postal":"94130","code_insee":"94052","libelle":"Nogent-sur-Marne","telephone":"0145142828","fax":"0145142855","site_web":"https:\/\/www.larmand.fr\/","mail":"ce.0940118T@ac-creteil.fr","ministere_tutelle":"\u00c9ducation nationale","internat":null,"annee_construction":"1960","date_maj":"2026-01-22"}},{"type":"Feature","geometry":{"type":"Point","coordinates":[2.0856612993081693,48.89694998070632]},"properties":{"code_uai":"0783657B","num_siret":78512433000016,"code_academie":"025","academie":"Versailles","dep":"78","sigle_uai":"LGT PR","nature_uai":"lyc\u00e9e d'enseignement g\u00e9n\u00e9ral et technologique","patronyme":"SAINT-AUGUSTIN","nom_etablissement":"Lyc\u00e9e g\u00e9n\u00e9ral et technologique priv\u00e9 Saint-Augustin","statut":"priv\u00e9","contrat_etablissement":"lyc\u00e9e priv\u00e9 sous contrat \u00c9ducation nationale","adresse_postale":"39 rue Grande Fontaine","code_postal":"78100","code_insee":"78551","libelle":"Saint-Germain-en-Laye","telephone":"0134510849","fax":null,"site_web":null,"mail":"ce.0783657b@ac-versailles.fr","ministere_tutelle":"\u00c9ducation nationale","internat":null,"annee_construction":null,"date_maj":"2026-03-12"}},{"type":"Feature","geometry":{"type":"Point","coordinates":[2.1368614459250304,48.81813200271438]},"properties":{"code_uai":"0783350T","num_siret":78515054100015,"code_academie":"025","academie":"Versailles","dep":"78","sigle_uai":"LGT PR","nature_uai":"lyc\u00e9e d'enseignement g\u00e9n\u00e9ral et technologique","patronyme":"SAINT-JEAN-HULST","nom_etablissement":"Lyc\u00e9e g\u00e9n\u00e9ral et technologique priv\u00e9 Saint Jean et Hulst","statut":"priv\u00e9","contrat_etablissement":"lyc\u00e9e priv\u00e9 sous contrat \u00c9ducation nationale","adresse_postale":"26 rue Mal de lattre de Tassigny","code_postal":"78000","code_insee":"78646","libelle":"Versailles","telephone":"0139541126","fax":"0139552811","site_web":null,"mail":"ce.0783350T@ac-versailles.fr","ministere_tutelle":"\u00c9ducation nationale","internat":null,"annee_construction":null,"date_maj":"2026-03-12"}},{"type":"Feature","geometry":{"type":"Point","coordinates":[2.25492760373599,48.700506906837795]},"properties":{"code_uai":"0910823A","num_siret":78525809600011,"code_academie":"025","academie":"Versailles","dep":"91","sigle_uai":"LGT PR","nature_uai":"lyc\u00e9e d'enseignement g\u00e9n\u00e9ral et technologique","patronyme":"ILE-DE-FRANCE","nom_etablissement":"Lyc\u00e9e g\u00e9n\u00e9ral et technologique priv\u00e9, Institution Saint Vincent de Paul","statut":"priv\u00e9","contrat_etablissement":"lyc\u00e9e priv\u00e9 sous contrat \u00c9ducation nationale","adresse_postale":"7 rue du Baron de Nivi\u00e8re","code_postal":"91140","code_insee":"91661","libelle":"Villebon-sur-Yvette","telephone":"0160101646","fax":null,"site_web":"http:\/\/www.college-lycee-idf91.fr","mail":"ce.0910823A@ac-versailles.fr","ministere_tutelle":"\u00c9ducation nationale","internat":null,"annee_construction":null,"date_maj":"2026-03-12"}},{"type":"Feature","geometry":{"type":"Point","coordinates":[2.2546574185721426,48.97393882097288]},"properties":{"code_uai":"0950785M","num_siret":78591041500013,"code_academie":"025","academie":"Versailles","dep":"95","sigle_uai":"LGT PR","nature_uai":"lyc\u00e9e d'enseignement g\u00e9n\u00e9ral et technologique","patronyme":"NOTRE-DAME-SAINTE-FAMILLE","nom_etablissement":"Lyc\u00e9e g\u00e9n\u00e9ral et technologique priv\u00e9 Notre-Dame","statut":"priv\u00e9","contrat_etablissement":"lyc\u00e9e priv\u00e9 sous contrat \u00c9ducation nationale","adresse_postale":"106 boulevard Charles de Gaulle","code_postal":"95110","code_insee":"95582","libelle":"Sannois","telephone":"0139812298","fax":"0139812587","site_web":null,"mail":"ce.0950785M@ac-versailles.fr","ministere_tutelle":"\u00c9ducation nationale","internat":null,"annee_construction":null,"date_maj":"2026-03-12"}},{"type":"Feature","geometry":{"type":"Point","coordinates":[2.2823886440743166,48.86828312308159]},"properties":{"code_uai":"0754666P","num_siret":40483807000013,"code_academie":"001","academie":"Paris","dep":"75","sigle_uai":"LGT PR","nature_uai":"lyc\u00e9e d'enseignement g\u00e9n\u00e9ral et technologique","patronyme":"PASSY-SAINT-HONOR\u00c9","nom_etablissement":"Lyc\u00e9e g\u00e9n\u00e9ral et technologique priv\u00e9 Passy-Saint Honor\u00e9","statut":"priv\u00e9","contrat_etablissement":"lyc\u00e9e priv\u00e9 sous contrat \u00c9ducation nationale","adresse_postale":"117 avenue Victor Hugo","code_postal":"75016","code_insee":"75116","libelle":"Paris 16e Arrondissement","telephone":"0153701270","fax":"0145531885","site_web":"http:\/\/www.passy-st-honore.com\/","mail":"ce.0754666P@ac-paris.fr","ministere_tutelle":"\u00c9ducation nationale","internat":null,"annee_construction":null,"date_maj":"2026-03-12"}},{"type":"Feature","geometry":{"type":"Point","coordinates":[2.3488965315970085,48.83037686355069]},"properties":{"code_uai":"0750787Y","num_siret":19750787400018,"code_academie":"001","academie":"Paris","dep":"75","sigle_uai":"LP","nature_uai":"lyc\u00e9e professionnel","patronyme":"ARTS-GRAPHIQUES","nom_etablissement":"Lyc\u00e9e professionnel Corvisart-Arts Graphiques","statut":"public","contrat_etablissement":null,"adresse_postale":"61 rue CORVISART","code_postal":"75013","code_insee":"75113","libelle":"Paris 13e Arrondissement","telephone":"0144086500","fax":"0145350390","site_web":"https:\/\/lycee-corvisart-tolbiac.fr\/","mail":"ce.0750787Y@ac-paris.fr","ministere_tutelle":"\u00c9ducation nationale","internat":null,"annee_construction":"1950","date_maj":"2026-01-16"}},{"type":"Feature","geometry":{"type":"Point","coordinates":[2.3662556819655713,48.85479962560322]},"properties":{"code_uai":"0752845K","num_siret":19752845800015,"code_academie":"001","academie":"Paris","dep":"75","sigle_uai":"LP","nature_uai":"lyc\u00e9e professionnel","patronyme":"THEOPHILE-GAUTIER","nom_etablissement":"Lyc\u00e9e professionnel Th\u00e9ophile Gautier","statut":"public","contrat_etablissement":null,"adresse_postale":"6BIS PLACE DES VOSGES","code_postal":"75004","code_insee":"75104","libelle":"Paris 4e Arrondissement","telephone":"0143071210","fax":"0143073852","site_web":"https:\/\/www.ac-paris.fr\/serail\/jcms\/s1_1625453\/fr\/lycee-professionnel-theophile-gautier","mail":"ce.0752845K@ac-paris.fr","ministere_tutelle":"\u00c9ducation nationale","internat":null,"annee_construction":"1889","date_maj":"2025-07-08"}},{"type":"Feature","geometry":{"type":"Point","coordinates":[2.3369360393461895,48.83176633760908]},"properties":{"code_uai":"0750692V","num_siret":19750692600017,"code_academie":"001","academie":"Paris","dep":"75","sigle_uai":"LGT","nature_uai":"lyc\u00e9e d'enseignement g\u00e9n\u00e9ral et technologique","patronyme":"EMILE-DUBOIS","nom_etablissement":"Lyc\u00e9e g\u00e9n\u00e9ral et technologique Emile Dubois","statut":"public","contrat_etablissement":null,"adresse_postale":"14 rue Emile Dubois","code_postal":"75014","code_insee":"75114","libelle":"Paris 14e Arrondissement","telephone":"0144168590","fax":"0144168599","site_web":"https:\/\/www.ac-paris.fr\/serail\/jcms\/s2_271256\/fr\/accueil","mail":"ce.0750692V@ac-paris.fr","ministere_tutelle":"\u00c9ducation nationale","internat":null,"annee_construction":null,"date_maj":"2026-03-12"}},{"type":"Feature","geometry":{"type":"Point","coordinates":[2.502522287814262,48.693086898317304]},"properties":{"code_uai":"0911021R","num_siret":19911021400012,"code_academie":"025","academie":"Versailles","dep":"91","sigle_uai":"LGT","nature_uai":"lyc\u00e9e d'enseignement g\u00e9n\u00e9ral et technologique","patronyme":"TALMA","nom_etablissement":"Lyc\u00e9e g\u00e9n\u00e9ral et technologique Fran\u00e7ois-Joseph Talma","statut":"public","contrat_etablissement":null,"adresse_postale":"1 rue des Cerfs","code_postal":"91805","code_insee":"91114","libelle":"Brunoy","telephone":"0160465706","fax":"0160465673","site_web":"http:\/\/www.lyc-talma-brunoy.ac-versailles.fr\/","mail":"ce.0911021R@ac-versailles.fr","ministere_tutelle":"\u00c9ducation nationale","internat":null,"annee_construction":"1970","date_maj":"2026-03-12"}},{"type":"Feature","geometry":{"type":"Point","coordinates":[2.2727560299133684,48.795722455928356]},"properties":{"code_uai":"0921555R","num_siret":19921555900014,"code_academie":"025","academie":"Versailles","dep":"92","sigle_uai":"LGT","nature_uai":"lyc\u00e9e d'enseignement g\u00e9n\u00e9ral et technologique","patronyme":"JACQUES-MONOD","nom_etablissement":"Lyc\u00e9e g\u00e9n\u00e9ral et technologique Jacques Monod","statut":"public","contrat_etablissement":null,"adresse_postale":"46 rue du Fort","code_postal":"92140","code_insee":"92023","libelle":"Clamart","telephone":"0146453133","fax":"0146459114","site_web":"http:\/\/www.lyc-monod-clamart.ac-versailles.fr\/","mail":"ce.0921555R@ac-versailles.fr","ministere_tutelle":"\u00c9ducation nationale","internat":null,"annee_construction":"1973","date_maj":"2026-03-12"}},{"type":"Feature","geometry":{"type":"Point","coordinates":[2.3176988452567544,48.99019475964912]},"properties":{"code_uai":"0950648N","num_siret":19950648600018,"code_academie":"025","academie":"Versailles","dep":"95","sigle_uai":"LGT","nature_uai":"lyc\u00e9e d'enseignement g\u00e9n\u00e9ral et technologique","patronyme":"JEAN-JACQUES-ROUSSEAU","nom_etablissement":"Lyc\u00e9e g\u00e9n\u00e9ral et technologique Jean-Jacques Rousseau","statut":"public","contrat_etablissement":null,"adresse_postale":"20 rue de Jaigny","code_postal":"95160","code_insee":"95428","libelle":"Montmorency","telephone":"0134051250","fax":"0134125115","site_web":"http:\/\/www.lyc-rousseau-montmorency.ac-versailles.fr\/","mail":"ce.0950648N@ac-versailles.fr","ministere_tutelle":"\u00c9ducation nationale","internat":null,"annee_construction":"1965","date_maj":"2026-03-12"}},{"type":"Feature","geometry":{"type":"Point","coordinates":[2.137439326016222,48.80106442786684]},"properties":{"code_uai":"0782563M","num_siret":19782563100017,"code_academie":"025","academie":"Versailles","dep":"78","sigle_uai":"LGT","nature_uai":"lyc\u00e9e d'enseignement g\u00e9n\u00e9ral et technologique","patronyme":"LA-BRUY\u00c8RE","nom_etablissement":"Lyc\u00e9e g\u00e9n\u00e9ral et technologique La Bruy\u00e8re","statut":"public","contrat_etablissement":null,"adresse_postale":"31 avenue de Paris","code_postal":"78000","code_insee":"78646","libelle":"Versailles","telephone":"0139500437","fax":"0139516801","site_web":"http:\/\/www.lyc-labruyere-versailles.ac-versailles.fr\/","mail":"ce.0782563M@ac-versailles.fr","ministere_tutelle":"\u00c9ducation nationale","internat":"Oui","annee_construction":"1895","date_maj":"2026-03-05"}},{"type":"Feature","geometry":{"type":"Point","coordinates":[2.358196233724338,48.85485829556443]},"properties":{"code_uai":"0750653C","num_siret":19750653800010,"code_academie":"001","academie":"Paris","dep":"75","sigle_uai":"LGT","nature_uai":"lyc\u00e9e d'enseignement g\u00e9n\u00e9ral et technologique","patronyme":"SOPHIE-GERMAIN","nom_etablissement":"Lyc\u00e9e g\u00e9n\u00e9ral et technologique Sophie Germain","statut":"public","contrat_etablissement":null,"adresse_postale":"9 rue DE JOUY","code_postal":"75004","code_insee":"75104","libelle":"Paris 4e Arrondissement","telephone":"0144548154","fax":"0140299075","site_web":"https:\/\/lyc-sophie-germain.ac-paris.fr","mail":"ce.0750653C@ac-paris.fr","ministere_tutelle":"\u00c9ducation nationale","internat":null,"annee_construction":"1888","date_maj":"2026-01-26"}},{"type":"Feature","geometry":{"type":"Point","coordinates":[2.719144935356008,48.86783583652336]},"properties":{"code_uai":"0771512A","num_siret":19771512100012,"code_academie":"024","academie":"Cr\u00e9teil","dep":"77","sigle_uai":"LGT","nature_uai":"lyc\u00e9e d'enseignement g\u00e9n\u00e9ral et technologique","patronyme":"VAN-DONGEN","nom_etablissement":"Lyc\u00e9e g\u00e9n\u00e9ral et technologique Van Dongen","statut":"public","contrat_etablissement":null,"adresse_postale":"45 rue JEAN MERMOZ","code_postal":"77400","code_insee":"77243","libelle":"Lagny-sur-Marne","telephone":"0164023011","fax":"0164309027","site_web":"https:\/\/www.lyceevandongen.fr\/","mail":"ce.0771512A@ac-creteil.fr","ministere_tutelle":"\u00c9ducation nationale","internat":null,"annee_construction":"1973","date_maj":"2026-03-12"}},{"type":"Feature","geometry":{"type":"Point","coordinates":[2.319715372444925,48.8497226239239]},"properties":{"code_uai":"0754030Y","num_siret":78430857900027,"code_academie":"001","academie":"Paris","dep":"75","sigle_uai":"LPO PR","nature_uai":"lyc\u00e9e polyvalent","patronyme":"ALBERT-DE-MUN","nom_etablissement":"Lyc\u00e9e polyvalent priv\u00e9 Albert de Mun","statut":"priv\u00e9","contrat_etablissement":"lyc\u00e9e priv\u00e9 sous contrat \u00c9ducation nationale","adresse_postale":"2 rue d'Olivet","code_postal":"75007","code_insee":"75107","libelle":"Paris 7e Arrondissement","telephone":"0143063309","fax":"0140650190","site_web":"https:\/\/www.albertdemun.eu\/","mail":"ce.0754030Y@ac-paris.fr","ministere_tutelle":"\u00c9ducation nationale","internat":null,"annee_construction":null,"date_maj":"2026-03-12"}},{"type":"Feature","geometry":{"type":"Point","coordinates":[2.499770465788787,48.71075069348924]},"properties":{"code_uai":"0910838S","num_siret":78526611500035,"code_academie":"025","academie":"Versailles","dep":"91","sigle_uai":"LPO PR","nature_uai":"lyc\u00e9e polyvalent","patronyme":"BETH-RIVKAH","nom_etablissement":"Lyc\u00e9e polyvalent priv\u00e9 Beth Rivkah","statut":"priv\u00e9","contrat_etablissement":"lyc\u00e9e priv\u00e9 sous contrat \u00c9ducation nationale","adresse_postale":"43 rue Raymond Poincar\u00e9","code_postal":"91330","code_insee":"91691","libelle":"Yerres","telephone":"0169496262","fax":"0169493661","site_web":null,"mail":"ce.0910838s@ac-versailles.fr","ministere_tutelle":"\u00c9ducation nationale","internat":null,"annee_construction":null,"date_maj":"2026-03-12"}},{"type":"Feature","geometry":{"type":"Point","coordinates":[2.3504442169888615,48.83014424738715]},"properties":{"code_uai":"0754042L","num_siret":78454451200014,"code_academie":"001","academie":"Paris","dep":"75","sigle_uai":"LPO PR","nature_uai":"lyc\u00e9e polyvalent","patronyme":"LE-REBOURS","nom_etablissement":"Lyc\u00e9e polyvalent priv\u00e9 Le Rebours","statut":"priv\u00e9","contrat_etablissement":"lyc\u00e9e priv\u00e9 sous contrat \u00c9ducation nationale","adresse_postale":"44 boulevard Auguste-Blanqui","code_postal":"75013","code_insee":"75113","libelle":"Paris 13e Arrondissement","telephone":"0155432888","fax":"0143361757","site_web":"http:\/\/www.lerebours.info\/","mail":"ce.0754042L@ac-paris.fr","ministere_tutelle":"\u00c9ducation nationale","internat":null,"annee_construction":null,"date_maj":"2026-03-12"}},{"type":"Feature","geometry":{"type":"Point","coordinates":[2.2558738629556756,48.882568301003424]},"properties":{"code_uai":"0920143F","num_siret":19920143500021,"code_academie":"025","academie":"Versailles","dep":"92","sigle_uai":"LG","nature_uai":"lyc\u00e9e d'enseignement g\u00e9n\u00e9ral","patronyme":"FOLIE-SAINT-JAMES (LA)","nom_etablissement":"Lyc\u00e9e d'enseignement g\u00e9n\u00e9ral La Folie Saint-James","statut":"public","contrat_etablissement":null,"adresse_postale":"41 rue DE LONGCHAMP","code_postal":"92200","code_insee":"92051","libelle":"Neuilly-sur-Seine","telephone":"0147477904","fax":"0147478219","site_web":"http:\/\/blog.ac-versailles.fr\/lyceelafoliesaintjames\/","mail":"ce.0920143F@ac-versailles.fr","ministere_tutelle":"\u00c9ducation nationale","internat":null,"annee_construction":"2006","date_maj":"2026-02-10"}},{"type":"Feature","geometry":{"type":"Point","coordinates":[2.278449219026048,48.85447862868612]},"properties":{"code_uai":"0753947H","num_siret":83962372500018,"code_academie":"001","academie":"Paris","dep":"75","sigle_uai":"LG PR","nature_uai":"lyc\u00e9e d'enseignement g\u00e9n\u00e9ral","patronyme":"SAINT-JEAN-DE-PASSY","nom_etablissement":"Lyc\u00e9e priv\u00e9 Saint Jean de Passy","statut":"priv\u00e9","contrat_etablissement":"lyc\u00e9e priv\u00e9 sous contrat \u00c9ducation nationale","adresse_postale":"72 rue Raynouard","code_postal":"75016","code_insee":"75116","libelle":"Paris 16e Arrondissement","telephone":"0144302600","fax":"0142305193","site_web":"http:\/\/www.saintjeandepassy.fr\/","mail":"ce.0753947h@paris.fr","ministere_tutelle":"\u00c9ducation nationale","internat":null,"annee_construction":null,"date_maj":"2026-03-12"}},{"type":"Feature","geometry":{"type":"Point","coordinates":[2.319235258056297,48.851006876358404]},"properties":{"code_uai":"0754860A","num_siret":78430835500014,"code_academie":"001","academie":"Paris","dep":"75","sigle_uai":"LG PR","nature_uai":"lyc\u00e9e d'enseignement g\u00e9n\u00e9ral","patronyme":"SAINT-FRANCOIS-DE-SALES-TH\u00c9R\u00c8SE-CHAPPUIS","nom_etablissement":"Lyc\u00e9e priv\u00e9 Saint Fran\u00e7ois de Sales - Th\u00e9r\u00e8se Chappuis","statut":"priv\u00e9","contrat_etablissement":"lyc\u00e9e priv\u00e9 sous contrat \u00c9ducation nationale","adresse_postale":"52 rue Vaneau","code_postal":"75007","code_insee":"75107","libelle":"Paris 7e Arrondissement","telephone":"0153632635","fax":"0153632636","site_web":"http:\/\/www.theresechappuis.fr","mail":"ce.0754860A@ac-paris.fr","ministere_tutelle":"\u00c9ducation nationale","internat":null,"annee_construction":null,"date_maj":"2026-03-12"}},{"type":"Feature","geometry":{"type":"Point","coordinates":[2.2690015503989907,48.91044287097056]},"properties":{"code_uai":"0922691A","num_siret":4434573120033,"code_academie":"025","academie":"Versailles","dep":"92","sigle_uai":"LG PR","nature_uai":"lyc\u00e9e d'enseignement g\u00e9n\u00e9ral","patronyme":"HAUTEFEUILLE","nom_etablissement":"Lyc\u00e9e d'enseignement g\u00e9n\u00e9ral priv\u00e9 Hautefeuille","statut":"priv\u00e9","contrat_etablissement":"lyc\u00e9e priv\u00e9 sous contrat \u00c9ducation nationale","adresse_postale":"26 rue Pierre Joigneaux","code_postal":"92270","code_insee":"92009","libelle":"Bois-Colombes","telephone":"0143332402","fax":null,"site_web":null,"mail":"ce.0922691A@ac-versailles.fr","ministere_tutelle":"\u00c9ducation nationale","internat":null,"annee_construction":null,"date_maj":"2026-03-12"}},{"type":"Feature","geometry":{"type":"Point","coordinates":[2.525164597282938,48.89449706518838]},"properties":{"code_uai":"0932303Y","num_siret":78564689400036,"code_academie":"024","academie":"Cr\u00e9teil","dep":"93","sigle_uai":"LG PR","nature_uai":"lyc\u00e9e d'enseignement g\u00e9n\u00e9ral","patronyme":"MERKAZ-HATORAH (FILLES)","nom_etablissement":"Lyc\u00e9e g\u00e9n\u00e9ral priv\u00e9 Merkaz Hatorah Filles","statut":"priv\u00e9","contrat_etablissement":"lyc\u00e9e priv\u00e9 sous contrat \u00c9ducation nationale","adresse_postale":"67 boulevard du Midi","code_postal":"93340","code_insee":"93062","libelle":"Le Raincy","telephone":"0143029579","fax":null,"site_web":null,"mail":"ce.0932303Y@ac-creteil.fr","ministere_tutelle":"\u00c9ducation nationale","internat":null,"annee_construction":null,"date_maj":"2026-03-12"}},{"type":"Feature","geometry":{"type":"Point","coordinates":[2.4791633334343453,48.86281515047436]},"properties":{"code_uai":"0930965U","num_siret":78556627400029,"code_academie":"024","academie":"Cr\u00e9teil","dep":"93","sigle_uai":"LG PR","nature_uai":"lyc\u00e9e d'enseignement g\u00e9n\u00e9ral","patronyme":"HENRI-MATISSE","nom_etablissement":"Lyc\u00e9e g\u00e9n\u00e9ral priv\u00e9 Henri Matisse","statut":"priv\u00e9","contrat_etablissement":"lyc\u00e9e priv\u00e9 sous contrat \u00c9ducation nationale","adresse_postale":"88 bis rue Jules Guesde","code_postal":"93100","code_insee":"93048","libelle":"Montreuil","telephone":"0145284470","fax":null,"site_web":null,"mail":"ce.0930965U@ac-creteil.fr","ministere_tutelle":"\u00c9ducation nationale","internat":null,"annee_construction":null,"date_maj":"2026-03-12"}},{"type":"Feature","geometry":{"type":"Point","coordinates":[2.5963100707460804,48.889339722843836]},"properties":{"code_uai":"0771720B","num_siret":77570279800031,"code_academie":"024","academie":"Cr\u00e9teil","dep":"77","sigle_uai":"LG PR","nature_uai":"lyc\u00e9e d'enseignement g\u00e9n\u00e9ral","patronyme":"GUY-GASNIER-SAINTE-BATHILDE","nom_etablissement":"Lyc\u00e9e g\u00e9n\u00e9ral priv\u00e9 Guy Gasnier-Sainte Bathilde","statut":"priv\u00e9","contrat_etablissement":"lyc\u00e9e priv\u00e9 sous contrat \u00c9ducation nationale","adresse_postale":"28 rue du tir","code_postal":"77500","code_insee":"77108","libelle":"Chelles","telephone":"0160205301","fax":null,"site_web":null,"mail":"ce.0771720B@ac-creteil.fr","ministere_tutelle":"\u00c9ducation nationale","internat":null,"annee_construction":null,"date_maj":"2026-03-12"}},{"type":"Feature","geometry":{"type":"Point","coordinates":[2.4505145794831087,48.79828270934197]},"properties":{"code_uai":"0941943B","num_siret":77567877400164,"code_academie":"024","academie":"Cr\u00e9teil","dep":"94","sigle_uai":"LG PR","nature_uai":"lyc\u00e9e d'enseignement g\u00e9n\u00e9ral","patronyme":"OZAR-HATORAH (GARCONS)","nom_etablissement":"Lyc\u00e9e g\u00e9n\u00e9ral priv\u00e9 Ozar Hatorah Gar\u00e7ons","statut":"priv\u00e9","contrat_etablissement":"lyc\u00e9e priv\u00e9 sous contrat \u00c9ducation nationale","adresse_postale":"2 voie F\u00e9lix Ebou\u00e9","code_postal":"94000","code_insee":"94028","libelle":"Cr\u00e9teil","telephone":"0142075405","fax":null,"site_web":null,"mail":"ce.0941943B@ac-creteil.fr","ministere_tutelle":"\u00c9ducation nationale","internat":null,"annee_construction":null,"date_maj":"2026-03-12"}},{"type":"Feature","geometry":{"type":"Point","coordinates":[2.272160625097879,48.866983856863335]},"properties":{"code_uai":"0753919C","num_siret":69204166800017,"code_academie":"001","academie":"Paris","dep":"75","sigle_uai":"LG PR","nature_uai":"lyc\u00e9e d'enseignement g\u00e9n\u00e9ral","patronyme":"PASCAL","nom_etablissement":"Lyc\u00e9e priv\u00e9 Pascal","statut":"priv\u00e9","contrat_etablissement":"lyc\u00e9e priv\u00e9 sous contrat \u00c9ducation nationale","adresse_postale":"33 boulevard Lannes","code_postal":"75016","code_insee":"75116","libelle":"Paris 16e Arrondissement","telephone":"0145041423","fax":"0145043038","site_web":"http:\/\/www.ecolepascal.fr\/","mail":"ce.0753919C@ac-paris.fr","ministere_tutelle":"\u00c9ducation nationale","internat":null,"annee_construction":null,"date_maj":"2026-03-12"}},{"type":"Feature","geometry":{"type":"Point","coordinates":[2.48962070496612,48.949788241300666]},"properties":{"code_uai":"0932370W","num_siret":78548496500013,"code_academie":"024","academie":"Cr\u00e9teil","dep":"93","sigle_uai":"SEP PR","nature_uai":"Section d\u2019enseignement professionnel","patronyme":"PROTECTORAT-SAINT-JOSEPH (SEP)","nom_etablissement":"Section d'Enseignement Professionnel Protectorat Saint Joseph","statut":"priv\u00e9","contrat_etablissement":"autres \u00e9tablissements","adresse_postale":"36 rue Jacques Duclos","code_postal":"93600","code_insee":"93005","libelle":"Aulnay-sous-Bois","telephone":"0148661041","fax":null,"site_web":null,"mail":"ce.0932370W@ac-creteil.fr","ministere_tutelle":"\u00c9ducation nationale","internat":null,"annee_construction":null,"date_maj":"2026-03-12"}},{"type":"Feature","geometry":{"type":"Point","coordinates":[2.328835466682555,48.84534298167878]},"properties":{"code_uai":"0754029X","num_siret":78428100800010,"code_academie":"001","academie":"Paris","dep":"75","sigle_uai":"LPO PR METIER","nature_uai":"lyc\u00e9e polyvalent","patronyme":"CARCADO-SAISSEVAL","nom_etablissement":"Lyc\u00e9e polyvalent priv\u00e9 Carcado Saisseval - Lyc\u00e9e des m\u00e9tiers du management, du commerce, des services et soins \u00e0 la personne","statut":"priv\u00e9","contrat_etablissement":"lyc\u00e9e priv\u00e9 sous contrat \u00c9ducation nationale","adresse_postale":"121 boulevard Raspail","code_postal":"75006","code_insee":"75106","libelle":"Paris 6e Arrondissement","telephone":"0145484346","fax":"0145443191","site_web":"http:\/\/www.carcado-saisseval.com\/","mail":"contact@carcado-saisseval.com","ministere_tutelle":"\u00c9ducation nationale","internat":null,"annee_construction":null,"date_maj":"2026-03-12"}},{"type":"Feature","geometry":{"type":"Point","coordinates":[2.3207037852287247,48.89725568365589]},"properties":{"code_uai":"0750707L","num_siret":19750707200019,"code_academie":"001","academie":"Paris","dep":"75","sigle_uai":"LT","nature_uai":"lyc\u00e9e d'enseignement technologique","patronyme":"\u00c9COLE-NATIONALE-DE-COMMERCE Bessi\u00e8res\"\"","nom_etablissement":"Lyc\u00e9e technologique Ecole Nationale de Commerce","statut":"public","contrat_etablissement":null,"adresse_postale":"70 boulevard Bessi\u00e8res","code_postal":"75017","code_insee":"75117","libelle":"Paris 17e Arrondissement","telephone":"0144858500","fax":"0144858566","site_web":"http:\/\/enc-bessieres.org\/2012\/index.php","mail":"ce.0750707L@ac-paris.fr","ministere_tutelle":"\u00c9ducation nationale","internat":null,"annee_construction":null,"date_maj":"2026-03-12"}},{"type":"Feature","geometry":{"type":"Point","coordinates":[2.22266982663959,48.87743160482891]},"properties":{"code_uai":"0920147K","num_siret":19920147600017,"code_academie":"025","academie":"Versailles","dep":"92","sigle_uai":"LGT","nature_uai":"lyc\u00e9e d'enseignement g\u00e9n\u00e9ral et technologique","patronyme":"PAUL-LANGEVIN","nom_etablissement":"Lyc\u00e9e g\u00e9n\u00e9ral et technologique Paul Langevin","statut":"public","contrat_etablissement":null,"adresse_postale":"2 rue PAYRET DORTAIL","code_postal":"92150","code_insee":"92073","libelle":"Suresnes","telephone":"0147722013","fax":"0140990533","site_web":"http:\/\/www.lyc-langevin-suresnes.ac-versailles.fr\/","mail":"ce.0920147K@ac-versailles.fr","ministere_tutelle":"\u00c9ducation nationale","internat":null,"annee_construction":"1930","date_maj":"2024-05-31"}},{"type":"Feature","geometry":{"type":"Point","coordinates":[2.453640007118009,48.704853889908485]},"properties":{"code_uai":"0910625K","num_siret":19910625300016,"code_academie":"025","academie":"Versailles","dep":"91","sigle_uai":"LGT","nature_uai":"lyc\u00e9e d'enseignement g\u00e9n\u00e9ral et technologique","patronyme":"ROSA-PARKS","nom_etablissement":"Lyc\u00e9e g\u00e9n\u00e9ral et technologique Rosa Parks","statut":"public","contrat_etablissement":null,"adresse_postale":"2 place DE L EUROPE","code_postal":"91230","code_insee":"91421","libelle":"Montgeron","telephone":"0169035336","fax":"0169032131","site_web":"http:\/\/www.lyc-rosaparks-montgeron.ac-versailles.fr\/","mail":"ce.0910625K@ac-versailles.fr","ministere_tutelle":"\u00c9ducation nationale","internat":null,"annee_construction":"1830","date_maj":"2026-01-14"}},{"type":"Feature","geometry":{"type":"Point","coordinates":[2.52372351610206,48.699103606752416]},"properties":{"code_uai":"0911927A","num_siret":19911927200011,"code_academie":"025","academie":"Versailles","dep":"91","sigle_uai":"LGT","nature_uai":"lyc\u00e9e d'enseignement g\u00e9n\u00e9ral et technologique","patronyme":"MAURICE-ELIOT","nom_etablissement":"Lyc\u00e9e g\u00e9n\u00e9ral et technologique Maurice Eliot","statut":"public","contrat_etablissement":null,"adresse_postale":"Rue de Provence","code_postal":"91860","code_insee":"91215","libelle":"\u00c9pinay-sous-S\u00e9nart","telephone":"0160471907","fax":"0169437383","site_web":"http:\/\/www.lyc-eliot-epinay-senart.ac-versailles.fr\/","mail":"ce.0911927A@ac-versailles.fr","ministere_tutelle":"\u00c9ducation nationale","internat":null,"annee_construction":"1969","date_maj":"2026-03-12"}},{"type":"Feature","geometry":{"type":"Point","coordinates":[2.5770936432589657,48.596423943238705]},"properties":{"code_uai":"0772188K","num_siret":19772188900016,"code_academie":"024","academie":"Cr\u00e9teil","dep":"77","sigle_uai":"LGT","nature_uai":"lyc\u00e9e d'enseignement g\u00e9n\u00e9ral et technologique","patronyme":"PIERRE-MEND\u00c8S-FRANCE","nom_etablissement":"Lyc\u00e9e g\u00e9n\u00e9ral et technologique Pierre Mend\u00e8s France","statut":"public","contrat_etablissement":null,"adresse_postale":"11 avenue de l'Europe","code_postal":"77176","code_insee":"77445","libelle":"Savigny-le-Temple","telephone":"0164410920","fax":"0160630919","site_web":null,"mail":"ce.0772188K@ac-creteil.fr","ministere_tutelle":"\u00c9ducation nationale","internat":null,"annee_construction":"1988","date_maj":"2026-03-12"}},{"type":"Feature","geometry":{"type":"Point","coordinates":[2.326914950429712,48.94096986852866]},"properties":{"code_uai":"0921594H","num_siret":19921594800019,"code_academie":"025","academie":"Versailles","dep":"92","sigle_uai":"LGT","nature_uai":"lyc\u00e9e d'enseignement g\u00e9n\u00e9ral et technologique","patronyme":"MICHEL-ANGE","nom_etablissement":"Lyc\u00e9e g\u00e9n\u00e9ral et technologique Michel Ange","statut":"public","contrat_etablissement":null,"adresse_postale":"2 avenue Georges Pompidou","code_postal":"92390","code_insee":"92078","libelle":"Villeneuve-la-Garenne","telephone":"0141476770","fax":"0147923230","site_web":"https:\/\/lyceemichelangevlg.wixsite.com\/lyceemichelangevlg","mail":"ce.0921594H@ac-versailles.fr","ministere_tutelle":"\u00c9ducation nationale","internat":null,"annee_construction":"2008","date_maj":"2026-03-12"}},{"type":"Feature","geometry":{"type":"Point","coordinates":[2.648902400842065,48.83952918117187]},"properties":{"code_uai":"0772294A","num_siret":19772294500031,"code_academie":"024","academie":"Cr\u00e9teil","dep":"77","sigle_uai":"LGT","nature_uai":"lyc\u00e9e d'enseignement g\u00e9n\u00e9ral et technologique","patronyme":"EMILY-BRONT\u00cb","nom_etablissement":"Lyc\u00e9e g\u00e9n\u00e9ral et technologique Emily Bront\u00eb","statut":"public","contrat_etablissement":null,"adresse_postale":"1 ESPLANADE FRANCOIS MITTERAND","code_postal":"77185","code_insee":"77258","libelle":"Lognes","telephone":"0160370415","fax":"0164620913","site_web":"https:\/\/www.lyceebrontelognes.websco.fr\/index.php","mail":"ce.0772294A@ac-creteil.fr","ministere_tutelle":"\u00c9ducation nationale","internat":null,"annee_construction":"2019","date_maj":"2026-03-12"}},{"type":"Feature","geometry":{"type":"Point","coordinates":[2.384384486151566,48.95551878516793]},"properties":{"code_uai":"0932654E","num_siret":78563812300048,"code_academie":"024","academie":"Cr\u00e9teil","dep":"93","sigle_uai":"LG PR","nature_uai":"lyc\u00e9e d'enseignement g\u00e9n\u00e9ral","patronyme":"SAINTE-MARIE","nom_etablissement":"Lyc\u00e9e g\u00e9n\u00e9ral priv\u00e9 Sainte Marie","statut":"priv\u00e9","contrat_etablissement":"lyc\u00e9e priv\u00e9 sous contrat \u00c9ducation nationale","adresse_postale":"7 rue Jean Chardavoine","code_postal":"93240","code_insee":"93072","libelle":"Stains","telephone":"0148266744","fax":null,"site_web":null,"mail":"ce.0932654e@ac-creteil.fr","ministere_tutelle":"\u00c9ducation nationale","internat":null,"annee_construction":null,"date_maj":"2026-03-12"}},{"type":"Feature","geometry":{"type":"Point","coordinates":[2.493739822965016,48.93507748170272]},"properties":{"code_uai":"0930961P","num_siret":33525992500030,"code_academie":"024","academie":"Cr\u00e9teil","dep":"93","sigle_uai":"LG PR","nature_uai":"lyc\u00e9e d'enseignement g\u00e9n\u00e9ral","patronyme":"ESPERANCE (L')","nom_etablissement":"Lyc\u00e9e g\u00e9n\u00e9ral priv\u00e9 Esp\u00e9rance","statut":"priv\u00e9","contrat_etablissement":"lyc\u00e9e priv\u00e9 sous contrat \u00c9ducation nationale","adresse_postale":"35 avenue Anatole France","code_postal":"93600","code_insee":"93005","libelle":"Aulnay-sous-Bois","telephone":"0148198910","fax":null,"site_web":null,"mail":"ce.0930961p@ac-creteil.fr","ministere_tutelle":"\u00c9ducation nationale","internat":null,"annee_construction":null,"date_maj":"2026-03-12"}},{"type":"Feature","geometry":{"type":"Point","coordinates":[2.3915084460464024,48.84675109836026]},"properties":{"code_uai":"0750784V","num_siret":19750784100017,"code_academie":"001","academie":"Paris","dep":"75","sigle_uai":"LP","nature_uai":"lyc\u00e9e professionnel","patronyme":"METIERS-DE-L'AMEUBLEMENT","nom_etablissement":"Lyc\u00e9e professionnel M\u00e9tiers de l'Ameublement","statut":"public","contrat_etablissement":null,"adresse_postale":"9 rue PIERRE BOURDAN","code_postal":"75012","code_insee":"75112","libelle":"Paris 12e Arrondissement","telephone":"0144676967","fax":"0143714207","site_web":"http:\/\/www.ecole-boulle.org\/","mail":"ce.0750784V@ac-paris.fr","ministere_tutelle":"\u00c9ducation nationale","internat":null,"annee_construction":"1886","date_maj":"2026-01-27"}},{"type":"Feature","geometry":{"type":"Point","coordinates":[2.448567030724825,48.8496097281551]},"properties":{"code_uai":"0942531R","num_siret":20010063400027,"code_academie":"024","academie":"Cr\u00e9teil","dep":"94","sigle_uai":"LPO","nature_uai":"lyc\u00e9e polyvalent","patronyme":"NOUVEAU LYC\u00c9E DE VINCENNES","nom_etablissement":"Nouveau Lyc\u00e9e de Vincennes","statut":"public","contrat_etablissement":null,"adresse_postale":"106 rue de la Jarry","code_postal":"94300","code_insee":"94080","libelle":"Vincennes","telephone":"01 43 74 19 65","fax":null,"site_web":null,"mail":"ce.0942531R@ac-creteil.fr","ministere_tutelle":"\u00c9ducation nationale","internat":null,"annee_construction":"2024","date_maj":"2026-01-13"}},{"type":"Feature","geometry":{"type":"Point","coordinates":[2.468681946930074,48.94360563734647]},"properties":{"code_uai":"0932118X","num_siret":19931205900017,"code_academie":"024","academie":"Cr\u00e9teil","dep":"93","sigle_uai":"LPO","nature_uai":"lyc\u00e9e polyvalent","patronyme":"JEAN-MOULIN","nom_etablissement":"Lyc\u00e9e polyvalent Jean Moulin","statut":"public","contrat_etablissement":null,"adresse_postale":"2 avenue Charles de Gaulle","code_postal":"93150","code_insee":"93007","libelle":"Le Blanc-Mesnil","telephone":"0145919360","fax":"0145919365","site_web":"https:\/\/jeanmoulinlbm.wordpress.com\/","mail":"ce.0932118X@ac-creteil.fr","ministere_tutelle":"\u00c9ducation nationale","internat":null,"annee_construction":"1971","date_maj":"2026-03-04"}},{"type":"Feature","geometry":{"type":"Point","coordinates":[1.683428519424867,48.9650147073426]},"properties":{"code_uai":"0781951X","num_siret":19781951900012,"code_academie":"025","academie":"Versailles","dep":"78","sigle_uai":"LPO","nature_uai":"lyc\u00e9e polyvalent","patronyme":"LEOPOLD-S\u00c9DAR-SENGHOR","nom_etablissement":"Lyc\u00e9e polyvalent Sedar Senghor","statut":"public","contrat_etablissement":null,"adresse_postale":"Place Pierre B\u00e9r\u00e9govoy","code_postal":"78200","code_insee":"78354","libelle":"Magnanville","telephone":"0130983770","fax":"0130983786","site_web":"http:\/\/www.lyc-senghor-magnanville.ac-versailles.fr\/","mail":"ce.0781951X@ac-versailles.fr","ministere_tutelle":"\u00c9ducation nationale","internat":null,"annee_construction":"1993","date_maj":"2026-03-12"}},{"type":"Feature","geometry":{"type":"Point","coordinates":[2.312835433698756,48.609583739539495]},"properties":{"code_uai":"0910975R","num_siret":19910975200014,"code_academie":"025","academie":"Versailles","dep":"91","sigle_uai":"LPO","nature_uai":"lyc\u00e9e polyvalent","patronyme":"JEAN-PIERRE-TIMBAUD","nom_etablissement":"Lyc\u00e9e polyvalent Jean-Pierre Timbaud","statut":"public","contrat_etablissement":null,"adresse_postale":"4 rue Henri Douard","code_postal":"91220","code_insee":"91103","libelle":"Br\u00e9tigny-sur-Orge","telephone":"0160855000","fax":"0160855050","site_web":"http:\/\/www.lyc-timbaud-bretigny.fr\/","mail":"ce.0910975R@ac-versailles.fr","ministere_tutelle":"\u00c9ducation nationale","internat":"Oui","annee_construction":"1970","date_maj":"2026-03-12"}},{"type":"Feature","geometry":{"type":"Point","coordinates":[2.964056166580102,48.6794389507492]},"properties":{"code_uai":"0772295B","num_siret":19772295200011,"code_academie":"024","academie":"Cr\u00e9teil","dep":"77","sigle_uai":"LPO","nature_uai":"lyc\u00e9e polyvalent","patronyme":"TOUR-DES-DAMES (DE LA)","nom_etablissement":"Lyc\u00e9e polyvalent la Tour des Dames","statut":"public","contrat_etablissement":null,"adresse_postale":"Rue DE VILPRES","code_postal":"77540","code_insee":"77393","libelle":"Rozay-en-Brie","telephone":"0164425282","fax":"0164429923","site_web":"https:\/\/www.lyceelatourdesdames.fr\/","mail":"ce.0772295B@ac-creteil.fr","ministere_tutelle":"\u00c9ducation nationale","internat":null,"annee_construction":"1993","date_maj":"2026-03-12"}},{"type":"Feature","geometry":{"type":"Point","coordinates":[2.6163182274782533,48.8407880173237]},"properties":{"code_uai":"0771940R","num_siret":19771940400018,"code_academie":"024","academie":"Cr\u00e9teil","dep":"77","sigle_uai":"LPO","nature_uai":"lyc\u00e9e polyvalent","patronyme":"SIMONE-VEIL","nom_etablissement":"Lyc\u00e9e polyvalent Simone Veil","statut":"public","contrat_etablissement":null,"adresse_postale":"1 avenue Pierre Mend\u00e8s France","code_postal":"77186","code_insee":"77337","libelle":"Noisiel","telephone":"0160375300","fax":"0160375309","site_web":"https:\/\/lyceesimoneveil.fr\/","mail":"ce.0771940R@ac-creteil.fr","ministere_tutelle":"\u00c9ducation nationale","internat":null,"annee_construction":"1981","date_maj":"2026-03-12"}},{"type":"Feature","geometry":{"type":"Point","coordinates":[1.9901027277715995,48.53430077972147]},"properties":{"code_uai":"0912364A","num_siret":20007515800010,"code_academie":"025","academie":"Versailles","dep":"91","sigle_uai":"LPO","nature_uai":"lyc\u00e9e polyvalent","patronyme":"NIKOLA-TESLA","nom_etablissement":"Lyc\u00e9e polyvalent Nikola Tesla","statut":"public","contrat_etablissement":null,"adresse_postale":"15\/21 Chemin DU CHAMP DE COURSES","code_postal":"91410","code_insee":"91200","libelle":"Dourdan","telephone":"0164593900","fax":null,"site_web":"http:\/\/www.lyc-tesla-dourdan.ac-versailles.fr\/","mail":"ce.0912364A@ac-versailles.fr","ministere_tutelle":"\u00c9ducation nationale","internat":null,"annee_construction":null,"date_maj":"2026-03-12"}},{"type":"Feature","geometry":{"type":"Point","coordinates":[2.3550342810074176,48.93281417844132]},"properties":{"code_uai":"0932367T","num_siret":78562097200022,"code_academie":"024","academie":"Cr\u00e9teil","dep":"93","sigle_uai":"SEP PR","nature_uai":"Section d\u2019enseignement professionnel","patronyme":"SAINT-DENIS (La Salle) (SEP)","nom_etablissement":"Section d'Enseignement Professionnel Jean-Baptiste de la Salle","statut":"priv\u00e9","contrat_etablissement":"autres \u00e9tablissements","adresse_postale":"6 place de la R\u00e9sistance","code_postal":"93200","code_insee":"93066","libelle":"Saint-Denis","telephone":"0155874500","fax":null,"site_web":null,"mail":"ce.0932367T@ac-creteil.fr","ministere_tutelle":"\u00c9ducation nationale","internat":null,"annee_construction":null,"date_maj":"2026-03-12"}},{"type":"Feature","geometry":{"type":"Point","coordinates":[2.226673914167511,48.81878618133709]},"properties":{"code_uai":"0920916W","num_siret":34066226100049,"code_academie":"025","academie":"Versailles","dep":"92","sigle_uai":"LGT PR","nature_uai":"lyc\u00e9e d'enseignement g\u00e9n\u00e9ral et technologique","patronyme":"LA-SOURCE","nom_etablissement":"Lyc\u00e9e g\u00e9n\u00e9ral et technologique priv\u00e9 La Source","statut":"priv\u00e9","contrat_etablissement":"lyc\u00e9e priv\u00e9 sous contrat \u00c9ducation nationale","adresse_postale":"11 rue Ernest Renan","code_postal":"92190","code_insee":"92048","libelle":"Meudon","telephone":"0146269988","fax":"0145341161","site_web":null,"mail":"ce.0920916W@ac-versailles.fr","ministere_tutelle":"\u00c9ducation nationale","internat":null,"annee_construction":null,"date_maj":"2026-03-12"}},{"type":"Feature","geometry":{"type":"Point","coordinates":[2.7888436704201047,48.84856810835654]},"properties":{"code_uai":"0772954T","num_siret":null,"code_academie":"024","academie":"Cr\u00e9teil","dep":"77","sigle_uai":"LGT PR","nature_uai":"lyc\u00e9e d'enseignement g\u00e9n\u00e9ral et technologique","patronyme":"SAINT-COLOMBAN","nom_etablissement":"Lyc\u00e9e G\u00e9n\u00e9ral et Technologique priv\u00e9 Saint-Colomban","statut":"priv\u00e9","contrat_etablissement":"lyc\u00e9e priv\u00e9 sous contrat \u00c9ducation nationale","adresse_postale":"2 rue de Malte","code_postal":"77700","code_insee":"77449","libelle":"Serris","telephone":"0164631724","fax":null,"site_web":null,"mail":"ce.0772954T@ac-creteil.fr","ministere_tutelle":"\u00c9ducation nationale","internat":null,"annee_construction":null,"date_maj":"2026-03-12"}},{"type":"Feature","geometry":{"type":"Point","coordinates":[2.2468119715204935,48.8067099120892]},"properties":{"code_uai":"0920981S","num_siret":77568879900078,"code_academie":"025","academie":"Versailles","dep":"92","sigle_uai":"LP PR","nature_uai":"lyc\u00e9e professionnel","patronyme":"SAINT-PHILIPPE (Apprentis d'Auteuil)","nom_etablissement":"Lyc\u00e9e professionnel priv\u00e9 Saint Philippe","statut":"priv\u00e9","contrat_etablissement":"lyc\u00e9e priv\u00e9 sous contrat \u00c9ducation nationale","adresse_postale":"1 rue du P\u00e8re Brottier","code_postal":"92190","code_insee":"92048","libelle":"Meudon","telephone":"0146236208","fax":"0146236272","site_web":null,"mail":"ce.0920981S@ac-versailles.fr","ministere_tutelle":"\u00c9ducation nationale","internat":null,"annee_construction":null,"date_maj":"2026-03-12"}},{"type":"Feature","geometry":{"type":"Point","coordinates":[2.307843373633904,48.8844772461129]},"properties":{"code_uai":"0750704H","num_siret":19750704900017,"code_academie":"001","academie":"Paris","dep":"75","sigle_uai":"LG","nature_uai":"lyc\u00e9e d'enseignement g\u00e9n\u00e9ral","patronyme":"CARNOT","nom_etablissement":"Lyc\u00e9e g\u00e9n\u00e9ral Carnot","statut":"public","contrat_etablissement":null,"adresse_postale":"145 BOULEVARD MALESHERBES","code_postal":"75017","code_insee":"75117","libelle":"Paris 17e Arrondissement","telephone":"0156213636","fax":"0156213637","site_web":"https:\/\/www.ac-paris.fr\/serail\/jcms\/s1_107921\/accueil","mail":"ce.0750704H@ac-paris.fr","ministere_tutelle":"\u00c9ducation nationale","internat":null,"annee_construction":"1877","date_maj":"2026-01-21"}},{"type":"Feature","geometry":{"type":"Point","coordinates":[2.4091788098407485,48.83984177110137]},"properties":{"code_uai":"0750679F","num_siret":19750679300011,"code_academie":"001","academie":"Paris","dep":"75","sigle_uai":"LG","nature_uai":"lyc\u00e9e d'enseignement g\u00e9n\u00e9ral","patronyme":"PAUL-VALERY","nom_etablissement":"Lyc\u00e9e g\u00e9n\u00e9ral et technologique Paul Val\u00e9ry","statut":"public","contrat_etablissement":null,"adresse_postale":"38 boulevard SOULT","code_postal":"75012","code_insee":"75112","libelle":"Paris 12e Arrondissement","telephone":"0144756770","fax":"0143438413","site_web":"https:\/\/www.ac-paris.fr\/serail\/jcms\/s2_1627631\/fr\/cite-scolaire-paul-valery","mail":"ce.0750679F@ac-paris.fr","ministere_tutelle":"\u00c9ducation nationale","internat":null,"annee_construction":"1970","date_maj":"2026-01-20"}},{"type":"Feature","geometry":{"type":"Point","coordinates":[2.3348315716616432,48.844236978189386]},"properties":{"code_uai":"0750657G","num_siret":19750657900014,"code_academie":"001","academie":"Paris","dep":"75","sigle_uai":"LG","nature_uai":"lyc\u00e9e d'enseignement g\u00e9n\u00e9ral","patronyme":"MONTAIGNE","nom_etablissement":"Lyc\u00e9e g\u00e9n\u00e9ral Montaigne","statut":"public","contrat_etablissement":null,"adresse_postale":"17 RUE AUGUSTE COMTE","code_postal":"75006","code_insee":"75106","libelle":"Paris 6e Arrondissement","telephone":"0144418323","fax":"0146331005","site_web":"http:\/\/www.montaigne-paris.fr\/","mail":"ce.0750657G@ac-paris.fr","ministere_tutelle":"\u00c9ducation nationale","internat":null,"annee_construction":"1885","date_maj":"2026-01-19"}},{"type":"Feature","geometry":{"type":"Point","coordinates":[2.3159458444670573,48.88108476206447]},"properties":{"code_uai":"0754037F","num_siret":78435349200019,"code_academie":"001","academie":"Paris","dep":"75","sigle_uai":"LT PR","nature_uai":"lyc\u00e9e d'enseignement technologique","patronyme":"FENELON-SAINTE-MARIE-LA-PLAINE-MONCEAU","nom_etablissement":"Lyc\u00e9e technologique priv\u00e9 Fenelon Sup La Plaine Monceau","statut":"priv\u00e9","contrat_etablissement":"lyc\u00e9e priv\u00e9 sous contrat \u00c9ducation nationale","adresse_postale":"9 boulevard de Courcelles","code_postal":"75008","code_insee":"75108","libelle":"Paris 8e Arrondissement","telephone":"0143875405","fax":"0143876166","site_web":"http:\/\/www.plaine-monceau.fr\/","mail":"ce.0754037F@ac-paris.fr","ministere_tutelle":"\u00c9ducation nationale","internat":null,"annee_construction":null,"date_maj":"2026-03-12"}},{"type":"Feature","geometry":{"type":"Point","coordinates":[2.116900033641266,49.039124824601416]},"properties":{"code_uai":"0951728M","num_siret":19951728500029,"code_academie":"025","academie":"Versailles","dep":"95","sigle_uai":"LPO","nature_uai":"lyc\u00e9e polyvalent","patronyme":"EDMOND-ROSTAND","nom_etablissement":"Lyc\u00e9e polyvalent Edmond Rostand","statut":"public","contrat_etablissement":null,"adresse_postale":"75 rue de Paris","code_postal":"95310","code_insee":"95572","libelle":"Saint-Ouen-l'Aum\u00f4ne","telephone":"0134485730","fax":"0134485732","site_web":"http:\/\/www.lyc-rostand-st-ouen.ac-versailles.fr\/","mail":"ce.0951728M@ac-versailles.fr","ministere_tutelle":"\u00c9ducation nationale","internat":null,"annee_construction":"1991","date_maj":"2026-03-12"}},{"type":"Feature","geometry":{"type":"Point","coordinates":[2.3068998920632153,48.90905297767566]},"properties":{"code_uai":"0920136Y","num_siret":19920136900014,"code_academie":"025","academie":"Versailles","dep":"92","sigle_uai":"LPO","nature_uai":"lyc\u00e9e polyvalent","patronyme":"NEWTON-ENREA","nom_etablissement":"Lyc\u00e9e polyvalent Newton-Enrea","statut":"public","contrat_etablissement":null,"adresse_postale":"1 PLACE JULES VERNE","code_postal":"92110","code_insee":"92024","libelle":"Clichy","telephone":"0141067878","fax":"0147379032","site_web":"https:\/\/www.lycee-newton.fr\/","mail":"ce.0920136Y@ac-versailles.fr","ministere_tutelle":"\u00c9ducation nationale","internat":"Oui","annee_construction":"1941","date_maj":"2026-01-16"}},{"type":"Feature","geometry":{"type":"Point","coordinates":[2.3430363196319313,48.841496988667906]},"properties":{"code_uai":"0750463W","num_siret":19750463200013,"code_academie":"001","academie":"Paris","dep":"75","sigle_uai":"LPO","nature_uai":"lyc\u00e9e polyvalent","patronyme":"LUCAS-DE-NEHOU","nom_etablissement":"Ecole du Verre de Paris - Lucas de Nehou Lyc\u00e9e Polyvalent des M\u00e9tiers d'Art","statut":"public","contrat_etablissement":null,"adresse_postale":"4 rue des Feuillantines","code_postal":"75005","code_insee":"75105","libelle":"Paris 5e Arrondissement","telephone":"0156812590","fax":"0156812595","site_web":"https:\/\/www.ac-paris.fr\/serail\/jcms\/s1_1879563\/fr\/cfa","mail":"ce.0750463W@ac-paris.fr","ministere_tutelle":"\u00c9ducation nationale","internat":null,"annee_construction":"1880","date_maj":"2026-03-12"}},{"type":"Feature","geometry":{"type":"Point","coordinates":[1.6966592625740586,48.997956370212556]},"properties":{"code_uai":"0782540M","num_siret":19782540900018,"code_academie":"025","academie":"Versailles","dep":"78","sigle_uai":"LPO","nature_uai":"lyc\u00e9e polyvalent","patronyme":"JEAN-ROSTAND","nom_etablissement":"Lyc\u00e9e polyvalent Jean Rostand","statut":"public","contrat_etablissement":null,"adresse_postale":"66 rue Fernand Bodet","code_postal":"78200","code_insee":"78361","libelle":"Mantes-la-Jolie","telephone":"0130940921","fax":"0130334450","site_web":"http:\/\/www.lyc-rostand-mantes.ac-versailles.fr\/","mail":"ce.0782540M@ac-versailles.fr","ministere_tutelle":"\u00c9ducation nationale","internat":null,"annee_construction":"1967","date_maj":"2026-03-12"}},{"type":"Feature","geometry":{"type":"Point","coordinates":[2.40950407477151,48.83662726267463]},"properties":{"code_uai":"0750677D","num_siret":19750677700014,"code_academie":"001","academie":"Paris","dep":"75","sigle_uai":"LPO","nature_uai":"lyc\u00e9e polyvalent","patronyme":"ELISA-LEMONNIER","nom_etablissement":"Lyc\u00e9e polyvalent Elisa Lemonnier","statut":"public","contrat_etablissement":null,"adresse_postale":"20 avenue Armand Rousseau","code_postal":"75012","code_insee":"75112","libelle":"Paris 12e Arrondissement","telephone":"0143458221","fax":"0143454499","site_web":"http:\/\/www.elisa-lemonnier.fr\/","mail":"ce.0750677D@ac-paris.fr","ministere_tutelle":"\u00c9ducation nationale","internat":null,"annee_construction":null,"date_maj":"2026-03-12"}},{"type":"Feature","geometry":{"type":"Point","coordinates":[2.5119401789125138,48.795848462976586]},"properties":{"code_uai":"0940122X","num_siret":19940122500016,"code_academie":"024","academie":"Cr\u00e9teil","dep":"94","sigle_uai":"LPO","nature_uai":"lyc\u00e9e polyvalent","patronyme":"CONDORCET","nom_etablissement":"Lyc\u00e9e polyvalent Condorcet","statut":"public","contrat_etablissement":null,"adresse_postale":"1 avenue Condorcet","code_postal":"94214","code_insee":"94068","libelle":"Saint-Maur-des-Foss\u00e9s","telephone":"0149761576","fax":null,"site_web":"http:\/\/www.lycee-condorcet.com\/p\/index.html","mail":"ce.0940122X@ac-creteil.fr","ministere_tutelle":"\u00c9ducation nationale","internat":null,"annee_construction":"1990","date_maj":"2026-03-12"}},{"type":"Feature","geometry":{"type":"Point","coordinates":[2.4711703520991506,48.76974261722545]},"properties":{"code_uai":"0941930M","num_siret":19941930000025,"code_academie":"024","academie":"Cr\u00e9teil","dep":"94","sigle_uai":"LPO","nature_uai":"lyc\u00e9e polyvalent","patronyme":"GUTENBERG","nom_etablissement":"Lyc\u00e9e polyvalent Gutenberg","statut":"public","contrat_etablissement":null,"adresse_postale":"16 rue de Saussure","code_postal":"94000","code_insee":"94028","libelle":"Cr\u00e9teil","telephone":"0145132680","fax":null,"site_web":"http:\/\/lycee-gutenberg-creteil.fr\/","mail":"ce.0941930M@ac-creteil.fr","ministere_tutelle":"\u00c9ducation nationale","internat":null,"annee_construction":"1992","date_maj":"2026-03-12"}},{"type":"Feature","geometry":{"type":"Point","coordinates":[2.508872238357299,48.833681465754296]},"properties":{"code_uai":"0940119U","num_siret":19940119100010,"code_academie":"024","academie":"Cr\u00e9teil","dep":"94","sigle_uai":"LPO","nature_uai":"lyc\u00e9e polyvalent","patronyme":"PAUL-DOUMER","nom_etablissement":"Lyc\u00e9e polyvalent Paul Doumer","statut":"public","contrat_etablissement":null,"adresse_postale":"2 rue PAUL DOUMER","code_postal":"94170","code_insee":"94058","libelle":"Le Perreux-sur-Marne","telephone":"0143240580","fax":"0148714164","site_web":"http:\/\/www.lyceepauldoumer94.fr\/","mail":"ce.0940119U@ac-creteil.fr","ministere_tutelle":"\u00c9ducation nationale","internat":null,"annee_construction":"1937","date_maj":"2026-01-23"}},{"type":"Feature","geometry":{"type":"Point","coordinates":[2.5160126332917607,48.91828460658835]},"properties":{"code_uai":"0932120Z","num_siret":19932120900017,"code_academie":"024","academie":"Cr\u00e9teil","dep":"93","sigle_uai":"LPO","nature_uai":"lyc\u00e9e polyvalent","patronyme":"HENRI-SELLIER","nom_etablissement":"Lyc\u00e9e polyvalent Henri Sellier","statut":"public","contrat_etablissement":null,"adresse_postale":"73 avenue DU COLONEL FABIEN","code_postal":"93190","code_insee":"93046","libelle":"Livry-Gargan","telephone":"0141707150","fax":"0141707155","site_web":"http:\/\/www.lycee-henri-sellier.fr\/","mail":"ce.0932120Z@ac-creteil.fr","ministere_tutelle":"\u00c9ducation nationale","internat":null,"annee_construction":"1970","date_maj":"2026-03-12"}},{"type":"Feature","geometry":{"type":"Point","coordinates":[2.668843018556321,49.048625372566065]},"properties":{"code_uai":"0772228D","num_siret":19772228300011,"code_academie":"024","academie":"Cr\u00e9teil","dep":"77","sigle_uai":"LPO","nature_uai":"lyc\u00e9e polyvalent","patronyme":"CHARLES-DE-GAULLE","nom_etablissement":"Lyc\u00e9e polyvalent Charles de Gaulle","statut":"public","contrat_etablissement":null,"adresse_postale":"6 place JEAN MERMOZ","code_postal":"77230","code_insee":"77259","libelle":"Longperrier","telephone":"0176603520","fax":"0164025654","site_web":"http:\/\/cdg-longperrier.fr\/","mail":"ce.0772228D@ac-creteil.fr","ministere_tutelle":"\u00c9ducation nationale","internat":null,"annee_construction":"1989","date_maj":"2026-03-12"}},{"type":"Feature","geometry":{"type":"Point","coordinates":[2.2589928425040298,48.895479600061066]},"properties":{"code_uai":"0921625S","num_siret":19921625000019,"code_academie":"025","academie":"Versailles","dep":"92","sigle_uai":"LP LYC METIER","nature_uai":"lyc\u00e9e professionnel","patronyme":"PAUL-PAINLEV\u00c9","nom_etablissement":"Lyc\u00e9e professionnel Paul Painlev\u00e9, lyc\u00e9e des m\u00e9tiers du commerce, de la communication et de la gestion","statut":"public","contrat_etablissement":null,"adresse_postale":"5 rue de la Montagne","code_postal":"92400","code_insee":"92026","libelle":"Courbevoie","telephone":"0146919680","fax":"0146919685","site_web":"http:\/\/www.lyc-painleve-courbevoie.ac-versailles.fr\/","mail":"ce.0921625S@ac-versailles.fr","ministere_tutelle":"\u00c9ducation nationale","internat":null,"annee_construction":"1975","date_maj":"2026-03-12"}},{"type":"Feature","geometry":{"type":"Point","coordinates":[2.2303926832131507,48.874293314835064]},"properties":{"code_uai":"0920171L","num_siret":19920171600016,"code_academie":"025","academie":"Versailles","dep":"92","sigle_uai":"LP LYC METIER","nature_uai":"lyc\u00e9e professionnel","patronyme":"LOUIS-BL\u00c9RIOT","nom_etablissement":"Lyc\u00e9e professionnel Louis Bl\u00e9riot, lyc\u00e9e des m\u00e9tiers des \u00e9nergies","statut":"public","contrat_etablissement":null,"adresse_postale":"67 rue de Verdun","code_postal":"92150","code_insee":"92073","libelle":"Suresnes","telephone":"0145062136","fax":"0140990229","site_web":"http:\/\/www.lyc-bleriot-suresnes.ac-versailles.fr\/","mail":"ce.0920171L@ac-versailles.fr","ministere_tutelle":"\u00c9ducation nationale","internat":null,"annee_construction":null,"date_maj":"2026-03-12"}},{"type":"Feature","geometry":{"type":"Point","coordinates":[2.54211943265557,48.88765281024767]},"properties":{"code_uai":"0931233K","num_siret":19931233100010,"code_academie":"024","academie":"Cr\u00e9teil","dep":"93","sigle_uai":"LP LYC METIER","nature_uai":"lyc\u00e9e professionnel","patronyme":"JEAN-BAPTISTE-CL\u00c9MENT","nom_etablissement":"Lyc\u00e9e professionnel Jean-Baptiste Cl\u00e9ment - Lyc\u00e9e des m\u00e9tiers de la vente et du commerce","statut":"public","contrat_etablissement":null,"adresse_postale":"25 rue DES TROIS NOYERS","code_postal":"93220","code_insee":"93032","libelle":"Gagny","telephone":"0143025551","fax":"0143025863","site_web":"http:\/\/www.jbc.free.fr\/","mail":"ce.0931233K@ac-creteil.fr","ministere_tutelle":"\u00c9ducation nationale","internat":null,"annee_construction":"1970","date_maj":"2026-03-12"}},{"type":"Feature","geometry":{"type":"Point","coordinates":[2.4160461041635037,49.004577115607425]},"properties":{"code_uai":"0951090U","num_siret":19951090000012,"code_academie":"025","academie":"Versailles","dep":"95","sigle_uai":"LPO LYC METIER","nature_uai":"lyc\u00e9e polyvalent","patronyme":"PIERRE-MEND\u00c8S-FRANCE","nom_etablissement":"Lyc\u00e9e polyvalent Pierre Mend\u00e8s France, lyc\u00e9e des m\u00e9tiers de l'\u00e9co-construction et du b\u00e2timent","statut":"public","contrat_etablissement":null,"adresse_postale":"1 rue de Goussainville","code_postal":"95400","code_insee":"95680","libelle":"Villiers-le-Bel","telephone":"0134383100","fax":"0134383110","site_web":"http:\/\/www.lyc-pmf-villiers.ac-versailles.fr\/","mail":"ce.0951090U@ac-versailles.fr","ministere_tutelle":"\u00c9ducation nationale","internat":null,"annee_construction":"1976","date_maj":"2026-03-12"}},{"type":"Feature","geometry":{"type":"Point","coordinates":[2.3037489856625255,48.880752743914954]},"properties":{"code_uai":"0750708M","num_siret":1975070800012,"code_academie":"001","academie":"Paris","dep":"75","sigle_uai":"LPO LYC METIER","nature_uai":"lyc\u00e9e polyvalent","patronyme":"JEAN-DROUANT","nom_etablissement":"Lyc\u00e9e Polyvalent Jean Drouant","statut":"public","contrat_etablissement":null,"adresse_postale":"20 rue MEDERIC","code_postal":"75017","code_insee":"75117","libelle":"Paris 17e Arrondissement","telephone":"0156210101","fax":"0156210119","site_web":"http:\/\/www.lyceejeandrouant.fr\/","mail":"ce.0750708M@ac-paris.fr","ministere_tutelle":"\u00c9ducation nationale","internat":null,"annee_construction":"1936","date_maj":"2026-02-20"}},{"type":"Feature","geometry":{"type":"Point","coordinates":[2.1602500827567113,48.94279676396546]},"properties":{"code_uai":"0783431F","num_siret":19782599500016,"code_academie":"025","academie":"Versailles","dep":"78","sigle_uai":"LPO LYC METIER","nature_uai":"lyc\u00e9e polyvalent","patronyme":"JULES-VERNE","nom_etablissement":"Lyc\u00e9e polyvalent Jules Verne, lyc\u00e9e des m\u00e9tiers de la s\u00e9curit\u00e9, des arts et du spectacle","statut":"public","contrat_etablissement":null,"adresse_postale":"2 rue de la Constituante","code_postal":"78500","code_insee":"78586","libelle":"Sartrouville","telephone":"0161041300","fax":"0161041329","site_web":"http:\/\/www.lyc-verne-sartrouville.ac-versailles.fr\/","mail":"ce.0783431F@ac-versailles.fr","ministere_tutelle":"\u00c9ducation nationale","internat":null,"annee_construction":null,"date_maj":"2026-03-12"}},{"type":"Feature","geometry":{"type":"Point","coordinates":[1.7824014864829185,48.80231030919783]},"properties":{"code_uai":"0781839A","num_siret":19781839600016,"code_academie":"025","academie":"Versailles","dep":"78","sigle_uai":"LPO LYC METIER","nature_uai":"lyc\u00e9e polyvalent","patronyme":"JEAN-MONNET","nom_etablissement":"Lyc\u00e9e polyvalent Jean Monnet - Lyc\u00e9e des m\u00e9tiers de la relation client et de la gestion","statut":"public","contrat_etablissement":null,"adresse_postale":"Place de l'Europe","code_postal":"78940","code_insee":"78513","libelle":"La Queue-les-Yvelines","telephone":"0134866670","fax":"0134866699","site_web":"http:\/\/www.lyc-monnet-lqly.ac-versailles.fr\/","mail":"ce.0781839A@ac-versailles.fr","ministere_tutelle":"\u00c9ducation nationale","internat":null,"annee_construction":"1988","date_maj":"2026-03-12"}},{"type":"Feature","geometry":{"type":"Point","coordinates":[2.778926580285108,48.85680242516287]},"properties":{"code_uai":"0772688D","num_siret":20000302800038,"code_academie":"024","academie":"Cr\u00e9teil","dep":"77","sigle_uai":"LPO LYC METIER","nature_uai":"lyc\u00e9e polyvalent","patronyme":"\u00c9MILIE-DU-CH\u00c2TELET","nom_etablissement":"Lyc\u00e9e polyvalent Emilie du Ch\u00e2telet - Lyc\u00e9e des m\u00e9tiers de l'h\u00f4tellerie et de la restauration","statut":"public","contrat_etablissement":null,"adresse_postale":"35 cours du Danube","code_postal":"77700","code_insee":"77449","libelle":"Serris","telephone":"0164630636","fax":null,"site_web":"http:\/\/www.lycee-edc.com\/","mail":"ce.0772688D@ac-creteil.fr","ministere_tutelle":"\u00c9ducation nationale","internat":"Oui","annee_construction":"2010","date_maj":"2026-03-23"}},{"type":"Feature","geometry":{"type":"Point","coordinates":[2.377952143775689,48.80923063748388]},"properties":{"code_uai":"0941972H","num_siret":19941972200020,"code_academie":"024","academie":"Cr\u00e9teil","dep":"94","sigle_uai":"LPO LYC METIER","nature_uai":"lyc\u00e9e polyvalent","patronyme":"FERNAND-L\u00c9GER","nom_etablissement":"Lyc\u00e9e polyvalent Fernand L\u00e9ger - Lyc\u00e9e des m\u00e9tiers de la maintenance et de l'apr\u00e8s-vente automobiles","statut":"public","contrat_etablissement":null,"adresse_postale":"15 avenue Henri Barbusse","code_postal":"94200","code_insee":"94041","libelle":"Ivry-sur-Seine","telephone":"0146701260","fax":null,"site_web":"http:\/\/www.lyceefleger.fr\/","mail":"ce.0941972H@ac-creteil.fr","ministere_tutelle":"\u00c9ducation nationale","internat":null,"annee_construction":"1993","date_maj":"2026-03-12"}},{"type":"Feature","geometry":{"type":"Point","coordinates":[2.5736285046437746,48.96688565446974]},"properties":{"code_uai":"0932046U","num_siret":19932046600014,"code_academie":"024","academie":"Cr\u00e9teil","dep":"93","sigle_uai":"LPO LYC METIER","nature_uai":"lyc\u00e9e polyvalent","patronyme":"L\u00c9ONARD-DE-VINCI","nom_etablissement":"Lyc\u00e9e polyvalent L\u00e9onard de Vinci - Lyc\u00e9e des m\u00e9tiers du management, du transport et de la relation client","statut":"public","contrat_etablissement":null,"adresse_postale":"115 route DES PETITS PONTS","code_postal":"93290","code_insee":"93073","libelle":"Tremblay-en-France","telephone":"0141511920","fax":"0148619967","site_web":"http:\/\/lyc-vinci-tremblay-en-france.ac-creteil.fr\/intranet\/","mail":"ce.0932046U@ac-creteil.fr","ministere_tutelle":"\u00c9ducation nationale","internat":null,"annee_construction":"1991","date_maj":"2026-03-12"}},{"type":"Feature","geometry":{"type":"Point","coordinates":[2.32249811435184,48.899405330130904]},"properties":{"code_uai":"0755537L","num_siret":31811157200042,"code_academie":"001","academie":"Paris","dep":"75","sigle_uai":"LGT PR","nature_uai":"lyc\u00e9e d'enseignement g\u00e9n\u00e9ral et technologique","patronyme":"GROUPE-SCOLAIRE-ALLIANCE-RACHI","nom_etablissement":"Lyc\u00e9e Priv\u00e9 RACHI","statut":"priv\u00e9","contrat_etablissement":"lyc\u00e9e priv\u00e9 sous contrat \u00c9ducation nationale","adresse_postale":"2-6 rue Emile Borel","code_postal":"75017","code_insee":"75117","libelle":"Paris 17e Arrondissement","telephone":"0170087510","fax":"0158591549","site_web":"http:\/\/www.gastontenoudji.fr\/ecole","mail":"ce.0755537l@ac-paris.fr","ministere_tutelle":"\u00c9ducation nationale","internat":null,"annee_construction":null,"date_maj":"2026-03-12"}},{"type":"Feature","geometry":{"type":"Point","coordinates":[2.431686502445798,48.850012788351584]},"properties":{"code_uai":"0940822H","num_siret":30861967500025,"code_academie":"024","academie":"Cr\u00e9teil","dep":"94","sigle_uai":"LGT PR","nature_uai":"lyc\u00e9e d'enseignement g\u00e9n\u00e9ral et technologique","patronyme":"BATIMENT-ET-TRAVAUX-PUBLICS (Ledoux)","nom_etablissement":"Lyc\u00e9e g\u00e9n\u00e9ral et technologique Claude-Nicolas Ledoux-EBTP","statut":"priv\u00e9","contrat_etablissement":"lyc\u00e9e priv\u00e9 sous contrat \u00c9ducation nationale","adresse_postale":"30 rue de la Paix","code_postal":"94307","code_insee":"94080","libelle":"Vincennes","telephone":"0148081121","fax":null,"site_web":null,"mail":"ce.0940822H@ac-creteil.fr","ministere_tutelle":"\u00c9ducation nationale","internat":null,"annee_construction":null,"date_maj":"2026-03-12"}},{"type":"Feature","geometry":{"type":"Point","coordinates":[2.462664279836746,48.7945218364921]},"properties":{"code_uai":"0942354Y","num_siret":78574059800053,"code_academie":"024","academie":"Cr\u00e9teil","dep":"94","sigle_uai":"LGT PR","nature_uai":"lyc\u00e9e d'enseignement g\u00e9n\u00e9ral et technologique","patronyme":"ENSEMBLE-SAINTE-MARIE","nom_etablissement":"LGT Ensemble Sainte Marie","statut":"priv\u00e9","contrat_etablissement":"lyc\u00e9e priv\u00e9 sous contrat \u00c9ducation nationale","adresse_postale":"22 avenue de Verdun","code_postal":"94000","code_insee":"94028","libelle":"Cr\u00e9teil","telephone":"0145172170","fax":null,"site_web":"www.ensemblesaintemarie.fr","mail":"ce.0942354y@ac-creteil.fr","ministere_tutelle":"\u00c9ducation nationale","internat":null,"annee_construction":null,"date_maj":"2026-03-12"}},{"type":"Feature","geometry":{"type":"Point","coordinates":[2.4216977518899667,48.76366534654903]},"properties":{"code_uai":"0941232D","num_siret":19941232100010,"code_academie":"024","academie":"Cr\u00e9teil","dep":"94","sigle_uai":"LP","nature_uai":"lyc\u00e9e professionnel","patronyme":"JEAN-MAC\u00c9","nom_etablissement":"Lyc\u00e9e professionnel Jean Mac\u00e9","statut":"public","contrat_etablissement":null,"adresse_postale":"103 rue Mirabeau","code_postal":"94600","code_insee":"94022","libelle":"Choisy-le-Roi","telephone":"0148909619","fax":null,"site_web":"https:\/\/lpjeanmace.wordpress.com\/","mail":"ce.0941232D@ac-creteil.fr","ministere_tutelle":"\u00c9ducation nationale","internat":null,"annee_construction":"1971","date_maj":"2026-03-12"}},{"type":"Feature","geometry":{"type":"Point","coordinates":[2.246926963990742,48.58644961019987]},"properties":{"code_uai":"0911961M","num_siret":19911961100010,"code_academie":"025","academie":"Versailles","dep":"91","sigle_uai":"LGT","nature_uai":"lyc\u00e9e d'enseignement g\u00e9n\u00e9ral et technologique","patronyme":"EDMOND-MICHELET","nom_etablissement":"Lyc\u00e9e g\u00e9n\u00e9ral et technologique Edmond Michelet","statut":"public","contrat_etablissement":null,"adresse_postale":"2 boulevard Abel Cornaton","code_postal":"91290","code_insee":"91021","libelle":"Arpajon","telephone":"0160839763","fax":"0160839818","site_web":"http:\/\/www.lyc-michelet-arpajon.ac-versailles.fr\/","mail":"ce.0911961M@ac-versailles.fr","ministere_tutelle":"\u00c9ducation nationale","internat":null,"annee_construction":"1991","date_maj":"2026-03-12"}},{"type":"Feature","geometry":{"type":"Point","coordinates":[2.2970263276882408,48.68660093974844]},"properties":{"code_uai":"0911577V","num_siret":19911577500017,"code_academie":"025","academie":"Versailles","dep":"91","sigle_uai":"LGT","nature_uai":"lyc\u00e9e d'enseignement g\u00e9n\u00e9ral et technologique","patronyme":"JACQUES-PR\u00c9VERT","nom_etablissement":"Lyc\u00e9e g\u00e9n\u00e9ral et technologique Jacques Pr\u00e9vert","statut":"public","contrat_etablissement":null,"adresse_postale":"23 rue Jules Ferry","code_postal":"91162","code_insee":"91345","libelle":"Longjumeau","telephone":"0169344187","fax":"0169346849","site_web":"http:\/\/www.lyc-prevert-longjumeau.ac-versailles.fr\/","mail":"ce.0911577V@ac-versailles.fr","ministere_tutelle":"\u00c9ducation nationale","internat":null,"annee_construction":"1977","date_maj":"2026-03-12"}},{"type":"Feature","geometry":{"type":"Point","coordinates":[2.394315498648954,48.847927308794425]},"properties":{"code_uai":"0750680G","num_siret":19750680100012,"code_academie":"001","academie":"Paris","dep":"75","sigle_uai":"LGT","nature_uai":"lyc\u00e9e d'enseignement g\u00e9n\u00e9ral et technologique","patronyme":"ARAGO","nom_etablissement":"Lyc\u00e9e g\u00e9n\u00e9ral et technologique Arago","statut":"public","contrat_etablissement":null,"adresse_postale":"4 place DE LA NATION","code_postal":"75012","code_insee":"75112","libelle":"Paris 12e Arrondissement","telephone":"0143073740","fax":"0143078889","site_web":"https:\/\/www.ac-paris.fr\/serail\/jcms\/s1_1585845\/fr\/lycee-arago","mail":"ce.0750680G@ac-paris.fr","ministere_tutelle":"\u00c9ducation nationale","internat":null,"annee_construction":"1880","date_maj":"2026-01-21"}},{"type":"Feature","geometry":{"type":"Point","coordinates":[2.099036761422719,48.86693362848491]},"properties":{"code_uai":"0781861Z","num_siret":19781861000010,"code_academie":"025","academie":"Versailles","dep":"78","sigle_uai":"LGT","nature_uai":"lyc\u00e9e d'enseignement g\u00e9n\u00e9ral et technologique","patronyme":"LOUIS-DE-BROGLIE","nom_etablissement":"Lyc\u00e9e g\u00e9n\u00e9ral et technologique Louis de Broglie","statut":"public","contrat_etablissement":null,"adresse_postale":"1 avenue Jean B\u00e9ranger","code_postal":"78160","code_insee":"78372","libelle":"Marly-le-Roi","telephone":"0139171616","fax":"0139171610","site_web":"http:\/\/www.lyc-debroglie-marly.ac-versailles.fr\/","mail":"ce.0781861Z@ac-versailles.fr","ministere_tutelle":"\u00c9ducation nationale","internat":null,"annee_construction":"1990","date_maj":"2026-03-12"}},{"type":"Feature","geometry":{"type":"Point","coordinates":[2.449169863763747,48.86361437262422]},"properties":{"code_uai":"0930121B","num_siret":19930121900010,"code_academie":"024","academie":"Cr\u00e9teil","dep":"93","sigle_uai":"LGT","nature_uai":"lyc\u00e9e d'enseignement g\u00e9n\u00e9ral et technologique","patronyme":"JEAN-JAUR\u00c8S","nom_etablissement":"Lyc\u00e9e enseignement g\u00e9n\u00e9ral et technologique Jean Jaur\u00e8s","statut":"public","contrat_etablissement":null,"adresse_postale":"1 rue DOMBASLE","code_postal":"93105","code_insee":"93048","libelle":"Montreuil","telephone":"0142874984","fax":"0142876956","site_web":"http:\/\/www.lyceejaures.levillage.org","mail":"ce.0930121B@ac-creteil.fr","ministere_tutelle":"\u00c9ducation nationale","internat":null,"annee_construction":"1964","date_maj":"2026-01-29"}},{"type":"Feature","geometry":{"type":"Point","coordinates":[2.445528654993236,48.85750093339525]},"properties":{"code_uai":"0930122C","num_siret":19930122700021,"code_academie":"024","academie":"Cr\u00e9teil","dep":"93","sigle_uai":"LGT","nature_uai":"lyc\u00e9e d'enseignement g\u00e9n\u00e9ral et technologique","patronyme":"CONDORCET","nom_etablissement":"Lyc\u00e9e g\u00e9n\u00e9ral et technologique Condorcet","statut":"public","contrat_etablissement":null,"adresse_postale":"31 rue DESIRE CHEVALIER","code_postal":"93105","code_insee":"93048","libelle":"Montreuil","telephone":"0148575063","fax":"0148571511","site_web":"http:\/\/www.condorcet93.fr\/","mail":"ce.0930122C@ac-creteil.fr","ministere_tutelle":"\u00c9ducation nationale","internat":null,"annee_construction":"1950","date_maj":"2026-01-14"}},{"type":"Feature","geometry":{"type":"Point","coordinates":[2.648171578531452,48.79924111309776]},"properties":{"code_uai":"0771763Y","num_siret":19771763000010,"code_academie":"024","academie":"Cr\u00e9teil","dep":"77","sigle_uai":"LGT","nature_uai":"lyc\u00e9e d'enseignement g\u00e9n\u00e9ral et technologique","patronyme":"CHARLES-LE-CHAUVE","nom_etablissement":"Lyc\u00e9e g\u00e9n\u00e9ral et technologique Charles Le Chauve","statut":"public","contrat_etablissement":null,"adresse_postale":"4 rue J. BODIN DE BOISMORTIER","code_postal":"77680","code_insee":"77390","libelle":"Roissy-en-Brie","telephone":"0160342020","fax":"0160342034","site_web":"http:\/\/www.lyceecharleslechauve.eu\/lycee\/Bienvenue.html","mail":"ce.0771763Y@ac-creteil.fr","ministere_tutelle":"\u00c9ducation nationale","internat":null,"annee_construction":"1978","date_maj":"2026-01-27"}},{"type":"Feature","geometry":{"type":"Point","coordinates":[2.322300419725228,48.8764506501621]},"properties":{"code_uai":"0750664P","num_siret":19750664500013,"code_academie":"001","academie":"Paris","dep":"75","sigle_uai":"LGT","nature_uai":"lyc\u00e9e d'enseignement g\u00e9n\u00e9ral et technologique","patronyme":"RACINE","nom_etablissement":"Lyc\u00e9e g\u00e9n\u00e9ral et technologique Racine","statut":"public","contrat_etablissement":null,"adresse_postale":"20 rue DU ROCHER","code_postal":"75008","code_insee":"75108","libelle":"Paris 8e Arrondissement","telephone":"0145221151","fax":"0145226866","site_web":"https:\/\/www.ac-paris.fr\/serail\/jcms\/s1_1872677\/fr\/lycee-racine","mail":"ce.0750664P@ac-paris.fr","ministere_tutelle":"\u00c9ducation nationale","internat":null,"annee_construction":"1860","date_maj":"2026-01-25"}},{"type":"Feature","geometry":{"type":"Point","coordinates":[2.7050059407288605,48.84183820722432]},"properties":{"code_uai":"0772275E","num_siret":37927877300013,"code_academie":"024","academie":"Cr\u00e9teil","dep":"77","sigle_uai":"LPO PR","nature_uai":"lyc\u00e9e polyvalent","patronyme":"MAURICE-RONDEAU","nom_etablissement":"Lyc\u00e9e polyvalent priv\u00e9 Maurice Rondeau","statut":"priv\u00e9","contrat_etablissement":"lyc\u00e9e priv\u00e9 sous contrat \u00c9ducation nationale","adresse_postale":"1 place du Clos Saint Georges","code_postal":"77600","code_insee":"77058","libelle":"Bussy-Saint-Georges","telephone":"0164660878","fax":null,"site_web":null,"mail":"ce.0772275e@ac-creteil.fr","ministere_tutelle":"\u00c9ducation nationale","internat":null,"annee_construction":null,"date_maj":"2026-03-12"}},{"type":"Feature","geometry":{"type":"Point","coordinates":[2.2565778962761875,48.845190990860424]},"properties":{"code_uai":"0750702F","num_siret":19750702300012,"code_academie":"001","academie":"Paris","dep":"75","sigle_uai":"LG","nature_uai":"lyc\u00e9e d'enseignement g\u00e9n\u00e9ral","patronyme":"JEAN-DE-LA-FONTAINE","nom_etablissement":"Lyc\u00e9e g\u00e9n\u00e9ral et technologique Jean de La Fontaine","statut":"public","contrat_etablissement":null,"adresse_postale":"1 place DE LA PORTE MOLITOR","code_postal":"75016","code_insee":"75116","libelle":"Paris 16e Arrondissement","telephone":"0146511600","fax":"0146511840","site_web":"https:\/\/www.ac-paris.fr\/serail\/jcms\/p2_73053\/fr\/accueil","mail":"ce.0750702F@ac-paris.fr","ministere_tutelle":"\u00c9ducation nationale","internat":null,"annee_construction":"1938","date_maj":"2025-09-17"}},{"type":"Feature","geometry":{"type":"Point","coordinates":[2.2881158662393637,48.77758742149511]},"properties":{"code_uai":"0920146J","num_siret":19920146800014,"code_academie":"025","academie":"Versailles","dep":"92","sigle_uai":"LG","nature_uai":"lyc\u00e9e d'enseignement g\u00e9n\u00e9ral","patronyme":"MARIE-CURIE","nom_etablissement":"Lyc\u00e9e d'enseignement g\u00e9n\u00e9ral Marie Curie","statut":"public","contrat_etablissement":null,"adresse_postale":"1 rue CONSTANT PILATE","code_postal":"92331","code_insee":"92071","libelle":"Sceaux","telephone":"0141878181","fax":"0141878202","site_web":"http:\/\/www.lyc-mariecurie-sceaux.ac-versailles.fr\/","mail":"ce.0920146J@ac-versailles.fr","ministere_tutelle":"\u00c9ducation nationale","internat":null,"annee_construction":"1936","date_maj":"2026-01-28"}},{"type":"Feature","geometry":{"type":"Point","coordinates":[2.3634152185070483,48.88270546564568]},"properties":{"code_uai":"0750673Z","num_siret":19750673600010,"code_academie":"001","academie":"Paris","dep":"75","sigle_uai":"LG","nature_uai":"lyc\u00e9e d'enseignement g\u00e9n\u00e9ral","patronyme":"COLBERT","nom_etablissement":"Lyc\u00e9e g\u00e9n\u00e9ral Colbert","statut":"public","contrat_etablissement":null,"adresse_postale":"27 rue DE CHATEAU LANDON","code_postal":"75010","code_insee":"75110","libelle":"Paris 10e Arrondissement","telephone":"0144898820","fax":"0140374548","site_web":"https:\/\/www.ac-paris.fr\/serail\/jcms\/s6_208046\/accueil","mail":"ce.0750673Z@ac-paris.fr","ministere_tutelle":"\u00c9ducation nationale","internat":null,"annee_construction":"1868","date_maj":"2026-01-22"}},{"type":"Feature","geometry":{"type":"Point","coordinates":[2.262893298728929,48.84666905898383]},"properties":{"code_uai":"0753946G","num_siret":57219568300022,"code_academie":"001","academie":"Paris","dep":"75","sigle_uai":"LG PR","nature_uai":"lyc\u00e9e d'enseignement g\u00e9n\u00e9ral","patronyme":"NOTRE-DAME-DES-OISEAUX","nom_etablissement":"Etablissement priv\u00e9 Notre-Dame des Oiseaux (Ecole secondaire priv\u00e9e)","statut":"priv\u00e9","contrat_etablissement":"lyc\u00e9e priv\u00e9 sous contrat \u00c9ducation nationale","adresse_postale":"12 rue Michel Ange","code_postal":"75016","code_insee":"75116","libelle":"Paris 16e Arrondissement","telephone":"0142880252","fax":"0142880192","site_web":"http:\/\/www.ndo.fr\/","mail":"ce.0753946G@ac-paris.fr","ministere_tutelle":"\u00c9ducation nationale","internat":null,"annee_construction":null,"date_maj":"2026-03-12"}},{"type":"Feature","geometry":{"type":"Point","coordinates":[2.5125265867607713,48.8863488957798]},"properties":{"code_uai":"0930974D","num_siret":78564671200030,"code_academie":"024","academie":"Cr\u00e9teil","dep":"93","sigle_uai":"LG PR","nature_uai":"lyc\u00e9e d'enseignement g\u00e9n\u00e9ral","patronyme":"BLANCHE-DE-CASTILLE","nom_etablissement":"Lyc\u00e9e g\u00e9n\u00e9ral priv\u00e9 Blanche de Castille","statut":"priv\u00e9","contrat_etablissement":"lyc\u00e9e priv\u00e9 sous contrat \u00c9ducation nationale","adresse_postale":"1 place Charles de Gaulle","code_postal":"93250","code_insee":"93077","libelle":"Villemomble","telephone":"0148540645","fax":null,"site_web":"www.blanchedecastille.org","mail":"ce.0930974d@ac-creteil.fr","ministere_tutelle":"\u00c9ducation nationale","internat":null,"annee_construction":null,"date_maj":"2026-03-12"}},{"type":"Feature","geometry":{"type":"Point","coordinates":[2.434486301930248,48.91160188489009]},"properties":{"code_uai":"0930962R","num_siret":78550084400010,"code_academie":"024","academie":"Cr\u00e9teil","dep":"93","sigle_uai":"LG PR","nature_uai":"lyc\u00e9e d'enseignement g\u00e9n\u00e9ral","patronyme":"CHARLES-PEGUY","nom_etablissement":"Lyc\u00e9e g\u00e9n\u00e9ral priv\u00e9 Charles P\u00e9guy","statut":"priv\u00e9","contrat_etablissement":"lyc\u00e9e priv\u00e9 sous contrat \u00c9ducation nationale","adresse_postale":"216 avenue Henri Barbusse","code_postal":"93000","code_insee":"93008","libelle":"Bobigny","telephone":"0148303182","fax":null,"site_web":null,"mail":"ce.0930962R@ac-creteil.fr","ministere_tutelle":"\u00c9ducation nationale","internat":null,"annee_construction":null,"date_maj":"2026-03-12"}},{"type":"Feature","geometry":{"type":"Point","coordinates":[2.0918590195569897,48.89814830396938]},"properties":{"code_uai":"0781581V","num_siret":78512432200013,"code_academie":"025","academie":"Versailles","dep":"78","sigle_uai":"LP PR","nature_uai":"lyc\u00e9e professionnel","patronyme":"SAINT-THOMAS-DE-VILLENEUVE (PRO)","nom_etablissement":"Lyc\u00e9e professionnel priv\u00e9 Saint Thomas","statut":"priv\u00e9","contrat_etablissement":"lyc\u00e9e priv\u00e9 sous contrat \u00c9ducation nationale","adresse_postale":"15 rue des Louvriers","code_postal":"78100","code_insee":"78551","libelle":"Saint-Germain-en-Laye","telephone":"0139103400","fax":"0139103406","site_web":null,"mail":"ce.0781581V@ac-versailles.fr","ministere_tutelle":"\u00c9ducation nationale","internat":null,"annee_construction":null,"date_maj":"2026-03-12"}},{"type":"Feature","geometry":{"type":"Point","coordinates":[2.4250052027638027,48.85283000352504]},"properties":{"code_uai":"0930960N","num_siret":77568810400113,"code_academie":"024","academie":"Cr\u00e9teil","dep":"93","sigle_uai":"LP PR","nature_uai":"lyc\u00e9e professionnel","patronyme":"ORT (Daniel Meyer) (Professionnel)","nom_etablissement":"Lyc\u00e9e professionnel priv\u00e9 ORT","statut":"priv\u00e9","contrat_etablissement":"lyc\u00e9e priv\u00e9 sous contrat \u00c9ducation nationale","adresse_postale":"39\/45 rue Raspail","code_postal":"93107","code_insee":"93048","libelle":"Montreuil","telephone":"0149884660","fax":null,"site_web":null,"mail":"ce.0930960N@ac-creteil.fr","ministere_tutelle":"\u00c9ducation nationale","internat":null,"annee_construction":null,"date_maj":"2026-03-12"}},{"type":"Feature","geometry":{"type":"Point","coordinates":[2.052807112679708,48.89979919322899]},"properties":{"code_uai":"0780004F","num_siret":19780004800013,"code_academie":"025","academie":"Versailles","dep":"78","sigle_uai":"LEGTPA","nature_uai":"lyc\u00e9e d'enseignement g\u00e9n\u00e9ral, technologique et professionnel agricole","patronyme":"AGRO-CAMPUS-SAINT-GERMAIN-EN-LAYE-CHAMBOURCY","nom_etablissement":"Lyc\u00e9e d'enseignement g\u00e9n\u00e9ral, technologique et professionnel agricole de Saint-Germain-en-Laye","statut":"public","contrat_etablissement":null,"adresse_postale":"ROUTE FORESTIERE DES PRINCESSES","code_postal":"78100","code_insee":"78551","libelle":"Saint-Germain-en-Laye","telephone":"0130871800","fax":"0130871801","site_web":"https:\/\/www.eplefpah-78.fr\/","mail":"legta.st-germain-en-laye@educagri.fr","ministere_tutelle":"Agriculture","internat":"Oui","annee_construction":null,"date_maj":"2026-03-27"}},{"type":"Feature","geometry":{"type":"Point","coordinates":[2.37311257740829,48.828158886485866]},"properties":{"code_uai":"0750330B","num_siret":77568198400024,"code_academie":"001","academie":"Paris","dep":"75","sigle_uai":"LT PR","nature_uai":"lyc\u00e9e d'enseignement technologique","patronyme":"\u00c9COLE-TECHNIQUE-SUP\u00c9RIEURE-LABORATOIRE","nom_etablissement":"Lyc\u00e9e technologique priv\u00e9 Ecole Technique Sup\u00e9rieure du Laboratoire","statut":"priv\u00e9","contrat_etablissement":"lyc\u00e9e priv\u00e9 sous contrat \u00c9ducation nationale","adresse_postale":"95 rue du Dessous des Berges","code_postal":"75013","code_insee":"75113","libelle":"Paris 13e Arrondissement","telephone":"0145837634","fax":"0145835885","site_web":"http:\/\/www.etsl.fr\/","mail":"ce.0750330B@ac-paris.fr","ministere_tutelle":"\u00c9ducation nationale","internat":null,"annee_construction":null,"date_maj":"2026-03-12"}},{"type":"Feature","geometry":{"type":"Point","coordinates":[2.41462548035602,48.9489464222051]},"properties":{"code_uai":"0932618R","num_siret":78475424400035,"code_academie":"024","academie":"Cr\u00e9teil","dep":"93","sigle_uai":"LT PR","nature_uai":"lyc\u00e9e d'enseignement technologique","patronyme":"ROBERT-SCHUMAN","nom_etablissement":"Lyc\u00e9e technologique priv\u00e9 Robert Schuman","statut":"priv\u00e9","contrat_etablissement":"lyc\u00e9e priv\u00e9 sous contrat \u00c9ducation nationale","adresse_postale":"7 avenue du G\u00e9n\u00e9ral de Gaulle","code_postal":"93440","code_insee":"93030","libelle":"Dugny","telephone":"0148377426","fax":null,"site_web":null,"mail":"ce.0932618r@ac-creteil.fr","ministere_tutelle":"\u00c9ducation nationale","internat":null,"annee_construction":null,"date_maj":"2026-03-12"}},{"type":"Feature","geometry":{"type":"Point","coordinates":[2.4735928520869215,48.83498386464911]},"properties":{"code_uai":"0940319L","num_siret":19940319700015,"code_academie":"024","academie":"Cr\u00e9teil","dep":"94","sigle_uai":"LEA","nature_uai":"lyc\u00e9e d\u2019enseignement adapt\u00e9","patronyme":"FRAN\u00c7OIS-CAVANNA-EREA","nom_etablissement":"Lyc\u00e9e d'enseignement adapt\u00e9 Fran\u00e7ois Cavanna","statut":"public","contrat_etablissement":null,"adresse_postale":"3 avenue de Joinville","code_postal":"94130","code_insee":"94052","libelle":"Nogent-sur-Marne","telephone":"0148734121","fax":null,"site_web":"https:\/\/ereacavanna-nogent.fr\/","mail":"ce.0940319L@ac-creteil.fr","ministere_tutelle":"\u00c9ducation nationale","internat":null,"annee_construction":"1962","date_maj":"2026-03-12"}},{"type":"Feature","geometry":{"type":"Point","coordinates":[2.2402853529034514,48.80196022938469]},"properties":{"code_uai":"0920798T","num_siret":19920798600019,"code_academie":"025","academie":"Versailles","dep":"92","sigle_uai":"LGT","nature_uai":"lyc\u00e9e d'enseignement g\u00e9n\u00e9ral et technologique","patronyme":"RABELAIS","nom_etablissement":"Lyc\u00e9e g\u00e9n\u00e9ral et technologique Rabelais","statut":"public","contrat_etablissement":null,"adresse_postale":"6 RUE GEORGES LANGROGNET","code_postal":"92190","code_insee":"92048","libelle":"Meudon","telephone":"0145344854","fax":"0145342789","site_web":"http:\/\/www.lyc-rabelais-meudon.ac-versailles.fr\/","mail":"ce.0920798T@ac-versailles.fr","ministere_tutelle":"\u00c9ducation nationale","internat":null,"annee_construction":"1966","date_maj":"2026-01-24"}},{"type":"Feature","geometry":{"type":"Point","coordinates":[2.5082514034395587,48.94454426421222]},"properties":{"code_uai":"0930834B","num_siret":19930834700012,"code_academie":"024","academie":"Cr\u00e9teil","dep":"93","sigle_uai":"LGT","nature_uai":"lyc\u00e9e d'enseignement g\u00e9n\u00e9ral et technologique","patronyme":"VOILLAUME","nom_etablissement":"Lyc\u00e9e g\u00e9n\u00e9ral et technologique Voillaume","statut":"public","contrat_etablissement":null,"adresse_postale":"136 rue DE MITRY","code_postal":"93604","code_insee":"93005","libelle":"Aulnay-sous-Bois","telephone":"0148193193","fax":"0148694573","site_web":"https:\/\/www.lyceevoillaume.fr","mail":"ce.0930834B@ac-creteil.fr","ministere_tutelle":"\u00c9ducation nationale","internat":"Oui","annee_construction":"1962","date_maj":"2026-03-04"}},{"type":"Feature","geometry":{"type":"Point","coordinates":[2.3196885071009623,48.881738320109136]},"properties":{"code_uai":"0750663N","num_siret":19750663700010,"code_academie":"001","academie":"Paris","dep":"75","sigle_uai":"LGT","nature_uai":"lyc\u00e9e d'enseignement g\u00e9n\u00e9ral et technologique","patronyme":"CHAPTAL","nom_etablissement":"Lyc\u00e9e g\u00e9n\u00e9ral et technologique Chaptal","statut":"public","contrat_etablissement":null,"adresse_postale":"45 boulevard DES BATIGNOLLES","code_postal":"75008","code_insee":"75108","libelle":"Paris 8e Arrondissement","telephone":"0145227695","fax":"0145228512","site_web":"http:\/\/www.lycee-chaptal-paris.fr\/accueil.html","mail":"ce.0750663N@ac-paris.fr","ministere_tutelle":"\u00c9ducation nationale","internat":"Oui","annee_construction":"1876","date_maj":"2026-01-19"}},{"type":"Feature","geometry":{"type":"Point","coordinates":[2.4679598905818585,48.94385962587952]},"properties":{"code_uai":"0932034F","num_siret":19932034200017,"code_academie":"024","academie":"Cr\u00e9teil","dep":"93","sigle_uai":"LGT","nature_uai":"lyc\u00e9e d'enseignement g\u00e9n\u00e9ral et technologique","patronyme":"WOLFGANG-AMADEUS-MOZART","nom_etablissement":"Lyc\u00e9e g\u00e9n\u00e9ral et technologique Wolfgang Amadeus Mozart","statut":"public","contrat_etablissement":null,"adresse_postale":"10 avenue Charles de Gaulle","code_postal":"93150","code_insee":"93007","libelle":"Le Blanc-Mesnil","telephone":"0149390775","fax":"0148659922","site_web":"https:\/\/lyceemozart.fr\/","mail":"ce.0932034F@ac-creteil.fr","ministere_tutelle":"\u00c9ducation nationale","internat":null,"annee_construction":"1989","date_maj":"2026-03-26"}},{"type":"Feature","geometry":{"type":"Point","coordinates":[2.599490220817385,48.7874049161568]},"properties":{"code_uai":"0772243V","num_siret":19772243200014,"code_academie":"024","academie":"Cr\u00e9teil","dep":"77","sigle_uai":"LGT","nature_uai":"lyc\u00e9e d'enseignement g\u00e9n\u00e9ral et technologique","patronyme":"CAMILLE-CLAUDEL","nom_etablissement":"Lyc\u00e9e g\u00e9n\u00e9ral et technologique Camille Claudel","statut":"public","contrat_etablissement":null,"adresse_postale":"Place d'Anyama","code_postal":"77340","code_insee":"77373","libelle":"Pontault-Combault","telephone":"0164406023","fax":"0164406096","site_web":"https:\/\/www.lcc77.fr","mail":"ce.0772243V@ac-creteil.fr","ministere_tutelle":"\u00c9ducation nationale","internat":null,"annee_construction":"1990","date_maj":"2026-03-12"}},{"type":"Feature","geometry":{"type":"Point","coordinates":[2.4300341996054278,48.98474890088596]},"properties":{"code_uai":"0950646L","num_siret":19950646000013,"code_academie":"025","academie":"Versailles","dep":"95","sigle_uai":"LGT","nature_uai":"lyc\u00e9e d'enseignement g\u00e9n\u00e9ral et technologique","patronyme":"REN\u00c9-CASSIN","nom_etablissement":"Lyc\u00e9e g\u00e9n\u00e9ral et technologique Ren\u00e9 Cassin","statut":"public","contrat_etablissement":null,"adresse_postale":"7 avenue Fran\u00e7ois Mitterrand","code_postal":"95500","code_insee":"95277","libelle":"Gonesse","telephone":"0134451515","fax":"0139851206","site_web":"http:\/\/www.lyc-cassin-gonesse.ac-versailles.fr\/","mail":"ce.0950646L@ac-versailles.fr","ministere_tutelle":"\u00c9ducation nationale","internat":null,"annee_construction":"1994","date_maj":"2026-02-26"}},{"type":"Feature","geometry":{"type":"Point","coordinates":[1.9918917680374886,48.830017599232285]},"properties":{"code_uai":"0781952Y","num_siret":19781952700015,"code_academie":"025","academie":"Versailles","dep":"78","sigle_uai":"LGT","nature_uai":"lyc\u00e9e d'enseignement g\u00e9n\u00e9ral et technologique","patronyme":"SONIA-DELAUNAY","nom_etablissement":"Lyc\u00e9e g\u00e9n\u00e9ral et technologique Sonia Delaunay","statut":"public","contrat_etablissement":null,"adresse_postale":"Avenue de Saint-Germain","code_postal":"78450","code_insee":"78674","libelle":"Villepreux","telephone":"0130809330","fax":"0130561297","site_web":"http:\/\/www.lyc-delaunay-villepreux.ac-versailles.fr\/","mail":"ce.0781952Y@ac-versailles.fr","ministere_tutelle":"\u00c9ducation nationale","internat":null,"annee_construction":"1993","date_maj":"2026-03-12"}},{"type":"Feature","geometry":{"type":"Point","coordinates":[2.375733663652328,48.8496385999861]},"properties":{"code_uai":"0753898E","num_siret":78452116300047,"code_academie":"001","academie":"Paris","dep":"75","sigle_uai":"LG PR","nature_uai":"lyc\u00e9e d'enseignement g\u00e9n\u00e9ral","patronyme":"EUGENE-NAPOLEON-SAINT-PIERRE-FOURIER","nom_etablissement":"Ensemble scolaire Eug\u00e8ne Napol\u00e9on - Saint Pierre Fourier","statut":"priv\u00e9","contrat_etablissement":"lyc\u00e9e priv\u00e9 sous contrat \u00c9ducation nationale","adresse_postale":"13 rue de Prague","code_postal":"75012","code_insee":"75112","libelle":"Paris 12e Arrondissement","telephone":"0143435503","fax":"0143436585","site_web":"http:\/\/www.spfparis12.fr\/fr","mail":"ce.0753898E@ac-paris.fr","ministere_tutelle":"\u00c9ducation nationale","internat":null,"annee_construction":null,"date_maj":"2026-03-12"}},{"type":"Feature","geometry":{"type":"Point","coordinates":[2.440209679450831,48.92581960416137]},"properties":{"code_uai":"0932619S","num_siret":78552469500018,"code_academie":"024","academie":"Cr\u00e9teil","dep":"93","sigle_uai":"LG PR","nature_uai":"lyc\u00e9e d'enseignement g\u00e9n\u00e9ral","patronyme":"SAINT-GERMAIN","nom_etablissement":"Lyc\u00e9e g\u00e9n\u00e9ral priv\u00e9 Saint Germain","statut":"priv\u00e9","contrat_etablissement":"lyc\u00e9e priv\u00e9 sous contrat \u00c9ducation nationale","adresse_postale":"103 rue Sadi Carnot","code_postal":"93700","code_insee":"93029","libelle":"Drancy","telephone":"0148322422","fax":null,"site_web":null,"mail":"ce.0932619S@ac-creteil.fr","ministere_tutelle":"\u00c9ducation nationale","internat":null,"annee_construction":null,"date_maj":"2026-03-12"}},{"type":"Feature","geometry":{"type":"Point","coordinates":[2.578836532741558,48.95033268562586]},"properties":{"code_uai":"0931193S","num_siret":19931193700015,"code_academie":"024","academie":"Cr\u00e9teil","dep":"93","sigle_uai":"LP","nature_uai":"lyc\u00e9e professionnel","patronyme":"H\u00c9L\u00c8NE-BOUCHER","nom_etablissement":"Lyc\u00e9e professionnel H\u00e9l\u00e8ne Boucher","statut":"public","contrat_etablissement":null,"adresse_postale":"70 avenue GILBERT BERGER","code_postal":"93290","code_insee":"93073","libelle":"Tremblay-en-France","telephone":"0148606232","fax":"0148601936","site_web":"http:\/\/www.lyceeheleneboucher-tremblayenfrance.fr\/","mail":"ce.0931193S@ac-creteil.fr","ministere_tutelle":"\u00c9ducation nationale","internat":null,"annee_construction":"1972","date_maj":"2026-03-12"}},{"type":"Feature","geometry":{"type":"Point","coordinates":[2.3828807780713577,48.992936087911005]},"properties":{"code_uai":"0950947N","num_siret":19950947200015,"code_academie":"025","academie":"Versailles","dep":"95","sigle_uai":"LPO","nature_uai":"lyc\u00e9e polyvalent","patronyme":"MARYSE-COND\u00c9","nom_etablissement":"Lyc\u00e9e polyvalent Maryse Cond\u00e9","statut":"public","contrat_etablissement":null,"adresse_postale":"8 rue FERNAND LEGER","code_postal":"95200","code_insee":"95585","libelle":"Sarcelles","telephone":"0134383600","fax":"0139920636","site_web":"http:\/\/www.lyc-tourelle-sarcelles.ac-versailles.fr\/","mail":"ce.0950947N@ac-versailles.fr","ministere_tutelle":"\u00c9ducation nationale","internat":null,"annee_construction":"1985","date_maj":"2026-01-30"}},{"type":"Feature","geometry":{"type":"Point","coordinates":[2.595324045901765,48.69823378289177]},"properties":{"code_uai":"0772230F","num_siret":19772230900014,"code_academie":"024","academie":"Cr\u00e9teil","dep":"77","sigle_uai":"LPO","nature_uai":"lyc\u00e9e polyvalent","patronyme":"BLAISE-PASCAL","nom_etablissement":"Lyc\u00e9e polyvalent Blaise Pascal","statut":"public","contrat_etablissement":null,"adresse_postale":"15 all\u00e9e DU COMMANDANT GUESNET","code_postal":"77253","code_insee":"77053","libelle":"Brie-Comte-Robert","telephone":"0164052265","fax":"0164052305","site_web":"http:\/\/lyceeblaisepascal77.fr\/","mail":"ce.0772230F@ac-creteil.fr","ministere_tutelle":"\u00c9ducation nationale","internat":null,"annee_construction":"1992","date_maj":"2026-01-16"}},{"type":"Feature","geometry":{"type":"Point","coordinates":[2.5776695792323916,48.59529887019934]},"properties":{"code_uai":"0772244W","num_siret":19772244000017,"code_academie":"024","academie":"Cr\u00e9teil","dep":"77","sigle_uai":"LPO","nature_uai":"lyc\u00e9e polyvalent","patronyme":"ANTONIN-CAR\u00c8ME","nom_etablissement":"Lyc\u00e9e polyvalent Antonin Car\u00eame","statut":"public","contrat_etablissement":null,"adresse_postale":"1 place GUSTAVE COURBET","code_postal":"77176","code_insee":"77445","libelle":"Savigny-le-Temple","telephone":"0164419293","fax":"0164418684","site_web":"https:\/\/lyc-careme-savigny-77.fr\/","mail":"ce.0772244W@ac-creteil.fr","ministere_tutelle":"\u00c9ducation nationale","internat":"Oui","annee_construction":"1990","date_maj":"2026-03-12"}},{"type":"Feature","geometry":{"type":"Point","coordinates":[2.2372655803524504,48.97018925066094]},"properties":{"code_uai":"0950805J","num_siret":77568879900037,"code_academie":"025","academie":"Versailles","dep":"95","sigle_uai":"LP PR","nature_uai":"lyc\u00e9e professionnel","patronyme":"SAINT-JEAN (Apprentis d'Auteuil)","nom_etablissement":"Lyc\u00e9e professionnel priv\u00e9 Saint Jean L'Hermitage","statut":"priv\u00e9","contrat_etablissement":"lyc\u00e9e priv\u00e9 sous contrat \u00c9ducation nationale","adresse_postale":"Rond-point de la Tour du Mail","code_postal":"95117","code_insee":"95582","libelle":"Sannois","telephone":"0134114648","fax":"0134114645","site_web":null,"mail":"ce.0950805j@ac-versailles.fr","ministere_tutelle":"\u00c9ducation nationale","internat":null,"annee_construction":null,"date_maj":"2026-03-12"}},{"type":"Feature","geometry":{"type":"Point","coordinates":[1.874271330524718,48.814287603332]},"properties":{"code_uai":"0782587N","num_siret":19782587000011,"code_academie":"025","academie":"Versailles","dep":"78","sigle_uai":"LPO LYC METIER","nature_uai":"lyc\u00e9e polyvalent","patronyme":"VIOLLET-LE-DUC","nom_etablissement":"Lyc\u00e9e polyvalent Viollet-Le-Duc - Lyc\u00e9e des m\u00e9tiers des sciences et des techniques d'un habitat et d'un environement durable","statut":"public","contrat_etablissement":null,"adresse_postale":"1 route DE SEPTEUIL","code_postal":"78640","code_insee":"78683","libelle":"Villiers-Saint-Fr\u00e9d\u00e9ric","telephone":"0134917150","fax":"0134917151","site_web":"http:\/\/www.lyc-violletleduc.ac-versailles.fr\/","mail":"ce.0782587N@ac-versailles.fr","ministere_tutelle":"\u00c9ducation nationale","internat":"Oui","annee_construction":"1992","date_maj":"2026-03-05"}},{"type":"Feature","geometry":{"type":"Point","coordinates":[2.1990204594967584,48.841402734268236]},"properties":{"code_uai":"0922276Z","num_siret":19922276100017,"code_academie":"025","academie":"Versailles","dep":"92","sigle_uai":"LPO LYC METIER","nature_uai":"lyc\u00e9e polyvalent","patronyme":"SANTOS-DUMONT","nom_etablissement":"Lyc\u00e9e polyvalent Santos Dumont - Lyc\u00e9e des m\u00e9tiers de l'h\u00f4tellerie, de la gestion et du commerce","statut":"public","contrat_etablissement":null,"adresse_postale":"39 rue Pasteur","code_postal":"92210","code_insee":"92064","libelle":"Saint-Cloud","telephone":"0141120250","fax":"0146021025","site_web":"http:\/\/www.lyc-santosdumont-st-cloud.ac-versailles.fr\/","mail":"ce.0922276Z@ac-versailles.fr","ministere_tutelle":"\u00c9ducation nationale","internat":null,"annee_construction":"1957","date_maj":"2026-03-12"}},{"type":"Feature","geometry":{"type":"Point","coordinates":[1.9234274886637195,48.98192875533414]},"properties":{"code_uai":"0781984H","num_siret":19781984000012,"code_academie":"025","academie":"Versailles","dep":"78","sigle_uai":"LPO LYC METIER","nature_uai":"lyc\u00e9e polyvalent","patronyme":"JACQUES-VAUCANSON","nom_etablissement":"Lyc\u00e9e polyvalent Vaucanson, lyc\u00e9e des m\u00e9tiers de la cybers\u00e9curit\u00e9 et de la transition \u00e9nerg\u00e9tique, du service \u00e0 la personne et de la relation client","statut":"public","contrat_etablissement":null,"adresse_postale":"14 rue Albert Thomas","code_postal":"78132","code_insee":"78440","libelle":"Les Mureaux","telephone":"0130999410","fax":"0130993566","site_web":"http:\/\/www.lyc-vaucanson-lesmureaux.ac-versailles.fr\/","mail":"ce.0781984H@ac-versailles.fr","ministere_tutelle":"\u00c9ducation nationale","internat":null,"annee_construction":null,"date_maj":"2026-03-12"}},{"type":"Feature","geometry":{"type":"Point","coordinates":[2.612279937835049,48.8795999213396]},"properties":{"code_uai":"0771171E","num_siret":19771171600013,"code_academie":"024","academie":"Cr\u00e9teil","dep":"77","sigle_uai":"LP LYC METIER","nature_uai":"lyc\u00e9e professionnel","patronyme":"LOUIS-LUMI\u00c8RE","nom_etablissement":"Lyc\u00e9e professionnel Louis Lumi\u00e8re - Lyc\u00e9e des m\u00e9tiers du commerce et des environnements connect\u00e9s","statut":"public","contrat_etablissement":null,"adresse_postale":"04 rue LOUIS LUMIERE","code_postal":"77501","code_insee":"77108","libelle":"Chelles","telephone":"0160931210","fax":"0160931225","site_web":"http:\/\/www.lyceelouislumiere.fr\/","mail":"ce.0771171E@ac-creteil.fr","ministere_tutelle":"\u00c9ducation nationale","internat":null,"annee_construction":"1968","date_maj":"2026-01-26"}},{"type":"Feature","geometry":{"type":"Point","coordinates":[2.3550342810074176,48.93281417844132]},"properties":{"code_uai":"0931797Y","num_siret":78562097200048,"code_academie":"024","academie":"Cr\u00e9teil","dep":"93","sigle_uai":"LPO PR METIER","nature_uai":"lyc\u00e9e polyvalent","patronyme":"SAINT-DENIS (La Salle)","nom_etablissement":"Lyc\u00e9e polyvalent priv\u00e9 Jean-Baptiste-de-la-Salle - Lyc\u00e9e des m\u00e9tiers de la Transition Num\u00e9rique et Energ\u00e9tique","statut":"priv\u00e9","contrat_etablissement":"lyc\u00e9e priv\u00e9 sous contrat \u00c9ducation nationale","adresse_postale":"6 place de la R\u00e9sistance","code_postal":"93200","code_insee":"93066","libelle":"Saint-Denis","telephone":"0155874500","fax":null,"site_web":null,"mail":"ce.0931797y@ac-creteil.fr","ministere_tutelle":"\u00c9ducation nationale","internat":null,"annee_construction":null,"date_maj":"2026-03-12"}},{"type":"Feature","geometry":{"type":"Point","coordinates":[2.3847513006085923,48.99399330190295]},"properties":{"code_uai":"0950650R","num_siret":19950650200012,"code_academie":"025","academie":"Versailles","dep":"95","sigle_uai":"LPO","nature_uai":"lyc\u00e9e polyvalent","patronyme":"JEAN-JACQUES-ROUSSEAU","nom_etablissement":"Lyc\u00e9e polyvalent Jean-Jacques Rousseau","statut":"public","contrat_etablissement":null,"adresse_postale":"2 rue J J ROUSSEAU","code_postal":"95200","code_insee":"95585","libelle":"Sarcelles","telephone":"01.39.33.26.0","fax":"0139332600","site_web":"http:\/\/www.lyc-rousseau-sarcelles.ac-versailles.fr\/","mail":"ce.0950650R@ac-versailles.fr","ministere_tutelle":"\u00c9ducation nationale","internat":null,"annee_construction":"1965","date_maj":"2025-04-14"}},{"type":"Feature","geometry":{"type":"Point","coordinates":[3.0074521985914986,48.55121929286351]},"properties":{"code_uai":"0772277G","num_siret":19772277000017,"code_academie":"024","academie":"Cr\u00e9teil","dep":"77","sigle_uai":"LPO","nature_uai":"lyc\u00e9e polyvalent","patronyme":"HENRI-BECQUEREL","nom_etablissement":"Lyc\u00e9e polyvalent Henri Becquerel","statut":"public","contrat_etablissement":null,"adresse_postale":"1 boulevard HENRI ROUSSELLE","code_postal":"77370","code_insee":"77327","libelle":"Nangis","telephone":"0164087383","fax":"0164609175","site_web":"http:\/\/henri.becquerel.free.fr\/wp\/","mail":"ce.0772277G@ac-creteil.fr","ministere_tutelle":"\u00c9ducation nationale","internat":null,"annee_construction":"1992","date_maj":"2026-03-12"}},{"type":"Feature","geometry":{"type":"Point","coordinates":[2.5352958923708515,48.81546613843271]},"properties":{"code_uai":"0941951K","num_siret":19941951600026,"code_academie":"024","academie":"Cr\u00e9teil","dep":"94","sigle_uai":"LPO","nature_uai":"lyc\u00e9e polyvalent","patronyme":"MARX-DORMOY","nom_etablissement":"Lyc\u00e9e polyvalent Marx Dormoy","statut":"public","contrat_etablissement":null,"adresse_postale":"500 rue du Professeur Paul Milli","code_postal":"94507","code_insee":"94017","libelle":"Champigny-sur-Marne","telephone":"0145166900","fax":null,"site_web":"http:\/\/lycee-marxdormoy-creteil.fr\/","mail":"ce.0941951K@ac-creteil.fr","ministere_tutelle":"\u00c9ducation nationale","internat":null,"annee_construction":"1993","date_maj":"2026-03-12"}},{"type":"Feature","geometry":{"type":"Point","coordinates":[2.5345864777464833,48.95658796652309]},"properties":{"code_uai":"0932260B","num_siret":19932226400011,"code_academie":"024","academie":"Cr\u00e9teil","dep":"93","sigle_uai":"LPO","nature_uai":"lyc\u00e9e polyvalent","patronyme":"GEORGES-BRASSENS","nom_etablissement":"Lyc\u00e9e polyvalent Georges Brassens","statut":"public","contrat_etablissement":null,"adresse_postale":"3 bd de la P\u00e9pini\u00e8re","code_postal":"93420","code_insee":"93078","libelle":"Villepinte","telephone":"0141521230","fax":"0141521231","site_web":"http:\/\/www.lgbv93.org\/","mail":"ce.0932260B@ac-creteil.fr","ministere_tutelle":"\u00c9ducation nationale","internat":null,"annee_construction":"2005","date_maj":"2026-03-12"}},{"type":"Feature","geometry":{"type":"Point","coordinates":[2.0503716139691486,48.93280626159509]},"properties":{"code_uai":"0781983G","num_siret":19781983200019,"code_academie":"025","academie":"Versailles","dep":"78","sigle_uai":"LP LYC METIER","nature_uai":"lyc\u00e9e professionnel","patronyme":"ADRIENNE-BOLLAND","nom_etablissement":"Lyc\u00e9e professionnel Adrienne Bolland - Lyc\u00e9e des m\u00e9tiers d'art, des services et de la mode","statut":"public","contrat_etablissement":null,"adresse_postale":"62 boulevard Devaux","code_postal":"78300","code_insee":"78498","libelle":"Poissy","telephone":"0130063848","fax":"0130063858","site_web":"http:\/\/www.lyc-bolland-poissy.ac-versailles.fr\/","mail":"ce.0781983G@ac-versailles.fr","ministere_tutelle":"\u00c9ducation nationale","internat":null,"annee_construction":"1960","date_maj":"2026-03-12"}},{"type":"Feature","geometry":{"type":"Point","coordinates":[2.1997305005293795,48.97892927211212]},"properties":{"code_uai":"0950656X","num_siret":19950656900011,"code_academie":"025","academie":"Versailles","dep":"95","sigle_uai":"LP LYC METIER","nature_uai":"lyc\u00e9e professionnel","patronyme":"LE-CORBUSIER","nom_etablissement":"Lyc\u00e9e professionnel Le Corbusier, lyc\u00e9e des m\u00e9tiers du b\u00e2timent","statut":"public","contrat_etablissement":null,"adresse_postale":"2 rue Paul Bloch","code_postal":"95240","code_insee":"95176","libelle":"Cormeilles-en-Parisis","telephone":"0139784898","fax":"0139783679","site_web":"http:\/\/www.lyc-lecorbusier-cormeilles.ac-versailles.fr","mail":"ce.0950656X@ac-versailles.fr","ministere_tutelle":"\u00c9ducation nationale","internat":"Oui","annee_construction":"1965","date_maj":"2026-03-12"}},{"type":"Feature","geometry":{"type":"Point","coordinates":[2.2868584010876463,48.84829196831384]},"properties":{"code_uai":"0750793E","num_siret":19750793200014,"code_academie":"001","academie":"Paris","dep":"75","sigle_uai":"LP LYC METIER","nature_uai":"lyc\u00e9e professionnel","patronyme":"BEAUGRENELLE","nom_etablissement":"Lyc\u00e9e Professionnel Beaugrenelle","statut":"public","contrat_etablissement":null,"adresse_postale":"62 rue SAINT CHARLES","code_postal":"75015","code_insee":"75115","libelle":"Paris 15e Arrondissement","telephone":"0145775644","fax":"0145751772","site_web":"http:\/\/lyc-beaugrenelle.scola.ac-paris.fr\/","mail":"ce.0750793E@ac-paris.fr","ministere_tutelle":"\u00c9ducation nationale","internat":null,"annee_construction":"1870","date_maj":"2026-01-27"}},{"type":"Feature","geometry":{"type":"Point","coordinates":[2.3636146049576263,48.87453519322145]},"properties":{"code_uai":"0750776L","num_siret":19750776700014,"code_academie":"001","academie":"Paris","dep":"75","sigle_uai":"LP LYC METIER","nature_uai":"lyc\u00e9e professionnel","patronyme":"MARIE-LAURENCIN","nom_etablissement":"Lyc\u00e9e professionnel Marie Laurencin - Lyc\u00e9e des m\u00e9tiers \u00e9co-responsables de la mode et du commerce","statut":"public","contrat_etablissement":null,"adresse_postale":"114 quai de Jemmapes","code_postal":"75010","code_insee":"75110","libelle":"Paris 10e Arrondissement","telephone":"0144521616","fax":"0140409845","site_web":"https:\/\/www.ac-paris.fr\/serail\/jcms\/s2_1636651\/fr\/lycee-marie-laurencin","mail":"ce.0750776L@ac-paris.fr","ministere_tutelle":"\u00c9ducation nationale","internat":null,"annee_construction":null,"date_maj":"2026-03-12"}},{"type":"Feature","geometry":{"type":"Point","coordinates":[2.393449786302349,48.88823575330842]},"properties":{"code_uai":"0750650Z","num_siret":19750650400012,"code_academie":"001","academie":"Paris","dep":"75","sigle_uai":"LPO LYC METIER","nature_uai":"lyc\u00e9e polyvalent","patronyme":"ALEMBERT (D')","nom_etablissement":"Lyc\u00e9e polyvalent d'Alembert","statut":"public","contrat_etablissement":null,"adresse_postale":"22 sente DES DOREES","code_postal":"75019","code_insee":"75119","libelle":"Paris 19e Arrondissement","telephone":"0142080410","fax":"0142088089","site_web":"http:\/\/www.ac-paris.fr\/serail\/jcms\/s2_120233\/ee-ee-lpo-d-alembert-portail","mail":"ce.0750650Z@ac-paris.fr","ministere_tutelle":"\u00c9ducation nationale","internat":null,"annee_construction":"1938","date_maj":"2026-01-26"}},{"type":"Feature","geometry":{"type":"Point","coordinates":[2.648301348133944,48.519074047945075]},"properties":{"code_uai":"0771027Y","num_siret":19771027000012,"code_academie":"024","academie":"Cr\u00e9teil","dep":"77","sigle_uai":"LPO LYC METIER","nature_uai":"lyc\u00e9e polyvalent","patronyme":"JOLIOT-CURIE","nom_etablissement":"Lyc\u00e9e polyvalent Fr\u00e9d\u00e9ric Joliot Curie","statut":"public","contrat_etablissement":null,"adresse_postale":"168 rue F JOLIOT CURIE","code_postal":"77190","code_insee":"77152","libelle":"Dammarie-les-Lys","telephone":"0164393434","fax":"0164870966","site_web":"http:\/\/www.lyceejoliotcurie77.fr\/","mail":"ce.0771027Y@ac-creteil.fr","ministere_tutelle":"\u00c9ducation nationale","internat":null,"annee_construction":"1968","date_maj":"2026-02-12"}},{"type":"Feature","geometry":{"type":"Point","coordinates":[2.7976540778951264,48.40330437773726]},"properties":{"code_uai":"0770920G","num_siret":19770920700017,"code_academie":"024","academie":"Cr\u00e9teil","dep":"77","sigle_uai":"LPO LYC METIER","nature_uai":"lyc\u00e9e polyvalent","patronyme":"LA-FAYETTE","nom_etablissement":"Lyc\u00e9e polyvalent La Fayette - Lyc\u00e9e des m\u00e9tiers de l'\u00e9nergie durable","statut":"public","contrat_etablissement":null,"adresse_postale":"Place DES CELESTINS","code_postal":"77430","code_insee":"77079","libelle":"Champagne-sur-Seine","telephone":"0164695410","fax":"0164695411","site_web":"http:\/\/www.lyceelafayette.fr\/","mail":"ce.0770920G@ac-creteil.fr","ministere_tutelle":"\u00c9ducation nationale","internat":"Oui","annee_construction":null,"date_maj":"2026-03-20"}},{"type":"Feature","geometry":{"type":"Point","coordinates":[2.2805094221726585,48.88195175052507]},"properties":{"code_uai":"0920919Z","num_siret":40174982500014,"code_academie":"025","academie":"Versailles","dep":"92","sigle_uai":"LGT PR","nature_uai":"lyc\u00e9e d'enseignement g\u00e9n\u00e9ral et technologique","patronyme":"NOTRE-DAME-DE-SAINTE-CROIX","nom_etablissement":"Lyc\u00e9e g\u00e9n\u00e9ral et technologique priv\u00e9 Notre Dame de Sainte-Croix","statut":"priv\u00e9","contrat_etablissement":"lyc\u00e9e priv\u00e9 sous contrat \u00c9ducation nationale","adresse_postale":"30 avenue du Roule","code_postal":"92200","code_insee":"92051","libelle":"Neuilly-sur-Seine","telephone":"0146431950","fax":"0146372312","site_web":null,"mail":"ce.0920919Z@ac-versailles.fr","ministere_tutelle":"\u00c9ducation nationale","internat":null,"annee_construction":null,"date_maj":"2026-03-12"}},{"type":"Feature","geometry":{"type":"Point","coordinates":[2.265336402087447,48.887666622487735]},"properties":{"code_uai":"0920921B","num_siret":78542453200022,"code_academie":"025","academie":"Versailles","dep":"92","sigle_uai":"LGT PR","nature_uai":"lyc\u00e9e d'enseignement g\u00e9n\u00e9ral et technologique","patronyme":"SAINT-DOMINIQUE","nom_etablissement":"Lyc\u00e9e g\u00e9n\u00e9ral et technologique priv\u00e9 Saint Dominique","statut":"priv\u00e9","contrat_etablissement":"lyc\u00e9e priv\u00e9 sous contrat \u00c9ducation nationale","adresse_postale":"23 quater boulevard d'Argenson","code_postal":"92203","code_insee":"92051","libelle":"Neuilly-sur-Seine","telephone":"0140889220","fax":"0146372327","site_web":null,"mail":"ce.0920921B@ac-versailles.fr","ministere_tutelle":"\u00c9ducation nationale","internat":null,"annee_construction":null,"date_maj":"2026-03-12"}},{"type":"Feature","geometry":{"type":"Point","coordinates":[2.246205681470227,48.59662184082922]},"properties":{"code_uai":"0910628N","num_siret":19910628700014,"code_academie":"025","academie":"Versailles","dep":"91","sigle_uai":"LP","nature_uai":"lyc\u00e9e professionnel","patronyme":"PAUL-BELMONDO","nom_etablissement":"Lyc\u00e9e professionnel Paul Belmondo","statut":"public","contrat_etablissement":null,"adresse_postale":"23 avenue de la Division Leclerc","code_postal":"91290","code_insee":"91021","libelle":"Arpajon","telephone":"0160838060","fax":"0160838356","site_web":"http:\/\/www.lyc-belmondo-arpajon.ac-versailles.fr\/","mail":"ce.0910628N@ac-versailles.fr","ministere_tutelle":"\u00c9ducation nationale","internat":null,"annee_construction":"1992","date_maj":"2026-01-24"}},{"type":"Feature","geometry":{"type":"Point","coordinates":[2.303236489305681,48.83640260223303]},"properties":{"code_uai":"0750436S","num_siret":19750436800014,"code_academie":"001","academie":"Paris","dep":"75","sigle_uai":"LP","nature_uai":"lyc\u00e9e professionnel","patronyme":"CLAUDE-ANTHIME-CORBON","nom_etablissement":"Lyc\u00e9e professionnel Claude Anthime Corbon","statut":"public","contrat_etablissement":null,"adresse_postale":"5 rue Corbon","code_postal":"75015","code_insee":"75115","libelle":"Paris 15e Arrondissement","telephone":"0148285637","fax":"0148424593","site_web":"http:\/\/lyc-corbon.ac-paris.fr","mail":"ce.0750436S@ac-paris.fr","ministere_tutelle":"\u00c9ducation nationale","internat":null,"annee_construction":"1889","date_maj":"2026-03-12"}},{"type":"Feature","geometry":{"type":"Point","coordinates":[2.472955598811062,48.90434100653329]},"properties":{"code_uai":"0930129K","num_siret":19930129200017,"code_academie":"024","academie":"Cr\u00e9teil","dep":"93","sigle_uai":"LP","nature_uai":"lyc\u00e9e professionnel","patronyme":"MADELEINE-VIONNET","nom_etablissement":"Lyc\u00e9e professionnel Madeleine Vionnet - Lyc\u00e9e des m\u00e9tiers de la gestion, de la sant\u00e9 et de la mode","statut":"public","contrat_etablissement":null,"adresse_postale":"1 rue JULES GUESDE","code_postal":"93140","code_insee":"93010","libelle":"Bondy","telephone":"0155890990","fax":"0155890999","site_web":"http:\/\/lycee.vionnet.free.fr\/","mail":"ce.0930129K@ac-creteil.fr","ministere_tutelle":"\u00c9ducation nationale","internat":null,"annee_construction":"1950","date_maj":"2026-01-13"}},{"type":"Feature","geometry":{"type":"Point","coordinates":[2.2636303880367494,48.7773364785789]},"properties":{"code_uai":"0922249V","num_siret":19922249800016,"code_academie":"025","academie":"Versailles","dep":"92","sigle_uai":"LGT","nature_uai":"lyc\u00e9e d'enseignement g\u00e9n\u00e9ral et technologique","patronyme":"MONTESQUIEU","nom_etablissement":"Lyc\u00e9e g\u00e9n\u00e9ral et technologique Montesquieu","statut":"public","contrat_etablissement":null,"adresse_postale":"21 rue du Capitaine Facq","code_postal":"92350","code_insee":"92060","libelle":"Le Plessis-Robinson","telephone":"0146303561","fax":"0146010322","site_web":"http:\/\/www.lyc-montesquieu-plessis.ac-versailles.fr\/","mail":"ce.0922249V@ac-versailles.fr","ministere_tutelle":"\u00c9ducation nationale","internat":null,"annee_construction":null,"date_maj":"2026-03-12"}},{"type":"Feature","geometry":{"type":"Point","coordinates":[2.0980656803397535,48.89357166288127]},"properties":{"code_uai":"0782132U","num_siret":19782132500010,"code_academie":"025","academie":"Versailles","dep":"78","sigle_uai":"LGT","nature_uai":"lyc\u00e9e d'enseignement g\u00e9n\u00e9ral et technologique","patronyme":"JEANNE-D'ALBRET","nom_etablissement":"Lyc\u00e9e g\u00e9n\u00e9ral et technologique Jeanne d'Albret","statut":"public","contrat_etablissement":null,"adresse_postale":"6 rue Giraud Teulon","code_postal":"78101","code_insee":"78551","libelle":"Saint-Germain-en-Laye","telephone":"0139041520","fax":"0139041530","site_web":"http:\/\/www.lyc-albret-st-germain-laye.ac-versailles.fr\/","mail":"ce.0782132U@ac-versailles.fr","ministere_tutelle":"\u00c9ducation nationale","internat":"Oui","annee_construction":null,"date_maj":"2026-03-12"}},{"type":"Feature","geometry":{"type":"Point","coordinates":[2.030136584739511,49.04572760734354]},"properties":{"code_uai":"0951637N","num_siret":19951637800015,"code_academie":"025","academie":"Versailles","dep":"95","sigle_uai":"LGT","nature_uai":"lyc\u00e9e d'enseignement g\u00e9n\u00e9ral et technologique","patronyme":"GALIL\u00c9E","nom_etablissement":"Lyc\u00e9e g\u00e9n\u00e9ral et technologique Galil\u00e9e","statut":"public","contrat_etablissement":null,"adresse_postale":"11 avenue du Jour","code_postal":"95801","code_insee":"95127","libelle":"Cergy","telephone":"0134417420","fax":"0134417421","site_web":"http:\/\/www.lyc-galilee-cergy.ac-versailles.fr","mail":"ce.0951637N@ac-versailles.fr","ministere_tutelle":"\u00c9ducation nationale","internat":null,"annee_construction":"1985","date_maj":"2026-03-12"}},{"type":"Feature","geometry":{"type":"Point","coordinates":[2.3154764283937124,48.8955306966347]},"properties":{"code_uai":"0750705J","num_siret":19750705600012,"code_academie":"001","academie":"Paris","dep":"75","sigle_uai":"LGT","nature_uai":"lyc\u00e9e d'enseignement g\u00e9n\u00e9ral et technologique","patronyme":"HONOR\u00c9-DE-BALZAC","nom_etablissement":"Lyc\u00e9e g\u00e9n\u00e9ral et technologique Honor\u00e9 de Balzac","statut":"public","contrat_etablissement":null,"adresse_postale":"118 boulevard Bessi\u00e8res","code_postal":"75849","code_insee":"75117","libelle":"Paris 17e Arrondissement","telephone":"0153111213","fax":"0153111200","site_web":"https:\/\/www.ac-paris.fr\/serail\/jcms\/s1_1700209\/fr\/lycee-college-international-de-paris-honore-de-bal","mail":"ce.0750705J@ac-paris.fr","ministere_tutelle":"\u00c9ducation nationale","internat":null,"annee_construction":null,"date_maj":"2026-03-12"}},{"type":"Feature","geometry":{"type":"Point","coordinates":[2.5245952712770765,48.87693481107562]},"properties":{"code_uai":"0930127H","num_siret":19930127600010,"code_academie":"024","academie":"Cr\u00e9teil","dep":"93","sigle_uai":"LGT","nature_uai":"lyc\u00e9e d'enseignement g\u00e9n\u00e9ral et technologique","patronyme":"GEORGES-CLEMENCEAU","nom_etablissement":"Lyc\u00e9e g\u00e9n\u00e9ral et technologique Cl\u00e9menceau","statut":"public","contrat_etablissement":null,"adresse_postale":"130 rue DE NEUILLY","code_postal":"93250","code_insee":"93077","libelle":"Villemomble","telephone":"0148129120","fax":"0148129146","site_web":"https:\/\/www.lyceeclemenceauvillemomble.fr\/","mail":"ce.0930127H@ac-creteil.fr","ministere_tutelle":"\u00c9ducation nationale","internat":null,"annee_construction":"1946","date_maj":"2026-02-08"}},{"type":"Feature","geometry":{"type":"Point","coordinates":[2.2414423985323815,48.92798435958031]},"properties":{"code_uai":"0920137Z","num_siret":19920137700017,"code_academie":"025","academie":"Versailles","dep":"92","sigle_uai":"LGT","nature_uai":"lyc\u00e9e d'enseignement g\u00e9n\u00e9ral et technologique","patronyme":"GUY-DE-MAUPASSANT","nom_etablissement":"Lyc\u00e9e g\u00e9n\u00e9ral et technologique Guy de Maupassant","statut":"public","contrat_etablissement":null,"adresse_postale":"52 rue Robert Schuman","code_postal":"92701","code_insee":"92025","libelle":"Colombes","telephone":"0146525000","fax":"0147816053","site_web":"http:\/\/www.lyc-maupassant-colombes.ac-versailles.fr\/","mail":"ce.0920137Z@ac-versailles.fr","ministere_tutelle":"\u00c9ducation nationale","internat":null,"annee_construction":"1994","date_maj":"2026-01-14"}},{"type":"Feature","geometry":{"type":"Point","coordinates":[2.172377442981829,48.91370384820829]},"properties":{"code_uai":"0781860Y","num_siret":19781860200017,"code_academie":"025","academie":"Versailles","dep":"78","sigle_uai":"LGT","nature_uai":"lyc\u00e9e d'enseignement g\u00e9n\u00e9ral et technologique","patronyme":"PIERRES-VIVES (LES)","nom_etablissement":"Lyc\u00e9e g\u00e9n\u00e9ral et technologique Les Pierres Vives","statut":"public","contrat_etablissement":null,"adresse_postale":"1 rue des Alouettes","code_postal":"78420","code_insee":"78124","libelle":"Carri\u00e8res-sur-Seine","telephone":"0139140700","fax":"0139140736","site_web":"http:\/\/www.lyc-pierresvives-carrieres.ac-versailles.fr\/","mail":"ce.0781860Y@ac-versailles.fr","ministere_tutelle":"\u00c9ducation nationale","internat":null,"annee_construction":"1990","date_maj":"2026-03-12"}},{"type":"Feature","geometry":{"type":"Point","coordinates":[2.377876114426897,48.6980228484607]},"properties":{"code_uai":"0910623H","num_siret":19910623800017,"code_academie":"025","academie":"Versailles","dep":"91","sigle_uai":"LGT","nature_uai":"lyc\u00e9e d'enseignement g\u00e9n\u00e9ral et technologique","patronyme":"MARCEL-PAGNOL","nom_etablissement":"Lyc\u00e9e g\u00e9n\u00e9ral et technologique Marcel Pagnol","statut":"public","contrat_etablissement":null,"adresse_postale":"Avenue de la Terrasse","code_postal":"91201","code_insee":"91027","libelle":"Athis-Mons","telephone":"0169217808","fax":"0169249091","site_web":"http:\/\/www.lyc-pagnol-athis.ac-versailles.fr\/","mail":"ce.0910623H@ac-versailles.fr","ministere_tutelle":"\u00c9ducation nationale","internat":null,"annee_construction":null,"date_maj":"2026-03-12"}},{"type":"Feature","geometry":{"type":"Point","coordinates":[2.326252530262704,48.83401622120104]},"properties":{"code_uai":"0754045P","num_siret":78457363600015,"code_academie":"001","academie":"Paris","dep":"75","sigle_uai":"LPO PR","nature_uai":"lyc\u00e9e polyvalent","patronyme":"SACRE-COEUR-CATHERINE-LABOUR\u00c9","nom_etablissement":"Lyc\u00e9e polyvalent priv\u00e9 Catherine Labour\u00e9","statut":"priv\u00e9","contrat_etablissement":"lyc\u00e9e priv\u00e9 sous contrat \u00c9ducation nationale","adresse_postale":"29 rue Gassendi","code_postal":"75014","code_insee":"75114","libelle":"Paris 14e Arrondissement","telephone":"0143220262","fax":"0143224962","site_web":"http:\/\/www.catherinelaboure.fr\/","mail":"ce.0754045P@ac-paris.fr","ministere_tutelle":"\u00c9ducation nationale","internat":null,"annee_construction":null,"date_maj":"2026-03-12"}},{"type":"Feature","geometry":{"type":"Point","coordinates":[2.3529227848573493,48.828116105925915]},"properties":{"code_uai":"0754924V","num_siret":78454446200038,"code_academie":"001","academie":"Paris","dep":"75","sigle_uai":"LPO PR","nature_uai":"lyc\u00e9e polyvalent","patronyme":"NOTRE-DAME-SAINT-VINCENT-DE-PAUL","nom_etablissement":"Lyc\u00e9e Polyvalent Priv\u00e9 Saint-Vincent-de-Paul","statut":"priv\u00e9","contrat_etablissement":"lyc\u00e9e priv\u00e9 sous contrat \u00c9ducation nationale","adresse_postale":"49 rue Bobillot","code_postal":"75013","code_insee":"75113","libelle":"Paris 13e Arrondissement","telephone":"0145807790","fax":"0145652706","site_web":"www.gs-svp.com","mail":"ce.0754924V@ac-paris.fr","ministere_tutelle":"\u00c9ducation nationale","internat":null,"annee_construction":null,"date_maj":"2026-03-12"}},{"type":"Feature","geometry":{"type":"Point","coordinates":[2.3392948133354463,48.84235506126977]},"properties":{"code_uai":"0750656F","num_siret":19750656100012,"code_academie":"001","academie":"Paris","dep":"75","sigle_uai":"LG","nature_uai":"lyc\u00e9e d'enseignement g\u00e9n\u00e9ral","patronyme":"LAVOISIER","nom_etablissement":"Lyc\u00e9e g\u00e9n\u00e9ral Lavoisier","statut":"public","contrat_etablissement":null,"adresse_postale":"17 rue Henri Barbusse","code_postal":"75005","code_insee":"75105","libelle":"Paris 5e Arrondissement","telephone":"0143295550","fax":"0146347943","site_web":"https:\/\/www.ac-paris.fr\/serail\/jcms\/s2_1814192\/fr\/college-lycee-lavoisier","mail":"ce.0750656F@ac-paris.fr","ministere_tutelle":"\u00c9ducation nationale","internat":null,"annee_construction":null,"date_maj":"2026-03-12"}},{"type":"Feature","geometry":{"type":"Point","coordinates":[2.3415711442982694,48.848974317761076]},"properties":{"code_uai":"0750658H","num_siret":19750658700017,"code_academie":"001","academie":"Paris","dep":"75","sigle_uai":"LG","nature_uai":"lyc\u00e9e d'enseignement g\u00e9n\u00e9ral","patronyme":"SAINT-LOUIS","nom_etablissement":"Lyc\u00e9e g\u00e9n\u00e9ral Saint Louis","statut":"public","contrat_etablissement":null,"adresse_postale":"44 boulevard SAINT MICHEL","code_postal":"75006","code_insee":"75106","libelle":"Paris 6e Arrondissement","telephone":"0153737300","fax":"0153737305","site_web":"https:\/\/www.ac-paris.fr\/serail\/jcms\/s1_2080097\/fr\/lycee-saint-louis","mail":"ce.0750658H@ac-paris.fr","ministere_tutelle":"\u00c9ducation nationale","internat":"Oui","annee_construction":"1820","date_maj":"2026-01-19"}},{"type":"Feature","geometry":{"type":"Point","coordinates":[2.3473846168330463,48.846358457166815]},"properties":{"code_uai":"0750654D","num_siret":19750654600013,"code_academie":"001","academie":"Paris","dep":"75","sigle_uai":"LG","nature_uai":"lyc\u00e9e d'enseignement g\u00e9n\u00e9ral","patronyme":"HENRI-IV","nom_etablissement":"Lyc\u00e9e g\u00e9n\u00e9ral et technologique Henri IV","statut":"public","contrat_etablissement":null,"adresse_postale":"23 rue Clovis","code_postal":"75005","code_insee":"75105","libelle":"Paris 5e Arrondissement","telephone":"0144412121","fax":"0143299521","site_web":"https:\/\/lycee-henri4.com\/","mail":"ce.0750654D@ac-paris.fr","ministere_tutelle":"\u00c9ducation nationale","internat":"Oui","annee_construction":null,"date_maj":"2026-02-02"}},{"type":"Feature","geometry":{"type":"Point","coordinates":[2.3434236459416136,48.881485926285514]},"properties":{"code_uai":"0750668U","num_siret":19750668600017,"code_academie":"001","academie":"Paris","dep":"75","sigle_uai":"LG","nature_uai":"lyc\u00e9e d'enseignement g\u00e9n\u00e9ral","patronyme":"JACQUES-DECOUR","nom_etablissement":"Lyc\u00e9e g\u00e9n\u00e9ral et technologisue Jacques Decour","statut":"public","contrat_etablissement":null,"adresse_postale":"12 AVENUE TRUDAINE","code_postal":"75009","code_insee":"75109","libelle":"Paris 9e Arrondissement","telephone":"0155078040","fax":"0142829340","site_web":"http:\/\/lyc-jacques-decour.scola.ac-paris.fr\/","mail":"ce.0750668U@ac-paris.fr","ministere_tutelle":"\u00c9ducation nationale","internat":null,"annee_construction":"1800","date_maj":"2026-01-23"}},{"type":"Feature","geometry":{"type":"Point","coordinates":[2.285485319788669,48.85958243412165]},"properties":{"code_uai":"0753933T","num_siret":33482162600028,"code_academie":"001","academie":"Paris","dep":"75","sigle_uai":"LG PR","nature_uai":"lyc\u00e9e d'enseignement g\u00e9n\u00e9ral","patronyme":"SAINT-LOUIS-DE-GONZAGUE","nom_etablissement":"Lyc\u00e9e priv\u00e9 Saint Louis de Gonzague","statut":"priv\u00e9","contrat_etablissement":"lyc\u00e9e priv\u00e9 sous contrat \u00c9ducation nationale","adresse_postale":"12 rue Benjamin Franklin","code_postal":"75016","code_insee":"75116","libelle":"Paris 16e Arrondissement","telephone":"0144304550","fax":"0144304555","site_web":"http:\/\/www.franklinparis.fr\/","mail":"franklin@franklinparis.com","ministere_tutelle":"\u00c9ducation nationale","internat":null,"annee_construction":null,"date_maj":"2026-03-12"}},{"type":"Feature","geometry":{"type":"Point","coordinates":[2.3617637806292335,48.817845957870375]},"properties":{"code_uai":"0753834K","num_siret":78425931900035,"code_academie":"001","academie":"Paris","dep":"75","sigle_uai":"LG PR","nature_uai":"lyc\u00e9e d'enseignement g\u00e9n\u00e9ral","patronyme":"YABN\u00c9","nom_etablissement":"Lyc\u00e9e g\u00e9n\u00e9ral priv\u00e9 Yabn\u00e9","statut":"priv\u00e9","contrat_etablissement":"lyc\u00e9e priv\u00e9 sous contrat \u00c9ducation nationale","adresse_postale":"29 avenue L\u00e9on Boll\u00e9e","code_postal":"75013","code_insee":"75113","libelle":"Paris 13e Arrondissement","telephone":"0144248585","fax":"0144248070","site_web":"http:\/\/www.yabne.org\/","mail":"ce.0753834K@ac-paris.fr","ministere_tutelle":"\u00c9ducation nationale","internat":null,"annee_construction":null,"date_maj":"2026-03-12"}},{"type":"Feature","geometry":{"type":"Point","coordinates":[2.341367507753693,48.83306343413634]},"properties":{"code_uai":"0753902J","num_siret":78454450400011,"code_academie":"001","academie":"Paris","dep":"75","sigle_uai":"LG PR","nature_uai":"lyc\u00e9e d'enseignement g\u00e9n\u00e9ral","patronyme":"NOTRE-DAME-DE-FRANCE","nom_etablissement":"Lyc\u00e9e g\u00e9n\u00e9ral priv\u00e9 Notre-Dame de France","statut":"priv\u00e9","contrat_etablissement":"lyc\u00e9e priv\u00e9 sous contrat \u00c9ducation nationale","adresse_postale":"63 rue de la Sant\u00e9","code_postal":"75013","code_insee":"75113","libelle":"Paris 13e Arrondissement","telephone":"0144086970","fax":"0144086971","site_web":"http:\/\/www.notredamedefrance.com\/","mail":"ce.0753902J@ac-paris.fr","ministere_tutelle":"\u00c9ducation nationale","internat":null,"annee_construction":null,"date_maj":"2026-03-12"}},{"type":"Feature","geometry":{"type":"Point","coordinates":[2.4413357373686018,48.84776039414513]},"properties":{"code_uai":"0940877T","num_siret":78580750400044,"code_academie":"024","academie":"Cr\u00e9teil","dep":"94","sigle_uai":"LG PR","nature_uai":"lyc\u00e9e d'enseignement g\u00e9n\u00e9ral","patronyme":"NOTRE-DAME-DE-LA-PROVIDENCE","nom_etablissement":"Lyc\u00e9e g\u00e9n\u00e9ral priv\u00e9 Notre Dame de la Providence","statut":"priv\u00e9","contrat_etablissement":"lyc\u00e9e priv\u00e9 sous contrat \u00c9ducation nationale","adresse_postale":"41 rue de Fontenay","code_postal":"94307","code_insee":"94080","libelle":"Vincennes","telephone":"0143280359","fax":null,"site_web":null,"mail":"ce.0940877T@ac-creteil.fr","ministere_tutelle":"\u00c9ducation nationale","internat":null,"annee_construction":null,"date_maj":"2026-03-12"}},{"type":"Feature","geometry":{"type":"Point","coordinates":[2.517650614506064,48.8929040395444]},"properties":{"code_uai":"0931812P","num_siret":30830259500019,"code_academie":"024","academie":"Cr\u00e9teil","dep":"93","sigle_uai":"LG PR","nature_uai":"lyc\u00e9e d'enseignement g\u00e9n\u00e9ral","patronyme":"SAINT-LOUIS-SAINTE-CLOTILDE","nom_etablissement":"Lyc\u00e9e g\u00e9n\u00e9ral priv\u00e9 Saint Louis-Sainte Clotilde","statut":"priv\u00e9","contrat_etablissement":"lyc\u00e9e priv\u00e9 sous contrat \u00c9ducation nationale","adresse_postale":"37 all\u00e9e de la Fontaine","code_postal":"93340","code_insee":"93062","libelle":"Le Raincy","telephone":"0143013140","fax":null,"site_web":null,"mail":"ce.0931812p@ac-creteil.fr","ministere_tutelle":"\u00c9ducation nationale","internat":null,"annee_construction":null,"date_maj":"2026-03-12"}},{"type":"Feature","geometry":{"type":"Point","coordinates":[2.40461439487343,48.8224352752584]},"properties":{"code_uai":"0941877E","num_siret":31464699300019,"code_academie":"024","academie":"Cr\u00e9teil","dep":"94","sigle_uai":"LG PR","nature_uai":"lyc\u00e9e d'enseignement g\u00e9n\u00e9ral","patronyme":"NOTRE-DAME-DES-MISSIONS","nom_etablissement":"Lyc\u00e9e g\u00e9n\u00e9ral priv\u00e9 Notre Dame des Missions","statut":"priv\u00e9","contrat_etablissement":"lyc\u00e9e priv\u00e9 sous contrat \u00c9ducation nationale","adresse_postale":"4 rue du Pr\u00e9sident Kennedy","code_postal":"94220","code_insee":"94018","libelle":"Charenton-le-Pont","telephone":"0143680528","fax":null,"site_web":null,"mail":"ce.0941877E@ac-creteil.fr","ministere_tutelle":"\u00c9ducation nationale","internat":null,"annee_construction":null,"date_maj":"2026-03-12"}},{"type":"Feature","geometry":{"type":"Point","coordinates":[2.362122823440783,48.85162003692189]},"properties":{"code_uai":"0753824Z","num_siret":30812697800011,"code_academie":"001","academie":"Paris","dep":"75","sigle_uai":"LG PR","nature_uai":"lyc\u00e9e d'enseignement g\u00e9n\u00e9ral","patronyme":"MASSILLON","nom_etablissement":"Lyc\u00e9e g\u00e9n\u00e9ral priv\u00e9 Massillon","statut":"priv\u00e9","contrat_etablissement":"lyc\u00e9e priv\u00e9 sous contrat \u00c9ducation nationale","adresse_postale":"2 bis quai des C\u00e9lestins","code_postal":"75004","code_insee":"75104","libelle":"Paris 4e Arrondissement","telephone":"0153019160","fax":"0142784769","site_web":"http:\/\/ecolemassillon.com\/","mail":"ce.0753824Z@ac-paris.fr","ministere_tutelle":"\u00c9ducation nationale","internat":null,"annee_construction":null,"date_maj":"2026-03-12"}},{"type":"Feature","geometry":{"type":"Point","coordinates":[2.5146635292123767,48.7688488553952]},"properties":{"code_uai":"0940891H","num_siret":78577844000012,"code_academie":"024","academie":"Cr\u00e9teil","dep":"94","sigle_uai":"LG PR","nature_uai":"lyc\u00e9e d'enseignement g\u00e9n\u00e9ral","patronyme":"PETIT-VAL","nom_etablissement":"Lyc\u00e9e g\u00e9n\u00e9ral priv\u00e9 Petit Val","statut":"priv\u00e9","contrat_etablissement":"lyc\u00e9e priv\u00e9 sous contrat \u00c9ducation nationale","adresse_postale":"12 avenue Albert Pleuvry","code_postal":"94370","code_insee":"94071","libelle":"Sucy-en-Brie","telephone":"0145902047","fax":null,"site_web":null,"mail":"ce.0940891H@ac-creteil.fr","ministere_tutelle":"\u00c9ducation nationale","internat":null,"annee_construction":null,"date_maj":"2026-03-12"}},{"type":"Feature","geometry":{"type":"Point","coordinates":[2.470498701841852,48.83634982247131]},"properties":{"code_uai":"0940880W","num_siret":54203105900042,"code_academie":"024","academie":"Cr\u00e9teil","dep":"94","sigle_uai":"LG PR","nature_uai":"lyc\u00e9e d'enseignement g\u00e9n\u00e9ral","patronyme":"ALBERT-DE-MUN","nom_etablissement":"Lyc\u00e9e g\u00e9n\u00e9ral priv\u00e9 Albert de Mun","statut":"priv\u00e9","contrat_etablissement":"lyc\u00e9e priv\u00e9 sous contrat \u00c9ducation nationale","adresse_postale":"5 avenue Georges Cl\u00e9menceau","code_postal":"94736","code_insee":"94052","libelle":"Nogent-sur-Marne","telephone":"0148737991","fax":null,"site_web":null,"mail":"ce.0940880W@ac-creteil.fr","ministere_tutelle":"\u00c9ducation nationale","internat":null,"annee_construction":null,"date_maj":"2026-03-12"}},{"type":"Feature","geometry":{"type":"Point","coordinates":[2.403435669073458,48.767248757105854]},"properties":{"code_uai":"0940853S","num_siret":77568879900052,"code_academie":"024","academie":"Cr\u00e9teil","dep":"94","sigle_uai":"LP PR","nature_uai":"lyc\u00e9e professionnel","patronyme":"CLAUDE-FRAN\u00c7OIS-POULLART-DES-PLACES","nom_etablissement":"Lyc\u00e9e professionnel priv\u00e9 Poullart des Places","statut":"priv\u00e9","contrat_etablissement":"lyc\u00e9e priv\u00e9 sous contrat \u00c9ducation nationale","adresse_postale":"3 boulevard de Stalingrad","code_postal":"94320","code_insee":"94073","libelle":"Thiais","telephone":"0158427592","fax":null,"site_web":null,"mail":"ce.0940853s@ac-creteil.fr","ministere_tutelle":"\u00c9ducation nationale","internat":null,"annee_construction":null,"date_maj":"2026-03-12"}},{"type":"Feature","geometry":{"type":"Point","coordinates":[2.490611322775166,48.90468718383612]},"properties":{"code_uai":"0932368U","num_siret":32841304200016,"code_academie":"024","academie":"Cr\u00e9teil","dep":"93","sigle_uai":"SEP PR","nature_uai":"Section d\u2019enseignement professionnel","patronyme":"ASSOMPTION (SEP)","nom_etablissement":"Section d'enseignement professionnel Lyc\u00e9e Assomption","statut":"priv\u00e9","contrat_etablissement":"autres \u00e9tablissements","adresse_postale":"12 avenue de Verdun","code_postal":"93140","code_insee":"93010","libelle":"Bondy","telephone":"0148495174","fax":null,"site_web":null,"mail":"ce.0932368U@ac-creteil.fr","ministere_tutelle":"\u00c9ducation nationale","internat":null,"annee_construction":null,"date_maj":"2026-03-12"}},{"type":"Feature","geometry":{"type":"Point","coordinates":[2.325294407502814,48.827310479148025]},"properties":{"code_uai":"0753825A","num_siret":77567216500922,"code_academie":"001","academie":"Paris","dep":"75","sigle_uai":"LH PR","nature_uai":"\u00e9cole secondaire sp\u00e9cialis\u00e9e (2nd cycle)","patronyme":"MORVAN","nom_etablissement":"Lyc\u00e9e priv\u00e9 Morvan","statut":"priv\u00e9","contrat_etablissement":"lyc\u00e9e priv\u00e9 sous contrat \u00c9ducation nationale","adresse_postale":"16, avenue Jean Moulin","code_postal":"75014","code_insee":"75114","libelle":"Paris 14e Arrondissement","telephone":"0148741009","fax":null,"site_web":"http:\/\/www.clgmorvan.org\/","mail":"ce.0753825A@ac-paris.fr","ministere_tutelle":"\u00c9ducation nationale","internat":null,"annee_construction":null,"date_maj":"2026-03-12"}},{"type":"Feature","geometry":{"type":"Point","coordinates":[2.3291506549534873,48.79227481375514]},"properties":{"code_uai":"0940823J","num_siret":77811484300049,"code_academie":"024","academie":"Cr\u00e9teil","dep":"94","sigle_uai":"LP PR METIER","nature_uai":"lyc\u00e9e professionnel","patronyme":"ROBERT-KELLER","nom_etablissement":"Lyc\u00e9e Professionnel Priv\u00e9 Robert Keller - Lyc\u00e9e des m\u00e9tiers Aide \u00e0 la personne, s\u00e9curit\u00e9, Commerce et Electricit\u00e9","statut":"priv\u00e9","contrat_etablissement":"lyc\u00e9e priv\u00e9 sous contrat \u00c9ducation nationale","adresse_postale":"36 avenue du Pr\u00e9sident Wilson","code_postal":"94234","code_insee":"94016","libelle":"Cachan","telephone":"0145467080","fax":null,"site_web":null,"mail":"ce.0940823J@ac-creteil.Fr","ministere_tutelle":"\u00c9ducation nationale","internat":null,"annee_construction":null,"date_maj":"2026-03-12"}},{"type":"Feature","geometry":{"type":"Point","coordinates":[2.5490887631686205,48.846151027322726]},"properties":{"code_uai":"0931369H","num_siret":33993383000012,"code_academie":"024","academie":"Cr\u00e9teil","dep":"93","sigle_uai":"LP PR METIER","nature_uai":"lyc\u00e9e professionnel","patronyme":"FRANCOISE-CABRINI (PROFESSIONNEL)","nom_etablissement":"Lyc\u00e9e professionnel priv\u00e9 Fran\u00e7oise Cabrini - Lyc\u00e9e des m\u00e9tiers polyvalent des services et de la transition \u00e9nerg\u00e9tique","statut":"priv\u00e9","contrat_etablissement":"lyc\u00e9e priv\u00e9 sous contrat \u00c9ducation nationale","adresse_postale":"20 rue du Docteur Sureau","code_postal":"93167","code_insee":"93051","libelle":"Noisy-le-Grand","telephone":"0148151625","fax":null,"site_web":null,"mail":"ce.0931369H@ac-creteil.fr","ministere_tutelle":"\u00c9ducation nationale","internat":null,"annee_construction":null,"date_maj":"2026-03-12"}},{"type":"Feature","geometry":{"type":"Point","coordinates":[2.4269005402491595,48.8467900679428]},"properties":{"code_uai":"0940124Z","num_siret":19940124100021,"code_academie":"024","academie":"Cr\u00e9teil","dep":"94","sigle_uai":"LGT","nature_uai":"lyc\u00e9e d'enseignement g\u00e9n\u00e9ral et technologique","patronyme":"HECTOR-BERLIOZ","nom_etablissement":"Lyc\u00e9e g\u00e9n\u00e9ral et technologique Hector Berlioz","statut":"public","contrat_etablissement":null,"adresse_postale":"8 avenue Quinson","code_postal":"94307","code_insee":"94080","libelle":"Vincennes","telephone":"0143283282","fax":null,"site_web":"http:\/\/www.cite-scolaire-berlioz.org\/","mail":"ce.0940124Z@ac-creteil.fr","ministere_tutelle":"\u00c9ducation nationale","internat":null,"annee_construction":null,"date_maj":"2026-03-12"}},{"type":"Feature","geometry":{"type":"Point","coordinates":[2.2417255523005926,48.82698608047683]},"properties":{"code_uai":"0922801V","num_siret":20007691700018,"code_academie":"025","academie":"Versailles","dep":"92","sigle_uai":"LGT","nature_uai":"lyc\u00e9e d'enseignement g\u00e9n\u00e9ral et technologique","patronyme":"SIMONE-VEIL","nom_etablissement":"Lyc\u00e9e g\u00e9n\u00e9ral et technologique Simone Veil","statut":"public","contrat_etablissement":null,"adresse_postale":"6 place Jules Guesde","code_postal":"92100","code_insee":"92012","libelle":"Boulogne-Billancourt","telephone":"01.40.84.72.20","fax":null,"site_web":"http:\/\/www.lyc-0922801v-boulogne.ac-versailles.fr\/","mail":"ce.0922801V@ac-versailles.fr","ministere_tutelle":"\u00c9ducation nationale","internat":null,"annee_construction":"2018","date_maj":"2026-03-12"}},{"type":"Feature","geometry":{"type":"Point","coordinates":[2.4240720744403896,48.626017144327726]},"properties":{"code_uai":"0911251R","num_siret":19911251700016,"code_academie":"025","academie":"Versailles","dep":"91","sigle_uai":"LGT","nature_uai":"lyc\u00e9e d'enseignement g\u00e9n\u00e9ral et technologique","patronyme":"PARC-DES-LOGES","nom_etablissement":"Lyc\u00e9e g\u00e9n\u00e9ral et technologique Parc des Loges","statut":"public","contrat_etablissement":null,"adresse_postale":"Boulevard des Champs Elys\u00e9es","code_postal":"91000","code_insee":"91228","libelle":"\u00c9vry-Courcouronnes","telephone":"0160776172","fax":"0160774785","site_web":"http:\/\/www.lyc-parc-evry.ac-versailles.fr\/","mail":"ce.0911251R@ac-versailles.fr","ministere_tutelle":"\u00c9ducation nationale","internat":null,"annee_construction":"1972","date_maj":"2026-03-12"}},{"type":"Feature","geometry":{"type":"Point","coordinates":[2.277245906236283,48.76898571363668]},"properties":{"code_uai":"0920135X","num_siret":19920135100012,"code_academie":"025","academie":"Versailles","dep":"92","sigle_uai":"LGT","nature_uai":"lyc\u00e9e d'enseignement g\u00e9n\u00e9ral et technologique","patronyme":"EMMANUEL-MOUNIER","nom_etablissement":"Lyc\u00e9e g\u00e9n\u00e9ral et technologique Emmanuel Mounier","statut":"public","contrat_etablissement":null,"adresse_postale":"35 RUE DES PRES HAUTS","code_postal":"92290","code_insee":"92019","libelle":"Ch\u00e2tenay-Malabry","telephone":"0141876030","fax":"0147022032","site_web":"http:\/\/www.lyc-jaures-chatenay.ac-versailles.fr\/","mail":"ce.0920135X@ac-versailles.fr","ministere_tutelle":"\u00c9ducation nationale","internat":null,"annee_construction":"1963","date_maj":"2026-01-13"}},{"type":"Feature","geometry":{"type":"Point","coordinates":[2.2556102795283532,48.89137296187969]},"properties":{"code_uai":"0922867S","num_siret":20008962100011,"code_academie":"025","academie":"Versailles","dep":"92","sigle_uai":"LGT","nature_uai":"lyc\u00e9e d'enseignement g\u00e9n\u00e9ral et technologique","patronyme":"\u00c9COLE-EUROP\u00c9ENNE-PARIS-LA-D\u00c9FENSE","nom_etablissement":"Lyc\u00e9e g\u00e9n\u00e9ral et technologique Ecole europ\u00e9enne de Paris La D\u00e9fense","statut":"public","contrat_etablissement":null,"adresse_postale":"13 rue de l'Industrie","code_postal":"92400","code_insee":"92026","libelle":"Courbevoie","telephone":null,"fax":null,"site_web":null,"mail":"ce.0922867S@ac-versailles.fr","ministere_tutelle":"\u00c9ducation nationale","internat":null,"annee_construction":null,"date_maj":"2026-01-13"}},{"type":"Feature","geometry":{"type":"Point","coordinates":[2.5564423463815262,48.79882528150389]},"properties":{"code_uai":"0941470M","num_siret":19941470700018,"code_academie":"024","academie":"Cr\u00e9teil","dep":"94","sigle_uai":"LGT","nature_uai":"lyc\u00e9e d'enseignement g\u00e9n\u00e9ral et technologique","patronyme":"SAMUEL-DE-CHAMPLAIN","nom_etablissement":"Lyc\u00e9e polyvalent Samuel de Champlain","statut":"public","contrat_etablissement":null,"adresse_postale":"61 rue DES BORDES","code_postal":"94430","code_insee":"94019","libelle":"Chennevi\u00e8res-sur-Marne","telephone":"0156861910","fax":"0145769169","site_web":"http:\/\/www.lyceeschamplain.fr\/","mail":"ce.0941470M@ac-creteil.fr","ministere_tutelle":"\u00c9ducation nationale","internat":null,"annee_construction":"1976","date_maj":"2026-02-16"}},{"type":"Feature","geometry":{"type":"Point","coordinates":[2.0994798788149396,49.052231107321504]},"properties":{"code_uai":"0950761L","num_siret":30409525000011,"code_academie":"025","academie":"Versailles","dep":"95","sigle_uai":"LPO PR","nature_uai":"lyc\u00e9e polyvalent","patronyme":"NOTRE-DAME-DE-LA-COMPASSION","nom_etablissement":"Lyc\u00e9e polyvalent priv\u00e9 Notre Dame de La Compassion","statut":"priv\u00e9","contrat_etablissement":"lyc\u00e9e priv\u00e9 sous contrat \u00c9ducation nationale","adresse_postale":"8 place Nicolas Flamel","code_postal":"95300","code_insee":"95500","libelle":"Pontoise","telephone":"0134416100","fax":"0134416101","site_web":null,"mail":"ce.0950761L@ac-versailles.fr","ministere_tutelle":"\u00c9ducation nationale","internat":null,"annee_construction":null,"date_maj":"2026-03-12"}},{"type":"Feature","geometry":{"type":"Point","coordinates":[2.3074889584434857,48.885902436925115]},"properties":{"code_uai":"0754081D","num_siret":77569150400028,"code_academie":"001","academie":"Paris","dep":"75","sigle_uai":"LG PR","nature_uai":"lyc\u00e9e d'enseignement g\u00e9n\u00e9ral","patronyme":"SAINTE-URSULE-LOUISE-DE-BETTIGNIES","nom_etablissement":"Lyc\u00e9e priv\u00e9 Sainte Ursule-Louise de Bettignies","statut":"priv\u00e9","contrat_etablissement":"lyc\u00e9e priv\u00e9 sous contrat \u00c9ducation nationale","adresse_postale":"25 rue Daubigny","code_postal":"75017","code_insee":"75117","libelle":"Paris 17e Arrondissement","telephone":"0142277581","fax":"0142279655","site_web":"http:\/\/www.ste-ursule.fr\/","mail":"ce.0754081D@ac-paris.fr","ministere_tutelle":"\u00c9ducation nationale","internat":null,"annee_construction":null,"date_maj":"2026-03-12"}},{"type":"Feature","geometry":{"type":"Point","coordinates":[2.386460097915849,48.91119017642334]},"properties":{"code_uai":"0932110N","num_siret":90750918600017,"code_academie":"024","academie":"Cr\u00e9teil","dep":"93","sigle_uai":"LG PR","nature_uai":"lyc\u00e9e d'enseignement g\u00e9n\u00e9ral","patronyme":"CHNE-OR-PLAOT-FORMATION","nom_etablissement":"Lyc\u00e9e g\u00e9n\u00e9ral priv\u00e9 Chn\u00e9 Or","statut":"priv\u00e9","contrat_etablissement":"lyc\u00e9e priv\u00e9 sous contrat \u00c9ducation nationale","adresse_postale":"17 rue du Clos B\u00e9nard","code_postal":"93300","code_insee":"93001","libelle":"Aubervilliers","telephone":"0141611790","fax":null,"site_web":null,"mail":"ce.0932110N@ac-creteil.fr","ministere_tutelle":"\u00c9ducation nationale","internat":null,"annee_construction":null,"date_maj":"2026-03-12"}},{"type":"Feature","geometry":{"type":"Point","coordinates":[2.1497513737726384,48.810176463250876]},"properties":{"code_uai":"0782603F","num_siret":19782603500010,"code_academie":"025","academie":"Versailles","dep":"78","sigle_uai":"LP","nature_uai":"lyc\u00e9e professionnel","patronyme":"JACQUES-PR\u00c9VERT","nom_etablissement":"Lyc\u00e9e professionnel Jacques Pr\u00e9vert","statut":"public","contrat_etablissement":null,"adresse_postale":"88 avenue DES ETATS UNIS","code_postal":"78000","code_insee":"78646","libelle":"Versailles","telephone":"0139072840","fax":"0139518426","site_web":"http:\/\/www.lyc-prevert-versailles.ac-versailles.fr\/","mail":"ce.0782603F@ac-versailles.fr","ministere_tutelle":"\u00c9ducation nationale","internat":null,"annee_construction":"1920","date_maj":"2026-01-23"}},{"type":"Feature","geometry":{"type":"Point","coordinates":[2.0871078386475665,49.006431317133604]},"properties":{"code_uai":"0783447Y","num_siret":19782577100011,"code_academie":"025","academie":"Versailles","dep":"78","sigle_uai":"LP","nature_uai":"lyc\u00e9e professionnel","patronyme":"SIMONE-WEIL","nom_etablissement":"Lyc\u00e9e professionnel Simone Weil","statut":"public","contrat_etablissement":null,"adresse_postale":"8 rue du Val d'Oise","code_postal":"78700","code_insee":"78172","libelle":"Conflans-Sainte-Honorine","telephone":"0139198826","fax":"0139726711","site_web":"http:\/\/www.lyc-weil-conflans.ac-versailles.fr\/","mail":"ce.0783447Y@ac-versailles.fr","ministere_tutelle":"\u00c9ducation nationale","internat":"Oui","annee_construction":"1974","date_maj":"2026-03-27"}},{"type":"Feature","geometry":{"type":"Point","coordinates":[2.350712236765382,48.80228099461428]},"properties":{"code_uai":"0941474S","num_siret":19941474900010,"code_academie":"024","academie":"Cr\u00e9teil","dep":"94","sigle_uai":"LPO","nature_uai":"lyc\u00e9e polyvalent","patronyme":"DARIUS-MILHAUD","nom_etablissement":"Lyc\u00e9e polyvalent Darius Milhaud","statut":"public","contrat_etablissement":null,"adresse_postale":"80 rue DU PROFESSEUR BERGONIE","code_postal":"94276","code_insee":"94043","libelle":"Le Kremlin-Bic\u00eatre","telephone":"0143901515","fax":"0143901573","site_web":"http:\/\/www.ldm94.fr\/","mail":"ce.0941474S@ac-creteil.fr","ministere_tutelle":"\u00c9ducation nationale","internat":null,"annee_construction":"1975","date_maj":"2026-02-10"}},{"type":"Feature","geometry":{"type":"Point","coordinates":[2.0735395678037825,48.970735004341044]},"properties":{"code_uai":"0781950W","num_siret":19781950100010,"code_academie":"025","academie":"Versailles","dep":"78","sigle_uai":"LPO","nature_uai":"lyc\u00e9e polyvalent","patronyme":"LOUISE-WEISS","nom_etablissement":"Lyc\u00e9e polyvalent Louise Weiss","statut":"public","contrat_etablissement":null,"adresse_postale":"201 avenue du G\u00e9n\u00e9ral de Gaulle","code_postal":"78260","code_insee":"78005","libelle":"Ach\u00e8res","telephone":"0139220857","fax":"0139113046","site_web":"http:\/\/www.lyc-weiss-acheres.ac-versailles.fr\/index.php","mail":"ce.0781950W@ac-versailles.fr","ministere_tutelle":"\u00c9ducation nationale","internat":null,"annee_construction":"1993","date_maj":"2026-03-12"}},{"type":"Feature","geometry":{"type":"Point","coordinates":[2.6726315665095157,48.53091007605829]},"properties":{"code_uai":"0772310T","num_siret":19772310900017,"code_academie":"024","academie":"Cr\u00e9teil","dep":"77","sigle_uai":"LPO","nature_uai":"lyc\u00e9e polyvalent","patronyme":"SIMONE-SIGNORET","nom_etablissement":"Lyc\u00e9e polyvalent Simone Signoret","statut":"public","contrat_etablissement":null,"adresse_postale":"Place DU 14 JUILLET","code_postal":"77000","code_insee":"77487","libelle":"Vaux-le-P\u00e9nil","telephone":"0160682464","fax":"0164093063","site_web":"http:\/\/lycee-signoret.fr\/","mail":"ce.0772310T@ac-creteil.fr","ministere_tutelle":"\u00c9ducation nationale","internat":null,"annee_construction":"1989","date_maj":"2026-02-03"}},{"type":"Feature","geometry":{"type":"Point","coordinates":[2.338313850349661,48.91757977838111]},"properties":{"code_uai":"0932074Z","num_siret":19932074800015,"code_academie":"024","academie":"Cr\u00e9teil","dep":"93","sigle_uai":"LPO","nature_uai":"lyc\u00e9e polyvalent","patronyme":"MARCEL-CACHIN","nom_etablissement":"Lyc\u00e9e polyvalent Marcel Cachin","statut":"public","contrat_etablissement":null,"adresse_postale":"11 rue MARCEL CACHIN","code_postal":"93400","code_insee":"93070","libelle":"Saint-Ouen-sur-Seine","telephone":"0149189750","fax":"0149189767","site_web":"http:\/\/lyceemarcelcachin.fr\/","mail":"ce.0932074Z@ac-creteil.fr","ministere_tutelle":"\u00c9ducation nationale","internat":null,"annee_construction":"1965","date_maj":"2026-03-12"}},{"type":"Feature","geometry":{"type":"Point","coordinates":[2.7050059407288605,48.84183820722432]},"properties":{"code_uai":"0772627M","num_siret":37927877300013,"code_academie":"024","academie":"Cr\u00e9teil","dep":"77","sigle_uai":"SEP PR","nature_uai":"Section d\u2019enseignement professionnel","patronyme":"MAURICE-RONDEAU (SEP)","nom_etablissement":"Section d'Enseignement Professionnel Maurice Rondeau","statut":"priv\u00e9","contrat_etablissement":"autres \u00e9tablissements","adresse_postale":"1 PLACE DU CLOS SAINT GEORGES","code_postal":"77600","code_insee":"77058","libelle":"Bussy-Saint-Georges","telephone":"0164660878","fax":null,"site_web":null,"mail":"ce.0772627m@ac-creteil.fr","ministere_tutelle":"\u00c9ducation nationale","internat":null,"annee_construction":null,"date_maj":"2026-03-12"}},{"type":"Feature","geometry":{"type":"Point","coordinates":[2.2293480169597135,48.84289076184112]},"properties":{"code_uai":"0920898B","num_siret":32167859100017,"code_academie":"025","academie":"Versailles","dep":"92","sigle_uai":"LGT PR","nature_uai":"lyc\u00e9e d'enseignement g\u00e9n\u00e9ral et technologique","patronyme":"RAMBAM (Ma\u00eemonide)","nom_etablissement":"Lyc\u00e9e g\u00e9n\u00e9ral et technologique priv\u00e9 Rambam","statut":"priv\u00e9","contrat_etablissement":"lyc\u00e9e priv\u00e9 sous contrat \u00c9ducation nationale","adresse_postale":"11 rue des Abondances","code_postal":"92100","code_insee":"92012","libelle":"Boulogne-Billancourt","telephone":"0146052719","fax":"0147129198","site_web":null,"mail":"ce.0920898B@ac-versailles.fr","ministere_tutelle":"\u00c9ducation nationale","internat":null,"annee_construction":null,"date_maj":"2026-03-12"}},{"type":"Feature","geometry":{"type":"Point","coordinates":[2.708835438362456,48.873392354181284]},"properties":{"code_uai":"0771237B","num_siret":78495255800012,"code_academie":"024","academie":"Cr\u00e9teil","dep":"77","sigle_uai":"LGT PR","nature_uai":"lyc\u00e9e d'enseignement g\u00e9n\u00e9ral et technologique","patronyme":"SAINT-LAURENT-LA-PAIX-NOTRE-DAME","nom_etablissement":"Lyc\u00e9e g\u00e9n\u00e9ral et technologique priv\u00e9 Saint Laurent La Paix Notre Dame","statut":"priv\u00e9","contrat_etablissement":"lyc\u00e9e priv\u00e9 sous contrat \u00c9ducation nationale","adresse_postale":"43 rue Alfred Brebion","code_postal":"77400","code_insee":"77243","libelle":"Lagny-sur-Marne","telephone":"0164124700","fax":null,"site_web":null,"mail":"ce.0771237B@ac-creteil.fr","ministere_tutelle":"\u00c9ducation nationale","internat":null,"annee_construction":null,"date_maj":"2026-03-12"}},{"type":"Feature","geometry":{"type":"Point","coordinates":[2.255350262968282,48.93177221356595]},"properties":{"code_uai":"0921229L","num_siret":19921229100017,"code_academie":"025","academie":"Versailles","dep":"92","sigle_uai":"LPO LYC METIER","nature_uai":"lyc\u00e9e polyvalent","patronyme":"ANATOLE-FRANCE","nom_etablissement":"Lyc\u00e9e polyvalent Anatole-France - Lyc\u00e9e des m\u00e9tiers de l'\u00e9lectrotechnique, de l'\u00e9lectricit\u00e9, des services aux collectivit\u00e9s et \u00e0 l'environnement","statut":"public","contrat_etablissement":null,"adresse_postale":"130 boulevard de Valmy","code_postal":"92700","code_insee":"92025","libelle":"Colombes","telephone":"0147841034","fax":"0147808764","site_web":"http:\/\/www.lyc-france-colombes.ac-versailles.fr\/","mail":"ce.0921229L@ac-versailles.fr","ministere_tutelle":"\u00c9ducation nationale","internat":null,"annee_construction":"1970","date_maj":"2026-03-12"}},{"type":"Feature","geometry":{"type":"Point","coordinates":[2.520260925956096,48.861536325966085]},"properties":{"code_uai":"0932291K","num_siret":19931609200014,"code_academie":"024","academie":"Cr\u00e9teil","dep":"93","sigle_uai":"LPO LYC METIER","nature_uai":"lyc\u00e9e polyvalent","patronyme":"NICOLAS-JOSEPH-CUGNOT","nom_etablissement":"Lyc\u00e9e polyvalent Nicolas-Joseph Cugnot  - Lyc\u00e9e des m\u00e9tiers de l'automobile et des engins motoris\u00e9s","statut":"public","contrat_etablissement":null,"adresse_postale":"55 boulevard LOUIS ARMAND","code_postal":"93330","code_insee":"93050","libelle":"Neuilly-sur-Marne","telephone":"0149448110","fax":"0149448139","site_web":"https:\/\/www.lyceecugnot.fr\/","mail":"ce.0932291K@ac-creteil.fr","ministere_tutelle":"\u00c9ducation nationale","internat":null,"annee_construction":"1976","date_maj":"2025-07-08"}},{"type":"Feature","geometry":{"type":"Point","coordinates":[2.4237637613102048,48.78664176268498]},"properties":{"code_uai":"0940126B","num_siret":19940126600036,"code_academie":"024","academie":"Cr\u00e9teil","dep":"94","sigle_uai":"LPO LYC METIER","nature_uai":"lyc\u00e9e polyvalent","patronyme":"MAXIMILIEN-PERRET","nom_etablissement":"Lyc\u00e9e polyvalent Maximilien Perret","statut":"public","contrat_etablissement":null,"adresse_postale":"Place SAN BENEDETTO DEL TRONTO","code_postal":"94141","code_insee":"94002","libelle":"Alfortville","telephone":"0143535200","fax":"0143535201","site_web":"http:\/\/www.maxp.fr\/","mail":"ce.0940126B@ac-creteil.fr","ministere_tutelle":"\u00c9ducation nationale","internat":null,"annee_construction":"1997","date_maj":"2026-02-03"}},{"type":"Feature","geometry":{"type":"Point","coordinates":[2.1301623470731075,49.05795045401262]},"properties":{"code_uai":"0951104J","num_siret":19951104900017,"code_academie":"025","academie":"Versailles","dep":"95","sigle_uai":"LPO","nature_uai":"lyc\u00e9e polyvalent","patronyme":"JEAN-PERRIN","nom_etablissement":"Lyc\u00e9e polyvalent Jean Perrin","statut":"public","contrat_etablissement":null,"adresse_postale":"2 rue des Egalisses","code_postal":"95310","code_insee":"95572","libelle":"Saint-Ouen-l'Aum\u00f4ne","telephone":"0134325828","fax":"0130370040","site_web":null,"mail":"ce.0951104J@ac-versailles.fr","ministere_tutelle":"\u00c9ducation nationale","internat":"Non","annee_construction":"1973","date_maj":"2026-03-12"}},{"type":"Feature","geometry":{"type":"Point","coordinates":[2.1661385949951097,48.676802942964635]},"properties":{"code_uai":"0911492C","num_siret":19911492700015,"code_academie":"025","academie":"Versailles","dep":"91","sigle_uai":"LPO","nature_uai":"lyc\u00e9e polyvalent","patronyme":"ESSOURIAU (DE L')","nom_etablissement":"Lyc\u00e9e polyvalent L'Essouriau","statut":"public","contrat_etablissement":null,"adresse_postale":"Avenue de Dordogne","code_postal":"91940","code_insee":"91692","libelle":"Les Ulis","telephone":"0164868282","fax":"0164868299","site_web":"www.lyc-lessouriau-les-ulis.ac-versailles.fr\/","mail":"ce.0911492C@ac-versailles.fr","ministere_tutelle":"\u00c9ducation nationale","internat":null,"annee_construction":"1976","date_maj":"2026-03-12"}},{"type":"Feature","geometry":{"type":"Point","coordinates":[3.292234142318948,48.56122970638866]},"properties":{"code_uai":"0770942F","num_siret":19772437000014,"code_academie":"024","academie":"Cr\u00e9teil","dep":"77","sigle_uai":"LPO","nature_uai":"lyc\u00e9e polyvalent","patronyme":"THIBAUT-DE-CHAMPAGNE","nom_etablissement":"Lyc\u00e9e polyvalent Thibaut de Champagne","statut":"public","contrat_etablissement":null,"adresse_postale":"3 rue du Coll\u00e8ge","code_postal":"77160","code_insee":"77379","libelle":"Provins","telephone":"0164003333","fax":"0164000745","site_web":"http:\/\/www.lyceethibautdechampagne.com\/","mail":"ce.0770942F@ac-creteil.fr","ministere_tutelle":"\u00c9ducation nationale","internat":"Non","annee_construction":"1964","date_maj":"2026-01-15"}},{"type":"Feature","geometry":{"type":"Point","coordinates":[2.608798566040047,48.57265222109859]},"properties":{"code_uai":"0772332S","num_siret":19772332300014,"code_academie":"024","academie":"Cr\u00e9teil","dep":"77","sigle_uai":"LPO","nature_uai":"lyc\u00e9e polyvalent","patronyme":"SONIA-DELAUNAY","nom_etablissement":"Lyc\u00e9e polyvalent Sonia Delaunay","statut":"public","contrat_etablissement":null,"adresse_postale":"1 rue du Lyc\u00e9e","code_postal":"77240","code_insee":"77067","libelle":"Cesson","telephone":"0164412929","fax":"0164412928","site_web":"http:\/\/www.lyceesoniadelaunay77.com\/","mail":"ce.0772332S@ac-creteil.fr","ministere_tutelle":"\u00c9ducation nationale","internat":null,"annee_construction":"1994","date_maj":"2026-03-27"}},{"type":"Feature","geometry":{"type":"Point","coordinates":[2.3694117398901255,48.95257590227558]},"properties":{"code_uai":"0932030B","num_siret":19932030000023,"code_academie":"024","academie":"Cr\u00e9teil","dep":"93","sigle_uai":"LPO","nature_uai":"lyc\u00e9e polyvalent","patronyme":"MAURICE-UTRILLO","nom_etablissement":"Lyc\u00e9e polyvalent Maurice Utrillo","statut":"public","contrat_etablissement":null,"adresse_postale":"152 rue JEAN DURAND","code_postal":"93240","code_insee":"93072","libelle":"Stains","telephone":"0149714000","fax":"0142350855","site_web":"http:\/\/lyceeutrillo.fr\/","mail":"ce.0932030B@ac-creteil.fr","ministere_tutelle":"\u00c9ducation nationale","internat":null,"annee_construction":"1993","date_maj":"2026-03-12"}},{"type":"Feature","geometry":{"type":"Point","coordinates":[2.41118910185216,48.63932102544692]},"properties":{"code_uai":"0911578W","num_siret":19911578300011,"code_academie":"025","academie":"Versailles","dep":"91","sigle_uai":"LPO","nature_uai":"lyc\u00e9e polyvalent","patronyme":"PIERRE-MEND\u00c8S-FRANCE","nom_etablissement":"Lyc\u00e9e polyvalent Pierre Mend\u00e8s France","statut":"public","contrat_etablissement":null,"adresse_postale":"1 place Fr\u00e9d\u00e9ric Chichin","code_postal":"91130","code_insee":"91521","libelle":"Ris-Orangis","telephone":"0169430690","fax":"0169436208","site_web":"http:\/\/www.lyc-mendesfrance-ris.ac-versailles.fr\/","mail":"ce.0911578W@ac-versailles.fr","ministere_tutelle":"\u00c9ducation nationale","internat":null,"annee_construction":"1979","date_maj":"2026-03-12"}},{"type":"Feature","geometry":{"type":"Point","coordinates":[2.1083446404604307,49.02192672562954]},"properties":{"code_uai":"0951618T","num_siret":19951618800018,"code_academie":"025","academie":"Versailles","dep":"95","sigle_uai":"LP LYC METIER","nature_uai":"lyc\u00e9e professionnel","patronyme":"AUGUSTE-ESCOFFIER","nom_etablissement":"Lyc\u00e9e professionnel Auguste Escoffier - Lyc\u00e9e de la gastronomie et des \u00e9nergies","statut":"public","contrat_etablissement":null,"adresse_postale":"77 rue DE PIERRELAYE","code_postal":"95610","code_insee":"95218","libelle":"\u00c9ragny","telephone":"0134024080","fax":"0134489325","site_web":"http:\/\/www.lyc-escoffier-eragny.ac-versailles.fr\/","mail":"ce.0951618T@ac-versailles.fr","ministere_tutelle":"\u00c9ducation nationale","internat":"Oui","annee_construction":"1984","date_maj":"2026-01-29"}},{"type":"Feature","geometry":{"type":"Point","coordinates":[2.3928408606033575,48.85215488666993]},"properties":{"code_uai":"0750778N","num_siret":19750778300011,"code_academie":"001","academie":"Paris","dep":"75","sigle_uai":"LP LYC METIER","nature_uai":"lyc\u00e9e professionnel","patronyme":"TURQUETIL","nom_etablissement":"Lyc\u00e9e Professionnel Turquetil","statut":"public","contrat_etablissement":null,"adresse_postale":"18 passage TURQUETIL","code_postal":"75011","code_insee":"75111","libelle":"Paris 11e Arrondissement","telephone":"0143702013","fax":"0143730316","site_web":"https:\/\/www.ac-paris.fr\/serail\/jcms\/s1_1466684\/fr\/lycee-turquetil","mail":"ce.0750778N@ac-paris.fr","ministere_tutelle":"\u00c9ducation nationale","internat":null,"annee_construction":"1900","date_maj":"2026-01-27"}},{"type":"Feature","geometry":{"type":"Point","coordinates":[2.4202747764766652,48.626687758550254]},"properties":{"code_uai":"0911828T","num_siret":19911828200011,"code_academie":"025","academie":"Versailles","dep":"91","sigle_uai":"LPO LYC METIER","nature_uai":"lyc\u00e9e polyvalent","patronyme":"GEORGES-BRASSENS","nom_etablissement":"Lyc\u00e9e polyvalent Georges Brassens, lyc\u00e9e des m\u00e9tiers du num\u00e9rique et des arts appliqu\u00e9s","statut":"public","contrat_etablissement":null,"adresse_postale":"8 rue Georges Brassens","code_postal":"91000","code_insee":"91228","libelle":"\u00c9vry-Courcouronnes","telephone":"0169475470","fax":"0160793117","site_web":"http:\/\/www.lyc-brassens-courcouronnes.ac-versailles.fr\/","mail":"ce.0911828T@ac-versailles.fr","ministere_tutelle":"\u00c9ducation nationale","internat":null,"annee_construction":"1983","date_maj":"2026-03-12"}},{"type":"Feature","geometry":{"type":"Point","coordinates":[1.9810310827260558,48.77727873583435]},"properties":{"code_uai":"0780273Y","num_siret":19780273900015,"code_academie":"025","academie":"Versailles","dep":"78","sigle_uai":"LPO LYC METIER","nature_uai":"lyc\u00e9e polyvalent","patronyme":"LOUIS-BL\u00c9RIOT","nom_etablissement":"Lyc\u00e9e polyvalent Louis Bl\u00e9riot - Lyc\u00e9e des m\u00e9tiers de l'industrie connect\u00e9e, de la s\u00e9curit\u00e9 et des services","statut":"public","contrat_etablissement":null,"adresse_postale":"1 rue L\u00e9o Lagrange","code_postal":"78197","code_insee":"78621","libelle":"Trappes","telephone":"0130518818","fax":"0130517518","site_web":"http:\/\/www.lyc-bleriot-trappes.ac-versailles.fr\/","mail":"ce.0780273Y@ac-versailles.fr","ministere_tutelle":"\u00c9ducation nationale","internat":null,"annee_construction":"1970","date_maj":"2026-03-12"}},{"type":"Feature","geometry":{"type":"Point","coordinates":[2.4307211572569147,48.874883930460726]},"properties":{"code_uai":"0932119Y","num_siret":19932119100017,"code_academie":"024","academie":"Cr\u00e9teil","dep":"93","sigle_uai":"LPO LYC METIER","nature_uai":"lyc\u00e9e polyvalent","patronyme":"EUG\u00c8NE-H\u00c9NAFF","nom_etablissement":"Lyc\u00e9e polyvalent Eug\u00e8ne H\u00e9naff - Lyc\u00e9e des m\u00e9tiers d'art, de la construction et de l'efficacit\u00e9 \u00e9nerg\u00e9tique","statut":"public","contrat_etablissement":null,"adresse_postale":"55 avenue Raspail","code_postal":"93170","code_insee":"93006","libelle":"Bagnolet","telephone":"0141632610","fax":"0143605311","site_web":"http:\/\/lyceehenaff.fr\/","mail":"ce.0932119Y@ac-creteil.fr","ministere_tutelle":"\u00c9ducation nationale","internat":null,"annee_construction":"1972","date_maj":"2026-02-09"}},{"type":"Feature","geometry":{"type":"Point","coordinates":[2.659903143940967,48.55108679994959]},"properties":{"code_uai":"0770934X","num_siret":19770934800019,"code_academie":"024","academie":"Cr\u00e9teil","dep":"77","sigle_uai":"LPO LYC METIER","nature_uai":"lyc\u00e9e polyvalent","patronyme":"LEONARD-DE-VINCI","nom_etablissement":"Lyc\u00e9e L. de Vinci - Lyc\u00e9e des m\u00e9tiers de l'ing\u00e9nierie m\u00e9canique et \u00e9lectrotechnique, de la comptabilit\u00e9 et de l'informatique de gestion","statut":"public","contrat_etablissement":null,"adresse_postale":"2 bis rue EDOUARD BRANLY","code_postal":"77011","code_insee":"77288","libelle":"Melun","telephone":"0160566060","fax":"0160566061","site_web":"http:\/\/www2.vinci-melun.org\/","mail":"ce.0770934X@ac-creteil.fr","ministere_tutelle":"\u00c9ducation nationale","internat":"Oui","annee_construction":"1965","date_maj":"2026-03-12"}},{"type":"Feature","geometry":{"type":"Point","coordinates":[2.3900453916725817,48.709322753904594]},"properties":{"code_uai":"0910808J","num_siret":77571885100030,"code_academie":"025","academie":"Versailles","dep":"91","sigle_uai":"LGT PR","nature_uai":"lyc\u00e9e d'enseignement g\u00e9n\u00e9ral et technologique","patronyme":"SAINT-CHARLES","nom_etablissement":"Lyc\u00e9e g\u00e9n\u00e9ral et technologique priv\u00e9 Saint Charles","statut":"priv\u00e9","contrat_etablissement":"lyc\u00e9e priv\u00e9 sous contrat \u00c9ducation nationale","adresse_postale":"2 rue G. Anthonioz de Gaulle","code_postal":"91200","code_insee":"91027","libelle":"Athis-Mons","telephone":"0160487100","fax":"0169384845","site_web":null,"mail":"ce.0910808J@ac-versailles.fr","ministere_tutelle":"\u00c9ducation nationale","internat":null,"annee_construction":null,"date_maj":"2026-03-12"}},{"type":"Feature","geometry":{"type":"Point","coordinates":[2.383712469734524,48.87822059311112]},"properties":{"code_uai":"0753815P","num_siret":63202980700039,"code_academie":"001","academie":"Paris","dep":"75","sigle_uai":"LGT PR","nature_uai":"lyc\u00e9e d'enseignement g\u00e9n\u00e9ral et technologique","patronyme":"COURS-DES-PETITS-CHAMPS","nom_etablissement":"Lyc\u00e9e g\u00e9n\u00e9ral et technologique priv\u00e9 Les Petits Champs","statut":"priv\u00e9","contrat_etablissement":"lyc\u00e9e priv\u00e9 sous contrat \u00c9ducation nationale","adresse_postale":"28 rue du Plateau","code_postal":"75019","code_insee":"75119","libelle":"Paris 19e Arrondissement","telephone":"0143675959","fax":"0143673947","site_web":"http:\/\/www.petitschamps.fr\/","mail":"petitschamps@petitschamps.fr","ministere_tutelle":"\u00c9ducation nationale","internat":null,"annee_construction":null,"date_maj":"2026-03-12"}},{"type":"Feature","geometry":{"type":"Point","coordinates":[2.4188707872196216,48.83978582150848]},"properties":{"code_uai":"0940882Y","num_siret":8404740840018,"code_academie":"024","academie":"Cr\u00e9teil","dep":"94","sigle_uai":"LGT PR","nature_uai":"lyc\u00e9e d'enseignement g\u00e9n\u00e9ral et technologique","patronyme":"SAINT-MICHEL","nom_etablissement":"Lyc\u00e9e g\u00e9n\u00e9ral et technologique priv\u00e9 Saint Michel","statut":"priv\u00e9","contrat_etablissement":"lyc\u00e9e priv\u00e9 sous contrat \u00c9ducation nationale","adresse_postale":"10 ter rue Jeanne d'Arc","code_postal":"94165","code_insee":"94067","libelle":"Saint-Mand\u00e9","telephone":"0180516443","fax":null,"site_web":null,"mail":"ce.0940882Y@ac-creteil.fr","ministere_tutelle":"\u00c9ducation nationale","internat":null,"annee_construction":null,"date_maj":"2026-03-12"}},{"type":"Feature","geometry":{"type":"Point","coordinates":[2.2281145910711135,48.74124346981016]},"properties":{"code_uai":"0912342B","num_siret":41907866200014,"code_academie":"025","academie":"Versailles","dep":"91","sigle_uai":"LGT PR","nature_uai":"lyc\u00e9e d'enseignement g\u00e9n\u00e9ral et technologique","patronyme":"IGNY (La Salle) (Agricole)","nom_etablissement":"Lyc\u00e9e g\u00e9n\u00e9ral et technologique priv\u00e9 la Salle Igny","statut":"priv\u00e9","contrat_etablissement":"lyc\u00e9e priv\u00e9 sous contrat \u00c9ducation nationale","adresse_postale":"10 avenue de la Division Leclerc","code_postal":"91430","code_insee":"91312","libelle":"Igny","telephone":"0169410801","fax":"0169418572","site_web":null,"mail":"ce.0912342b@ac-versailles.fr","ministere_tutelle":"\u00c9ducation nationale","internat":null,"annee_construction":null,"date_maj":"2026-03-12"}},{"type":"Feature","geometry":{"type":"Point","coordinates":[2.531597065848594,48.675832224340674]},"properties":{"code_uai":"0911493D","num_siret":19911493500018,"code_academie":"025","academie":"Versailles","dep":"91","sigle_uai":"LP","nature_uai":"lyc\u00e9e professionnel","patronyme":"FR\u00c8RES-MOREAU (LES)","nom_etablissement":"Lyc\u00e9e professionnel Les Fr\u00e8res Moreau","statut":"public","contrat_etablissement":null,"adresse_postale":"Rue de Brunoy","code_postal":"91480","code_insee":"91514","libelle":"Quincy-sous-S\u00e9nart","telephone":"0169001070","fax":"0169001085","site_web":"http:\/\/www.lyc-moreau-quincy.ac-versailles.fr\/","mail":"ce.0911493D@ac-versailles.fr","ministere_tutelle":"\u00c9ducation nationale","internat":null,"annee_construction":"1976","date_maj":"2026-03-12"}},{"type":"Feature","geometry":{"type":"Point","coordinates":[2.1371965561288526,48.43409409626248]},"properties":{"code_uai":"0911401D","num_siret":19911401800021,"code_academie":"025","academie":"Versailles","dep":"91","sigle_uai":"LP","nature_uai":"lyc\u00e9e professionnel","patronyme":"NELSON-MANDELA","nom_etablissement":"Lyc\u00e9e professionnel Nelson-Mandela","statut":"public","contrat_etablissement":null,"adresse_postale":"8 RUE JULIEN PRANVILLE","code_postal":"91150","code_insee":"91223","libelle":"\u00c9tampes","telephone":"0169921515","fax":"0164949022","site_web":"http:\/\/www.lyc-mandela-etampes.ac-versailles.fr\/fr","mail":"ce.0911401D@ac-versailles.fr","ministere_tutelle":"\u00c9ducation nationale","internat":null,"annee_construction":"2014","date_maj":"2026-03-12"}},{"type":"Feature","geometry":{"type":"Point","coordinates":[2.3761827170945153,48.82225795700617]},"properties":{"code_uai":"0751710B","num_siret":19751710500015,"code_academie":"001","academie":"Paris","dep":"75","sigle_uai":"LP","nature_uai":"lyc\u00e9e professionnel","patronyme":"NICOLAS-LOUIS-VAUQUELIN","nom_etablissement":"Lyc\u00e9e Professionnel N.L Vauquelin","statut":"public","contrat_etablissement":null,"adresse_postale":"13 avenue Boutroux","code_postal":"75013","code_insee":"75113","libelle":"Paris 13e Arrondissement","telephone":"0140770060","fax":"0140770065","site_web":"https:\/\/www.ac-paris.fr\/serail\/jcms\/s2_2044180\/fr\/lycee-des-metiers-vauquelin","mail":"ce.0751710B@ac-paris.fr","ministere_tutelle":"\u00c9ducation nationale","internat":null,"annee_construction":"1970","date_maj":"2026-03-12"}},{"type":"Feature","geometry":{"type":"Point","coordinates":[2.3863947991490666,48.92887989557298]},"properties":{"code_uai":"0930128J","num_siret":19930128400014,"code_academie":"024","academie":"Cr\u00e9teil","dep":"93","sigle_uai":"LP","nature_uai":"lyc\u00e9e professionnel","patronyme":"DENIS-PAPIN","nom_etablissement":"Lyc\u00e9e professionnel Denis Papin","statut":"public","contrat_etablissement":null,"adresse_postale":"34 avenue Michelet","code_postal":"93120","code_insee":"93027","libelle":"La Courneuve","telephone":"0149921600","fax":null,"site_web":"http:\/\/www.lycee-denis-papin-la-courneuve.com\/","mail":"ce.0930128J@ac-creteil.fr","ministere_tutelle":"\u00c9ducation nationale","internat":null,"annee_construction":null,"date_maj":"2026-03-30"}},{"type":"Feature","geometry":{"type":"Point","coordinates":[2.276685829952368,48.88794346722614]},"properties":{"code_uai":"0920166F","num_siret":19920166600013,"code_academie":"025","academie":"Versailles","dep":"92","sigle_uai":"LP","nature_uai":"lyc\u00e9e professionnel","patronyme":"VASSILY-KANDINSKY","nom_etablissement":"Lyc\u00e9e professionnel Vassily Kandinsky","statut":"public","contrat_etablissement":null,"adresse_postale":"96 boulevard Bineau","code_postal":"92200","code_insee":"92051","libelle":"Neuilly-sur-Seine","telephone":"0146244316","fax":"0146240390","site_web":"http:\/\/www.lyc-kandinsky-neuilly.ac-versailles.fr\/","mail":"ce.0920166F@ac-versailles.fr","ministere_tutelle":"\u00c9ducation nationale","internat":null,"annee_construction":null,"date_maj":"2026-03-12"}},{"type":"Feature","geometry":{"type":"Point","coordinates":[2.914051656596103,48.95450640962863]},"properties":{"code_uai":"0771880A","num_siret":19771880200014,"code_academie":"024","academie":"Cr\u00e9teil","dep":"77","sigle_uai":"LP","nature_uai":"lyc\u00e9e professionnel","patronyme":"CHARLES-BAUDELAIRE","nom_etablissement":"Lyc\u00e9e professionnel Charles Baudelaire","statut":"public","contrat_etablissement":null,"adresse_postale":"Boulevard DU CHEVALIER BAYARD","code_postal":"77333","code_insee":"77284","libelle":"Meaux","telephone":"0160090705","fax":"0160230177","site_web":"https:\/\/www.lpbaudelaire.fr\/","mail":"ce.0771880A@ac-creteil.fr","ministere_tutelle":"\u00c9ducation nationale","internat":null,"annee_construction":"1980","date_maj":"2026-03-12"}},{"type":"Feature","geometry":{"type":"Point","coordinates":[2.328867020425414,48.84088231184501]},"properties":{"code_uai":"0750689S","num_siret":19750689200011,"code_academie":"001","academie":"Paris","dep":"75","sigle_uai":"LGT","nature_uai":"lyc\u00e9e d'enseignement g\u00e9n\u00e9ral et technologique","patronyme":"PAUL-BERT","nom_etablissement":"Lyc\u00e9e g\u00e9n\u00e9ral et technologique Paul Bert","statut":"public","contrat_etablissement":null,"adresse_postale":"7 rue Huyghens","code_postal":"75014","code_insee":"75114","libelle":"Paris 14e Arrondissement","telephone":"0143203264","fax":"0143209979","site_web":"https:\/\/www.ac-paris.fr\/serail\/jcms\/s2_1773787\/fr\/cite-scolaire-paul-bert","mail":"ce.0750689S@ac-paris.fr","ministere_tutelle":"\u00c9ducation nationale","internat":null,"annee_construction":null,"date_maj":"2026-03-12"}},{"type":"Feature","geometry":{"type":"Point","coordinates":[2.281972996123417,48.922369721573425]},"properties":{"code_uai":"0920131T","num_siret":19920131000018,"code_academie":"025","academie":"Versailles","dep":"92","sigle_uai":"LGT","nature_uai":"lyc\u00e9e d'enseignement g\u00e9n\u00e9ral et technologique","patronyme":"AUGUSTE-RENOIR","nom_etablissement":"Lyc\u00e9e g\u00e9n\u00e9ral et technologique Auguste Renoir","statut":"public","contrat_etablissement":null,"adresse_postale":"137 rue DU MENIL","code_postal":"92600","code_insee":"92004","libelle":"Asni\u00e8res-sur-Seine","telephone":"0141323262","fax":"0141323266","site_web":"http:\/\/www.lyc-renoir-asnieres.ac-versailles.fr\/","mail":"ce.0920131T@ac-versailles.fr","ministere_tutelle":"\u00c9ducation nationale","internat":null,"annee_construction":"1958","date_maj":"2026-01-26"}},{"type":"Feature","geometry":{"type":"Point","coordinates":[2.1642334670814893,48.92837364934127]},"properties":{"code_uai":"0782924E","num_siret":19782924500012,"code_academie":"025","academie":"Versailles","dep":"78","sigle_uai":"LGT","nature_uai":"lyc\u00e9e d'enseignement g\u00e9n\u00e9ral et technologique","patronyme":"EVARISTE-GALOIS","nom_etablissement":"Lyc\u00e9e g\u00e9n\u00e9ral et technologique Evariste Galois","statut":"public","contrat_etablissement":null,"adresse_postale":"8 rue EVARISTE GALOIS","code_postal":"78500","code_insee":"78586","libelle":"Sartrouville","telephone":"0130867272","fax":"0139154202","site_web":"http:\/\/www.lyc-galois-sartrouville.ac-versailles.fr\/","mail":"ce.0782924E@ac-versailles.fr","ministere_tutelle":"\u00c9ducation nationale","internat":null,"annee_construction":"1970","date_maj":"2026-03-05"}},{"type":"Feature","geometry":{"type":"Point","coordinates":[2.4863687107756998,48.855748717849075]},"properties":{"code_uai":"0941347D","num_siret":19941347700019,"code_academie":"024","academie":"Cr\u00e9teil","dep":"94","sigle_uai":"LGT","nature_uai":"lyc\u00e9e d'enseignement g\u00e9n\u00e9ral et technologique","patronyme":"PABLO-PICASSO","nom_etablissement":"Lyc\u00e9e g\u00e9n\u00e9ral et technologique Pablo Picasso","statut":"public","contrat_etablissement":null,"adresse_postale":"2 avenue Pablo Picasso","code_postal":"94120","code_insee":"94033","libelle":"Fontenay-sous-Bois","telephone":"0148762673","fax":null,"site_web":"https:\/\/lyceepicasso.org\/","mail":"ce.0941347D@ac-creteil.fr","ministere_tutelle":"\u00c9ducation nationale","internat":null,"annee_construction":"1973","date_maj":"2026-03-12"}},{"type":"Feature","geometry":{"type":"Point","coordinates":[2.56174477575254,48.652191439656086]},"properties":{"code_uai":"0772127U","num_siret":19772127700014,"code_academie":"024","academie":"Cr\u00e9teil","dep":"77","sigle_uai":"LGT","nature_uai":"lyc\u00e9e d'enseignement g\u00e9n\u00e9ral et technologique","patronyme":"GALIL\u00c9E","nom_etablissement":"Lyc\u00e9e g\u00e9n\u00e9ral et technologique Galil\u00e9e","statut":"public","contrat_etablissement":null,"adresse_postale":"Avenue Andr\u00e9 Malraux","code_postal":"77385","code_insee":"77122","libelle":"Combs-la-Ville","telephone":"0160345330","fax":"0160345331","site_web":"https:\/\/lycee-galilee.jimdo.com\/","mail":"ce.0772127U@ac-creteil.fr","ministere_tutelle":"\u00c9ducation nationale","internat":null,"annee_construction":"1986","date_maj":"2026-03-12"}},{"type":"Feature","geometry":{"type":"Point","coordinates":[2.87505516661365,48.9587066334898]},"properties":{"code_uai":"0770930T","num_siret":19770930600025,"code_academie":"024","academie":"Cr\u00e9teil","dep":"77","sigle_uai":"LGT","nature_uai":"lyc\u00e9e d'enseignement g\u00e9n\u00e9ral et technologique","patronyme":"HENRI-MOISSAN","nom_etablissement":"Lyc\u00e9e g\u00e9n\u00e9ral et technologique Henri Moissan","statut":"public","contrat_etablissement":null,"adresse_postale":"20 cours de Verdun","code_postal":"77100","code_insee":"77284","libelle":"Meaux","telephone":"0160097770","fax":"0160097775","site_web":"http:\/\/www.lyceemoissan.fr\/","mail":"ce.0770930T@ac-creteil.fr","ministere_tutelle":"\u00c9ducation nationale","internat":"Oui","annee_construction":null,"date_maj":"2026-03-12"}},{"type":"Feature","geometry":{"type":"Point","coordinates":[2.4178456611967993,48.87106189954326]},"properties":{"code_uai":"0930936M","num_siret":39446270900012,"code_academie":"024","academie":"Cr\u00e9teil","dep":"93","sigle_uai":"LPO PR","nature_uai":"lyc\u00e9e polyvalent","patronyme":"SAINT-BENOIST-DE-L'EUROPE","nom_etablissement":"Lyc\u00e9e polyvalent priv\u00e9 Saint Benoist de l'Europe","statut":"priv\u00e9","contrat_etablissement":"lyc\u00e9e priv\u00e9 sous contrat \u00c9ducation nationale","adresse_postale":"82 avenue Gambetta","code_postal":"93172","code_insee":"93006","libelle":"Bagnolet","telephone":"0143621162","fax":null,"site_web":null,"mail":"ce.0930936M@ac-creteil.fr","ministere_tutelle":"\u00c9ducation nationale","internat":null,"annee_construction":null,"date_maj":"2026-03-12"}},{"type":"Feature","geometry":{"type":"Point","coordinates":[2.361407304319577,48.824045272807375]},"properties":{"code_uai":"0750684L","num_siret":19750684300014,"code_academie":"001","academie":"Paris","dep":"75","sigle_uai":"LG","nature_uai":"lyc\u00e9e d'enseignement g\u00e9n\u00e9ral","patronyme":"GABRIEL-FAUR\u00c9","nom_etablissement":"Lyc\u00e9e g\u00e9n\u00e9ral et technologique Gabriel Faur\u00e9","statut":"public","contrat_etablissement":null,"adresse_postale":"81 AVENUE DE CHOISY","code_postal":"75013","code_insee":"75113","libelle":"Paris 13e Arrondissement","telephone":"0145852298","fax":"0145841421","site_web":"http:\/\/lyc-gabriel-faure.scola.ac-paris.fr\/","mail":"ce.0750684L@ac-paris.fr","ministere_tutelle":"\u00c9ducation nationale","internat":null,"annee_construction":"1960","date_maj":"2026-01-13"}},{"type":"Feature","geometry":{"type":"Point","coordinates":[2.4826050782584668,48.83523004014952]},"properties":{"code_uai":"0940117S","num_siret":19940117500013,"code_academie":"024","academie":"Cr\u00e9teil","dep":"94","sigle_uai":"LG","nature_uai":"lyc\u00e9e d'enseignement g\u00e9n\u00e9ral","patronyme":"EDOUARD-BRANLY","nom_etablissement":"Lyc\u00e9e polyvalent Edouard Branly","statut":"public","contrat_etablissement":null,"adresse_postale":"8 rue BAUYN DE PERREUSE","code_postal":"94130","code_insee":"94052","libelle":"Nogent-sur-Marne","telephone":"0148732212","fax":"0148738133","site_web":"http:\/\/branlynogent.free.fr\/","mail":"ce.0940117S@ac-creteil.fr","ministere_tutelle":"\u00c9ducation nationale","internat":null,"annee_construction":"1930","date_maj":"2026-02-17"}},{"type":"Feature","geometry":{"type":"Point","coordinates":[2.319680606431326,48.856978437808436]},"properties":{"code_uai":"0753809H","num_siret":32010218900018,"code_academie":"001","academie":"Paris","dep":"75","sigle_uai":"LG PR","nature_uai":"lyc\u00e9e d'enseignement g\u00e9n\u00e9ral","patronyme":"PAUL-CLAUDEL- d'HULST","nom_etablissement":"Lyc\u00e9e g\u00e9n\u00e9ral priv\u00e9 Paul Claudel d'Hulst","statut":"priv\u00e9","contrat_etablissement":"lyc\u00e9e priv\u00e9 sous contrat \u00c9ducation nationale","adresse_postale":"118 rue de Grenelle","code_postal":"75007","code_insee":"75107","libelle":"Paris 7e Arrondissement","telephone":"0144186383","fax":"0144186387","site_web":"www.paulclaudel-hulst.fr\/","mail":"ce.0753809H@ac-paris.fr","ministere_tutelle":"\u00c9ducation nationale","internat":null,"annee_construction":null,"date_maj":"2026-03-12"}},{"type":"Feature","geometry":{"type":"Point","coordinates":[2.3261326004544687,48.88966098904085]},"properties":{"code_uai":"0753959W","num_siret":78471366100022,"code_academie":"001","academie":"Paris","dep":"75","sigle_uai":"LG PR","nature_uai":"lyc\u00e9e d'enseignement g\u00e9n\u00e9ral","patronyme":"ENSEMBLE-SCOLAIRE-BATIGNOLLES-EPINETTE","nom_etablissement":"Lyc\u00e9e priv\u00e9 Saint Michel des Batignolles","statut":"priv\u00e9","contrat_etablissement":"lyc\u00e9e priv\u00e9 sous contrat \u00c9ducation nationale","adresse_postale":"35 avenue de Saint-Ouen","code_postal":"75017","code_insee":"75117","libelle":"Paris 17e Arrondissement","telephone":"0144858300","fax":"0142287582","site_web":"http:\/\/www.saint-michel-des-batignolles.ensemble-scolaire-batignolles-epinettes.fr\/","mail":"ce.0753959W@ac-paris.fr","ministere_tutelle":"\u00c9ducation nationale","internat":null,"annee_construction":null,"date_maj":"2026-03-12"}},{"type":"Feature","geometry":{"type":"Point","coordinates":[3.2938102525126074,48.561954462586996]},"properties":{"code_uai":"0772290W","num_siret":78499669600034,"code_academie":"024","academie":"Cr\u00e9teil","dep":"77","sigle_uai":"LG PR","nature_uai":"lyc\u00e9e d'enseignement g\u00e9n\u00e9ral","patronyme":"SAINTE-CROIX","nom_etablissement":"Lyc\u00e9e g\u00e9n\u00e9ral priv\u00e9 Sainte Croix","statut":"priv\u00e9","contrat_etablissement":"lyc\u00e9e priv\u00e9 sous contrat \u00c9ducation nationale","adresse_postale":"1 rue des Jacobins","code_postal":"77160","code_insee":"77379","libelle":"Provins","telephone":"0160585540","fax":null,"site_web":null,"mail":"ce.0772290W@ac-creteil.fr","ministere_tutelle":"\u00c9ducation nationale","internat":null,"annee_construction":null,"date_maj":"2026-03-12"}},{"type":"Feature","geometry":{"type":"Point","coordinates":[2.396324623157304,48.75306509111089]},"properties":{"code_uai":"0942376X","num_siret":51431794000013,"code_academie":"024","academie":"Cr\u00e9teil","dep":"94","sigle_uai":"LG PR","nature_uai":"lyc\u00e9e d'enseignement g\u00e9n\u00e9ral","patronyme":"COURS-DU-HAMEAU","nom_etablissement":"Lyc\u00e9e g\u00e9n\u00e9ral priv\u00e9 cours du hameau","statut":"priv\u00e9","contrat_etablissement":"lyc\u00e9e priv\u00e9 sous contrat \u00c9ducation nationale","adresse_postale":"19 rue Jean-Fran\u00e7ois Marmontel","code_postal":"94320","code_insee":"94073","libelle":"Thiais","telephone":"0148534075","fax":null,"site_web":null,"mail":"ce.0942376X@ac-creteil.fr","ministere_tutelle":"\u00c9ducation nationale","internat":null,"annee_construction":null,"date_maj":"2026-03-12"}},{"type":"Feature","geometry":{"type":"Point","coordinates":[2.2232144480112868,48.59048561155682]},"properties":{"code_uai":"0910429X","num_siret":19910429000010,"code_academie":"025","academie":"Versailles","dep":"91","sigle_uai":"EREA","nature_uai":"\u00e9tablissement r\u00e9gional d\u2019enseignement adapt\u00e9","patronyme":"CH\u00c2TEAU-DU-LAC (LE)","nom_etablissement":"Etablissement r\u00e9gional d'enseignement adapt\u00e9 Le Ch\u00e2teau du Lac","statut":"public","contrat_etablissement":null,"adresse_postale":"2 rue de la Roche","code_postal":"91340","code_insee":"91461","libelle":"Ollainville","telephone":"0160832363","fax":"0160839004","site_web":"http:\/\/www.ereaollainville.fr\/","mail":"ce.0910429X@ac-versailles.fr","ministere_tutelle":"\u00c9ducation nationale","internat":"Oui","annee_construction":"1800","date_maj":"2026-03-12"}},{"type":"Feature","geometry":{"type":"Point","coordinates":[3.145269903416594,48.98022117117861]},"properties":{"code_uai":"0770342D","num_siret":19770342400014,"code_academie":"024","academie":"Cr\u00e9teil","dep":"77","sigle_uai":"EREA","nature_uai":"\u00e9tablissement r\u00e9gional d\u2019enseignement adapt\u00e9","patronyme":"L\u00c9OPOLD-BELLAN","nom_etablissement":"Lyc\u00e9e d'enseignement adapt\u00e9 de Chamigny","statut":"public","contrat_etablissement":null,"adresse_postale":"Domaine DE L'ANGE GARDIEN","code_postal":"77260","code_insee":"77078","libelle":"Chamigny","telephone":"0160244160","fax":"0160224612","site_web":"http:\/\/www.erealeopoldbellanchamigny.fr\/","mail":"ce.0770342D@ac-creteil.fr","ministere_tutelle":"\u00c9ducation nationale","internat":"Oui","annee_construction":"1918","date_maj":"2026-03-20"}},{"type":"Feature","geometry":{"type":"Point","coordinates":[2.328145879801871,48.88688888315749]},"properties":{"code_uai":"0750710P","num_siret":19750710600015,"code_academie":"001","academie":"Paris","dep":"75","sigle_uai":"LT","nature_uai":"lyc\u00e9e d'enseignement technologique","patronyme":"AUGUSTE-RENOIR","nom_etablissement":"Lyc\u00e9e technologique Auguste Renoir","statut":"public","contrat_etablissement":null,"adresse_postale":"24 rue Ganneron","code_postal":"75018","code_insee":"75118","libelle":"Paris 18e Arrondissement","telephone":"0140084560","fax":"0140084573","site_web":"http:\/\/www.ltaa-augusterenoir-paris.com\/","mail":"ce.0750710P@ac-paris.fr","ministere_tutelle":"\u00c9ducation nationale","internat":null,"annee_construction":null,"date_maj":"2026-03-12"}},{"type":"Feature","geometry":{"type":"Point","coordinates":[2.205374920034047,48.71300566206805]},"properties":{"code_uai":"0912433A","num_siret":20009541200017,"code_academie":"025","academie":"Versailles","dep":"91","sigle_uai":"LGT","nature_uai":"lyc\u00e9e d'enseignement g\u00e9n\u00e9ral et technologique","patronyme":"LYC\u00c9E-INTERNATIONAL-PALAISEAU-PARIS-SACLAY","nom_etablissement":"Lyc\u00e9e International-Palaiseau-Paris-Saclay","statut":"public","contrat_etablissement":null,"adresse_postale":"19 Cours Pierre Vasseur","code_postal":"91120","code_insee":"91477","libelle":"Palaiseau","telephone":null,"fax":null,"site_web":null,"mail":"ce.0912433A@ac-versailles.fr","ministere_tutelle":"\u00c9ducation nationale","internat":"Oui","annee_construction":"2021","date_maj":"2026-02-09"}},{"type":"Feature","geometry":{"type":"Point","coordinates":[2.3058203184226214,48.826222298748995]},"properties":{"code_uai":"0750690T","num_siret":19750690000012,"code_academie":"001","academie":"Paris","dep":"75","sigle_uai":"LGT","nature_uai":"lyc\u00e9e d'enseignement g\u00e9n\u00e9ral et technologique","patronyme":"FRANCOIS-VILLON","nom_etablissement":"Lyc\u00e9e Polyvalent Fran\u00e7ois Villon","statut":"public","contrat_etablissement":null,"adresse_postale":"10 avenue MARC SANGNIER","code_postal":"75014","code_insee":"75114","libelle":"Paris 14e Arrondissement","telephone":"0153902500","fax":"0143956422","site_web":"http:\/\/lyc-francois-villon.scola.ac-paris.fr\/","mail":"ce.0750690T@ac-paris.fr","ministere_tutelle":"\u00c9ducation nationale","internat":null,"annee_construction":"1958","date_maj":"2026-01-13"}},{"type":"Feature","geometry":{"type":"Point","coordinates":[2.5412578188344055,48.88870710130037]},"properties":{"code_uai":"0931272C","num_siret":19931272900015,"code_academie":"024","academie":"Cr\u00e9teil","dep":"93","sigle_uai":"LGT","nature_uai":"lyc\u00e9e d'enseignement g\u00e9n\u00e9ral et technologique","patronyme":"GUSTAVE-EIFFEL","nom_etablissement":"Lyc\u00e9e g\u00e9n\u00e9ral et technologique Gustave Eiffel","statut":"public","contrat_etablissement":null,"adresse_postale":"16 CHEMIN DE LA RENARDIERE","code_postal":"93220","code_insee":"93032","libelle":"Gagny","telephone":"0143028036","fax":"0143029021","site_web":"http:\/\/eiffel-gagny.org\/","mail":"ce.0931272C@ac-creteil.fr","ministere_tutelle":"\u00c9ducation nationale","internat":null,"annee_construction":"1982","date_maj":"2026-01-15"}},{"type":"Feature","geometry":{"type":"Point","coordinates":[2.320839880589892,48.95509744548008]},"properties":{"code_uai":"0930120A","num_siret":19930120100018,"code_academie":"024","academie":"Cr\u00e9teil","dep":"93","sigle_uai":"LGT","nature_uai":"lyc\u00e9e d'enseignement g\u00e9n\u00e9ral et technologique","patronyme":"JACQUES-FEYDER","nom_etablissement":"Lyc\u00e9e g\u00e9n\u00e9ral et technologique Jacques Feyder","statut":"public","contrat_etablissement":null,"adresse_postale":"10 rue Henri Wallon","code_postal":"93801","code_insee":"93031","libelle":"\u00c9pinay-sur-Seine","telephone":"0149717200","fax":"0148213640","site_web":"http:\/\/www.feyder.fr\/","mail":"ce.0930120A@ac-creteil.fr","ministere_tutelle":"\u00c9ducation nationale","internat":"Oui","annee_construction":"1965","date_maj":"2026-03-02"}},{"type":"Feature","geometry":{"type":"Point","coordinates":[2.3202710195190304,48.95380106640444]},"properties":{"code_uai":"0932861E","num_siret":85357995100,"code_academie":"024","academie":"Cr\u00e9teil","dep":"93","sigle_uai":"LGT","nature_uai":"lyc\u00e9e d'enseignement g\u00e9n\u00e9ral et technologique","patronyme":"ASSOCIATION-REVE","nom_etablissement":"Lyc\u00e9e g\u00e9n\u00e9ral et technologique priv\u00e9 R\u00e9ussite Educative Valeurs et Epanouissement","statut":"priv\u00e9","contrat_etablissement":"lyc\u00e9e priv\u00e9 sous contrat \u00c9ducation nationale","adresse_postale":"3 rue Henri Wallon","code_postal":"93800","code_insee":"93031","libelle":"\u00c9pinay-sur-Seine","telephone":"0142358888","fax":null,"site_web":null,"mail":"ce.0932861E@ac-creteil.fr","ministere_tutelle":"\u00c9ducation nationale","internat":null,"annee_construction":null,"date_maj":"2026-03-12"}},{"type":"Feature","geometry":{"type":"Point","coordinates":[1.9450522467656832,48.76710826767169]},"properties":{"code_uai":"0780515L","num_siret":19780515300016,"code_academie":"025","academie":"Versailles","dep":"78","sigle_uai":"LGT","nature_uai":"lyc\u00e9e d'enseignement g\u00e9n\u00e9ral et technologique","patronyme":"SEPT-MARES (LES)","nom_etablissement":"Lyc\u00e9e g\u00e9n\u00e9ral et technologique Les Sept Mares","statut":"public","contrat_etablissement":null,"adresse_postale":"13 rue de la Beauce","code_postal":"78310","code_insee":"78383","libelle":"Maurepas","telephone":"0130139898","fax":"0134828710","site_web":"http:\/\/www.lyc-7mares-maurepas.ac-versailles.fr\/","mail":"ce.0780515L@ac-versailles.fr","ministere_tutelle":"\u00c9ducation nationale","internat":null,"annee_construction":"1972","date_maj":"2026-03-12"}},{"type":"Feature","geometry":{"type":"Point","coordinates":[2.445450178256381,48.79457001613006]},"properties":{"code_uai":"0941711Z","num_siret":77567877400164,"code_academie":"024","academie":"Cr\u00e9teil","dep":"94","sigle_uai":"LG PR","nature_uai":"lyc\u00e9e d'enseignement g\u00e9n\u00e9ral","patronyme":"OZAR-HATORAH (FILLES)","nom_etablissement":"Lyc\u00e9e g\u00e9n\u00e9ral priv\u00e9 Ozar Hatorah Filles","statut":"priv\u00e9","contrat_etablissement":"lyc\u00e9e priv\u00e9 sous contrat \u00c9ducation nationale","adresse_postale":"65 rue Saint Simon","code_postal":"94000","code_insee":"94028","libelle":"Cr\u00e9teil","telephone":"0143999400","fax":null,"site_web":null,"mail":"ce.0941711Z@ac-creteil.fr","ministere_tutelle":"\u00c9ducation nationale","internat":null,"annee_construction":null,"date_maj":"2026-03-12"}},{"type":"Feature","geometry":{"type":"Point","coordinates":[2.431285467310649,48.84655197901299]},"properties":{"code_uai":"0940143V","num_siret":19940143100010,"code_academie":"024","academie":"Cr\u00e9teil","dep":"94","sigle_uai":"LP","nature_uai":"lyc\u00e9e professionnel","patronyme":"JEAN-MOULIN","nom_etablissement":"Lyc\u00e9e professionnel Jean Moulin","statut":"public","contrat_etablissement":null,"adresse_postale":"8 rue du Docteur Lebel","code_postal":"94307","code_insee":"94080","libelle":"Vincennes","telephone":"0143284442","fax":null,"site_web":"http:\/\/jeanmoulinvincennes.fr\/","mail":"ce.0940143V@ac-creteil.fr","ministere_tutelle":"\u00c9ducation nationale","internat":null,"annee_construction":"1946","date_maj":"2026-03-12"}},{"type":"Feature","geometry":{"type":"Point","coordinates":[2.4350065137741477,48.64043660966449]},"properties":{"code_uai":"0911343R","num_siret":19911343200017,"code_academie":"025","academie":"Versailles","dep":"91","sigle_uai":"LP","nature_uai":"lyc\u00e9e professionnel","patronyme":"AUGUSTE-PERRET","nom_etablissement":"Lyc\u00e9e professionnel Auguste Perret","statut":"public","contrat_etablissement":null,"adresse_postale":"1 avenue de la Libert\u00e9","code_postal":"91000","code_insee":"91228","libelle":"\u00c9vry-Courcouronnes","telephone":"0160913350","fax":"0160913352","site_web":"http:\/\/www.lyc-perret-evry.ac-versailles.fr\/","mail":"ce.0911343R@ac-versailles.fr","ministere_tutelle":"\u00c9ducation nationale","internat":null,"annee_construction":"1973","date_maj":"2026-03-12"}},{"type":"Feature","geometry":{"type":"Point","coordinates":[2.391049172456102,48.90482942151991]},"properties":{"code_uai":"0931024H","num_siret":19931024400017,"code_academie":"024","academie":"Cr\u00e9teil","dep":"93","sigle_uai":"LP","nature_uai":"lyc\u00e9e professionnel","patronyme":"JEAN-PIERRE-TIMBAUD","nom_etablissement":"Lyc\u00e9e professionnel Jean-Pierre Timbaud - Lyc\u00e9e des m\u00e9tiers de l'environnement et de l'\u00e9cologie industrielle","statut":"public","contrat_etablissement":null,"adresse_postale":"103 avenue de la R\u00e9publique","code_postal":"93300","code_insee":"93001","libelle":"Aubervilliers","telephone":"0148338788","fax":"0148330311","site_web":"http:\/\/www.lycee-jeanpierretimbaud.fr\/","mail":"ce.0931024H@ac-creteil.fr","ministere_tutelle":"\u00c9ducation nationale","internat":null,"annee_construction":"1968","date_maj":"2026-02-09"}},{"type":"Feature","geometry":{"type":"Point","coordinates":[2.368387362801961,48.95327463878157]},"properties":{"code_uai":"0932783V","num_siret":20009537000017,"code_academie":"024","academie":"Cr\u00e9teil","dep":"93","sigle_uai":"LPO","nature_uai":"lyc\u00e9e polyvalent","patronyme":"JOS\u00c9PHINE-BAKER","nom_etablissement":"Lyc\u00e9e polyvalent Jos\u00e9phine Baker","statut":"public","contrat_etablissement":null,"adresse_postale":"2-10, rue d'Amiens","code_postal":"93200","code_insee":"93066","libelle":"Saint-Denis","telephone":"0184811415","fax":null,"site_web":null,"mail":"ce.0932783V@ac-creteil.fr","ministere_tutelle":"\u00c9ducation nationale","internat":null,"annee_construction":"2021","date_maj":"2026-03-12"}},{"type":"Feature","geometry":{"type":"Point","coordinates":[2.250704093570664,48.9505357569]},"properties":{"code_uai":"0950666H","num_siret":19950666800011,"code_academie":"025","academie":"Versailles","dep":"95","sigle_uai":"LPO","nature_uai":"lyc\u00e9e polyvalent","patronyme":"GEORGES-BRAQUE","nom_etablissement":"Lyc\u00e9e polyvalent Georges Braque, lyc\u00e9e des m\u00e9tiers de l'intelligence \u00e9conomique et du management","statut":"public","contrat_etablissement":null,"adresse_postale":"21 rue VICTOR PUISEUX","code_postal":"95100","code_insee":"95018","libelle":"Argenteuil","telephone":"0139965050","fax":"0139965066","site_web":"http:\/\/www.lyc-braque-argenteuil.ac-versailles.fr\/","mail":"ce.0950666H@ac-versailles.fr","ministere_tutelle":"\u00c9ducation nationale","internat":null,"annee_construction":null,"date_maj":"2026-01-21"}},{"type":"Feature","geometry":{"type":"Point","coordinates":[2.4388686466924994,48.56366828645428]},"properties":{"code_uai":"0911962N","num_siret":19911962900012,"code_academie":"025","academie":"Versailles","dep":"91","sigle_uai":"LPO","nature_uai":"lyc\u00e9e polyvalent","patronyme":"MARIE-LAURENCIN","nom_etablissement":"Lyc\u00e9e polyvalent Marie Laurencin","statut":"public","contrat_etablissement":null,"adresse_postale":"51 rue Paul C\u00e9zanne","code_postal":"91542","code_insee":"91386","libelle":"Mennecy","telephone":"0169900578","fax":"0169900236","site_web":"http:\/\/www.lyc-laurencin-mennecy.ac-versailles.fr\/","mail":"ce.0911962N@ac-versailles.fr","ministere_tutelle":"\u00c9ducation nationale","internat":null,"annee_construction":"1991","date_maj":"2026-03-12"}},{"type":"Feature","geometry":{"type":"Point","coordinates":[2.4178456611967993,48.87106189954326]},"properties":{"code_uai":"0932369V","num_siret":39446270900012,"code_academie":"024","academie":"Cr\u00e9teil","dep":"93","sigle_uai":"SEP PR","nature_uai":"Section d\u2019enseignement professionnel","patronyme":"SAINT-BENOIST-DE-L'EUROPE (SEP)","nom_etablissement":"Section d'enseignement professionnel Lyc\u00e9e Saint Benoist l'Europe","statut":"priv\u00e9","contrat_etablissement":"autres \u00e9tablissements","adresse_postale":"82 avenue Gambetta","code_postal":"93172","code_insee":"93006","libelle":"Bagnolet","telephone":"0143621162","fax":null,"site_web":null,"mail":"ce.0932369V@ac-creteil.fr","ministere_tutelle":"\u00c9ducation nationale","internat":null,"annee_construction":null,"date_maj":"2026-03-12"}},{"type":"Feature","geometry":{"type":"Point","coordinates":[2.2086035848039076,49.019492050995524]},"properties":{"code_uai":"0951763A","num_siret":19951763200014,"code_academie":"025","academie":"Versailles","dep":"95","sigle_uai":"LPO LYC METIER","nature_uai":"lyc\u00e9e polyvalent","patronyme":"LOUIS-JOUVET","nom_etablissement":"Lyc\u00e9e polyvalent Louis Jouvet, Lyc\u00e9e des m\u00e9tiers de la sant\u00e9 et du social","statut":"public","contrat_etablissement":null,"adresse_postale":"26 rue de Saint-Prix","code_postal":"95152","code_insee":"95607","libelle":"Taverny","telephone":"0134184120","fax":"0139606121","site_web":"http:\/\/www.lyc-jouvet-taverny-ac-versailles.fr\/","mail":"ce.0951763A@ac-versailles.fr","ministere_tutelle":"\u00c9ducation nationale","internat":null,"annee_construction":"1990","date_maj":"2026-03-12"}},{"type":"Feature","geometry":{"type":"Point","coordinates":[2.1941475277095868,48.87112739613935]},"properties":{"code_uai":"0922398G","num_siret":19920804200010,"code_academie":"025","academie":"Versailles","dep":"92","sigle_uai":"LPO LYC METIER","nature_uai":"lyc\u00e9e polyvalent","patronyme":"GUSTAVE-EIFFEL","nom_etablissement":"Lyc\u00e9e polyvalent Gustave Eiffel, lyc\u00e9e des m\u00e9tiers de la sant\u00e9, de la communication et du commerce","statut":"public","contrat_etablissement":null,"adresse_postale":"78 avenue du Pr\u00e9sident Pompidou","code_postal":"92500","code_insee":"92063","libelle":"Rueil-Malmaison","telephone":"0155471313","fax":"0155471329","site_web":"http:\/\/www.lyc-eiffel-rueil.ac-versailles.fr\/","mail":"ce.0922398G@ac-versailles.fr","ministere_tutelle":"\u00c9ducation nationale","internat":null,"annee_construction":"1998","date_maj":"2026-03-12"}},{"type":"Feature","geometry":{"type":"Point","coordinates":[2.4052091315685047,48.87668085674949]},"properties":{"code_uai":"0750828T","num_siret":19750828600014,"code_academie":"001","academie":"Paris","dep":"75","sigle_uai":"EREA","nature_uai":"\u00e9tablissement r\u00e9gional d\u2019enseignement adapt\u00e9","patronyme":"EDITH-PIAF","nom_etablissement":"Etablissement r\u00e9gional d'enseignement adapt\u00e9 Edith Piaf","statut":"public","contrat_etablissement":null,"adresse_postale":"316 rue de Belleville","code_postal":"75020","code_insee":"75120","libelle":"Paris 20e Arrondissement","telephone":"0140324350","fax":"0140324360","site_web":"https:\/\/pia.ac-paris.fr\/serail\/jcms\/s2_1809227\/fr\/accueil","mail":"ce.0750828T@ac-paris.fr","ministere_tutelle":"\u00c9ducation nationale","internat":null,"annee_construction":null,"date_maj":"2026-03-12"}},{"type":"Feature","geometry":{"type":"Point","coordinates":[2.6272732084605788,48.68541804243584]},"properties":{"code_uai":"0771436T","num_siret":19771436300011,"code_academie":"024","academie":"Cr\u00e9teil","dep":"77","sigle_uai":"LEGTPA","nature_uai":"lyc\u00e9e d'enseignement g\u00e9n\u00e9ral, technologique et professionnel agricole","patronyme":"BOUGAINVILLE","nom_etablissement":"Lyc\u00e9e d'enseignement g\u00e9n\u00e9ral, technologique et professionnel agricole de Brie-Comte-Robert","statut":"public","contrat_etablissement":null,"adresse_postale":"Route departementale 319","code_postal":"77257","code_insee":"77053","libelle":"Brie-Comte-Robert","telephone":"0160623300","fax":"0164057539","site_web":"http:\/\/www.lycee-bougainville.fr\/","mail":"legta.brie-comte-robert@educagri.fr","ministere_tutelle":"Agriculture","internat":"Oui","annee_construction":"1971","date_maj":"2026-03-12"}},{"type":"Feature","geometry":{"type":"Point","coordinates":[2.0497194097620253,48.78460328356721]},"properties":{"code_uai":"0781578S","num_siret":19781578000014,"code_academie":"025","academie":"Versailles","dep":"78","sigle_uai":"LPO","nature_uai":"lyc\u00e9e polyvalent","patronyme":"H\u00d4TELLERIE-ET-TOURISME","nom_etablissement":"Lyc\u00e9e polyvalent d'H\u00f4tellerie et Tourisme","statut":"public","contrat_etablissement":null,"adresse_postale":"Place Fran\u00e7ois Rabelais","code_postal":"78042","code_insee":"78297","libelle":"Guyancourt","telephone":"0130961200","fax":"0130442491","site_web":"http:\/\/www.lyc-hotellerie-guyancourt.ac-versailles.fr\/","mail":"ce.0781578S@ac-versailles.fr","ministere_tutelle":"\u00c9ducation nationale","internat":"Oui","annee_construction":"1981","date_maj":"2026-03-12"}},{"type":"Feature","geometry":{"type":"Point","coordinates":[2.3398744815433177,48.881251468979656]},"properties":{"code_uai":"0750671X","num_siret":19750671000015,"code_academie":"001","academie":"Paris","dep":"75","sigle_uai":"LPO","nature_uai":"lyc\u00e9e polyvalent","patronyme":"EDGAR-QUINET","nom_etablissement":"Lyc\u00e9e polyvalent Edgar Quinet","statut":"public","contrat_etablissement":null,"adresse_postale":"63 rue DES MARTYRS","code_postal":"75009","code_insee":"75109","libelle":"Paris 9e Arrondissement","telephone":"0148785517","fax":"0148787496","site_web":"https:\/\/www.ac-paris.fr\/serail\/jcms\/s2_439045\/fr\/accueil","mail":"ce.0750671X@ac-paris.fr","ministere_tutelle":"\u00c9ducation nationale","internat":null,"annee_construction":"1833","date_maj":"2026-01-16"}},{"type":"Feature","geometry":{"type":"Point","coordinates":[2.2948582444058694,49.14640109738154]},"properties":{"code_uai":"0951748J","num_siret":19951748300012,"code_academie":"025","academie":"Versailles","dep":"95","sigle_uai":"LPO","nature_uai":"lyc\u00e9e polyvalent","patronyme":"EVARISTE-GALOIS","nom_etablissement":"Lyc\u00e9e polyvalent Evariste Galois","statut":"public","contrat_etablissement":null,"adresse_postale":"14 boulevard L\u00e9on Blum","code_postal":"95260","code_insee":"95052","libelle":"Beaumont-sur-Oise","telephone":"0134701706","fax":"0134700760","site_web":"http:\/\/www.lyc-galois-beaumont.ac-versailles.fr\/","mail":"ce.0951748J@ac-versailles.fr","ministere_tutelle":"\u00c9ducation nationale","internat":null,"annee_construction":"1972","date_maj":"2026-03-12"}},{"type":"Feature","geometry":{"type":"Point","coordinates":[2.041632219316701,48.78131597662745]},"properties":{"code_uai":"0781819D","num_siret":19781819800016,"code_academie":"025","academie":"Versailles","dep":"78","sigle_uai":"LPO","nature_uai":"lyc\u00e9e polyvalent","patronyme":"EMILIE-DE-BRETEUIL","nom_etablissement":"Lyc\u00e9e polyvalent Emilie de Breteuil","statut":"public","contrat_etablissement":null,"adresse_postale":"3 rue du Canal","code_postal":"78180","code_insee":"78423","libelle":"Montigny-le-Bretonneux","telephone":"0130571133","fax":"0130440290","site_web":"http:\/\/www.lyc-breteuil-montigny.ac-versailles.fr\/","mail":"ce.0781819D@ac-versailles.fr","ministere_tutelle":"\u00c9ducation nationale","internat":null,"annee_construction":"1989","date_maj":"2026-03-12"}},{"type":"Feature","geometry":{"type":"Point","coordinates":[2.408073793087787,48.89395126138246]},"properties":{"code_uai":"0932117W","num_siret":19930134200010,"code_academie":"024","academie":"Cr\u00e9teil","dep":"93","sigle_uai":"LPO","nature_uai":"lyc\u00e9e polyvalent","patronyme":"LUCIE-AUBRAC","nom_etablissement":"Lyc\u00e9e polyvalent Lucie Aubrac","statut":"public","contrat_etablissement":null,"adresse_postale":"51 rue Victor Hugo","code_postal":"93500","code_insee":"93055","libelle":"Pantin","telephone":"0141830970","fax":"0148450178","site_web":"http:\/\/lyceeaubrac.com\/","mail":"ce.0932117W@ac-creteil.fr","ministere_tutelle":"\u00c9ducation nationale","internat":null,"annee_construction":"1968","date_maj":"2026-01-29"}},{"type":"Feature","geometry":{"type":"Point","coordinates":[2.4915023903058637,48.906196397624925]},"properties":{"code_uai":"0932282A","num_siret":19931740500017,"code_academie":"024","academie":"Cr\u00e9teil","dep":"93","sigle_uai":"LPO","nature_uai":"lyc\u00e9e polyvalent","patronyme":"LEO-LAGRANGE","nom_etablissement":"Lyc\u00e9e polyvalent L\u00e9o Lagrange","statut":"public","contrat_etablissement":null,"adresse_postale":"29 RUE GEORGES ELIE","code_postal":"93140","code_insee":"93010","libelle":"Bondy","telephone":"0155891100","fax":"0148489264","site_web":"http:\/\/lyceeleolagrange.fr\/","mail":"ce.0932282A@ac-creteil.fr","ministere_tutelle":"\u00c9ducation nationale","internat":null,"annee_construction":"1958","date_maj":"2026-03-18"}},{"type":"Feature","geometry":{"type":"Point","coordinates":[2.4261920598500555,48.730688677911516]},"properties":{"code_uai":"0940743X","num_siret":19940743800019,"code_academie":"024","academie":"Cr\u00e9teil","dep":"94","sigle_uai":"LPO","nature_uai":"lyc\u00e9e polyvalent","patronyme":"MARIANNE","nom_etablissement":"Lyc\u00e9e polyvalent Marianne","statut":"public","contrat_etablissement":null,"adresse_postale":"48 avenue le Foll","code_postal":"94290","code_insee":"94077","libelle":"Villeneuve-le-Roi","telephone":"0145973320","fax":null,"site_web":"https:\/\/www.lycee-marianne.fr","mail":"ce.0940743X@ac-creteil.fr","ministere_tutelle":"\u00c9ducation nationale","internat":null,"annee_construction":null,"date_maj":"2026-03-12"}},{"type":"Feature","geometry":{"type":"Point","coordinates":[2.548190117189201,48.90343886871677]},"properties":{"code_uai":"0932026X","num_siret":19932026800014,"code_academie":"024","academie":"Cr\u00e9teil","dep":"93","sigle_uai":"LPO","nature_uai":"lyc\u00e9e polyvalent","patronyme":"ALFRED-NOBEL","nom_etablissement":"Lyc\u00e9e polyvalent Alfred Nobel","statut":"public","contrat_etablissement":null,"adresse_postale":"20 all\u00e9e DE GAGNY","code_postal":"93390","code_insee":"93014","libelle":"Clichy-sous-Bois","telephone":"0141701000","fax":"0141701007","site_web":"http:\/\/www.lyceenobelclichy.fr\/","mail":"ce.0932026X@ac-creteil.fr","ministere_tutelle":"\u00c9ducation nationale","internat":"Oui","annee_construction":"1989","date_maj":"2026-03-12"}},{"type":"Feature","geometry":{"type":"Point","coordinates":[2.4790833560620764,48.71389660602255]},"properties":{"code_uai":"0910756C","num_siret":19910756600010,"code_academie":"025","academie":"Versailles","dep":"91","sigle_uai":"LP LYC METIER","nature_uai":"lyc\u00e9e professionnel","patronyme":"LOUIS-ARMAND","nom_etablissement":"Lyc\u00e9e professionnel Louis Armand, lyc\u00e9e des m\u00e9tiers administratifs et commerciaux","statut":"public","contrat_etablissement":null,"adresse_postale":"9 rue Pierre de Coubertin","code_postal":"91330","code_insee":"91691","libelle":"Yerres","telephone":"0169482782","fax":"0169839911","site_web":"http:\/\/www.lyc-armand-yerres.ac-versailles.fr\/","mail":"ce.0910756C@ac-versailles.fr","ministere_tutelle":"\u00c9ducation nationale","internat":null,"annee_construction":"1967","date_maj":"2026-03-12"}},{"type":"Feature","geometry":{"type":"Point","coordinates":[2.1183995527535835,48.84152107355236]},"properties":{"code_uai":"0783214V","num_siret":19783214000010,"code_academie":"025","academie":"Versailles","dep":"78","sigle_uai":"LP LYC METIER","nature_uai":"lyc\u00e9e professionnel","patronyme":"LUCIEN-REN\u00c9-DUCHESNE","nom_etablissement":"Lyc\u00e9e professionnel Lucien Ren\u00e9 Duchesne - Lyc\u00e9e des m\u00e9tiers de la mobilit\u00e9 et de la maintenance des v\u00e9hicules","statut":"public","contrat_etablissement":null,"adresse_postale":"49 avenue Maurice de Hirsch","code_postal":"78170","code_insee":"78126","libelle":"La Celle-Saint-Cloud","telephone":"0130081060","fax":"0130081066","site_web":"http:\/\/www.lyc-duchesne-lacelle.ac-versailles.fr\/","mail":"ce.0783214V@ac-versailles.fr","ministere_tutelle":"\u00c9ducation nationale","internat":null,"annee_construction":"2007","date_maj":"2026-03-12"}},{"type":"Feature","geometry":{"type":"Point","coordinates":[2.445528654993236,48.85750093339525]},"properties":{"code_uai":"0930130L","num_siret":19930130000018,"code_academie":"024","academie":"Cr\u00e9teil","dep":"93","sigle_uai":"LP LYC METIER","nature_uai":"lyc\u00e9e professionnel","patronyme":"CONDORCET (PROFESSIONNEL)","nom_etablissement":"Lyc\u00e9e professionnel Condorcet - Lyc\u00e9e des m\u00e9tiers de la maintenance des v\u00e9hicules et du traitement de mat\u00e9riaux","statut":"public","contrat_etablissement":null,"adresse_postale":"31 rue DESIRE CHEVALIER","code_postal":"93101","code_insee":"93048","libelle":"Montreuil","telephone":"0148575063","fax":"0148571511","site_web":"http:\/\/www.condorcet93.fr\/","mail":"ce.0930130L@ac-creteil.fr","ministere_tutelle":"\u00c9ducation nationale","internat":null,"annee_construction":"1950","date_maj":"2026-01-14"}},{"type":"Feature","geometry":{"type":"Point","coordinates":[2.6634363481038346,48.50937890988075]},"properties":{"code_uai":"0770943G","num_siret":19770943900016,"code_academie":"024","academie":"Cr\u00e9teil","dep":"77","sigle_uai":"LP LYC METIER","nature_uai":"lyc\u00e9e professionnel","patronyme":"BENJAMIN-FRANKLIN","nom_etablissement":"Lyc\u00e9e professionnel Benjamin Franklin - Lyc\u00e9e des m\u00e9tiers du b\u00e2timent","statut":"public","contrat_etablissement":null,"adresse_postale":"Rue DE LA FORET - LA ROCHETTE","code_postal":"77000","code_insee":"77389","libelle":"La Rochette","telephone":"0164835077","fax":"0164835083","site_web":"https:\/\/www.lycee-benjamin-franklin.com\/","mail":"ce.0770943G@ac-creteil.fr","ministere_tutelle":"\u00c9ducation nationale","internat":"Oui","annee_construction":"1776","date_maj":"2026-03-27"}},{"type":"Feature","geometry":{"type":"Point","coordinates":[2.3126280641811805,48.82469130457495]},"properties":{"code_uai":"0750691U","num_siret":19750691800048,"code_academie":"001","academie":"Paris","dep":"75","sigle_uai":"LPO LYC METIER","nature_uai":"lyc\u00e9e polyvalent","patronyme":"RASPAIL","nom_etablissement":"Lyc\u00e9e polyvalent Raspail","statut":"public","contrat_etablissement":null,"adresse_postale":"5 BIS AVENUE MAURICE D OCAGNE","code_postal":"75014","code_insee":"75114","libelle":"Paris 14e Arrondissement","telephone":"0140527300","fax":"0140527302","site_web":"http:\/\/www.ldmraspail.fr\/","mail":"ce.0750691U@ac-paris.fr","ministere_tutelle":"\u00c9ducation nationale","internat":null,"annee_construction":"1993","date_maj":"2026-01-26"}},{"type":"Feature","geometry":{"type":"Point","coordinates":[2.02202841753786,49.033255991192725]},"properties":{"code_uai":"0951710T","num_siret":19951710300016,"code_academie":"025","academie":"Versailles","dep":"95","sigle_uai":"LPO LYC METIER","nature_uai":"lyc\u00e9e polyvalent","patronyme":"CAMILLE-CLAUDEL","nom_etablissement":"Lyc\u00e9e polyvalent Camille Claudel, lyc\u00e9e des m\u00e9tiers des arts et du design","statut":"public","contrat_etablissement":null,"adresse_postale":"Avenue FEDERICO GARCIA LORCA","code_postal":"95490","code_insee":"95637","libelle":"Vaur\u00e9al","telephone":"0134211893","fax":"0134217969","site_web":"http:\/\/www.lyc-claudel-vaureal.ac-versailles.fr\/","mail":"ce.0951710T@ac-versailles.fr","ministere_tutelle":"\u00c9ducation nationale","internat":null,"annee_construction":"1990","date_maj":"2026-01-23"}},{"type":"Feature","geometry":{"type":"Point","coordinates":[2.353337607800063,48.83420799456895]},"properties":{"code_uai":"0753268V","num_siret":19753268200014,"code_academie":"001","academie":"Paris","dep":"75","sigle_uai":"LPO LYC METIER","nature_uai":"lyc\u00e9e polyvalent","patronyme":"JEAN-LURCAT","nom_etablissement":"Lyc\u00e9e polyvalent Jean Lur\u00e7at - Lyc\u00e9e des m\u00e9tiers du management, de la communication et de la relation cleint","statut":"public","contrat_etablissement":null,"adresse_postale":"48 avenue des Gobelins","code_postal":"75013","code_insee":"75113","libelle":"Paris 13e Arrondissement","telephone":"0144087020","fax":"0143360023","site_web":"http:\/\/www.lycee-jean-lurcat.net\/generique.php?page=index.dh","mail":"ce.0753268V@ac-paris.fr","ministere_tutelle":"\u00c9ducation nationale","internat":null,"annee_construction":"1966","date_maj":"2026-03-12"}},{"type":"Feature","geometry":{"type":"Point","coordinates":[2.355881902782786,48.93942848556531]},"properties":{"code_uai":"0932129J","num_siret":19931388300019,"code_academie":"024","academie":"Cr\u00e9teil","dep":"93","sigle_uai":"LPO LYC METIER","nature_uai":"lyc\u00e9e polyvalent","patronyme":"ENNA (L')","nom_etablissement":"Lyc\u00e9e polyvalent Application de l'Enna - Lyc\u00e9e des m\u00e9tiers d'art, de la couture, de la mode \u00e9thique et des services publics","statut":"public","contrat_etablissement":null,"adresse_postale":"Place du 8 Mai 1945","code_postal":"93201","code_insee":"93066","libelle":"Saint-Denis","telephone":"0149718700","fax":"0148226854","site_web":"https:\/\/lyceedelenna.fr\/","mail":"ce.0932129J@ac-creteil.fr","ministere_tutelle":"\u00c9ducation nationale","internat":null,"annee_construction":null,"date_maj":"2026-01-28"}},{"type":"Feature","geometry":{"type":"Point","coordinates":[2.4243206489988234,48.81499680233944]},"properties":{"code_uai":"0941355M","num_siret":19941355000013,"code_academie":"024","academie":"Cr\u00e9teil","dep":"94","sigle_uai":"LPO LYC METIER","nature_uai":"lyc\u00e9e polyvalent","patronyme":"PAUL-BERT","nom_etablissement":"Lyc\u00e9e polyvalent Paul Bert","statut":"public","contrat_etablissement":null,"adresse_postale":"1 rue DU GUE AUX AUROCHS","code_postal":"94700","code_insee":"94046","libelle":"Maisons-Alfort","telephone":"0141790250","fax":"0141790279","site_web":"http:\/\/lyceepaulbert.fr\/","mail":"ce.0941355M@ac-creteil.fr","ministere_tutelle":"\u00c9ducation nationale","internat":null,"annee_construction":"1973","date_maj":"2026-03-18"}},{"type":"Feature","geometry":{"type":"Point","coordinates":[2.085562477420541,48.89954744030696]},"properties":{"code_uai":"0782557F","num_siret":19782557300011,"code_academie":"025","academie":"Versailles","dep":"78","sigle_uai":"LPO LYC METIER","nature_uai":"lyc\u00e9e polyvalent","patronyme":"JEAN-BAPTISTE-POQUELIN","nom_etablissement":"Lyc\u00e9e polyvalent Jean-Baptiste Poquelin","statut":"public","contrat_etablissement":null,"adresse_postale":"72 RUE LEON DESOYER","code_postal":"78101","code_insee":"78551","libelle":"Saint-Germain-en-Laye","telephone":"0130874400","fax":"0139732165","site_web":"http:\/\/www.lycee-jbpoquelin.fr\/site\/","mail":"ce.0782557F@ac-versailles.fr","ministere_tutelle":"\u00c9ducation nationale","internat":null,"annee_construction":"1896","date_maj":"2026-03-05"}},{"type":"Feature","geometry":{"type":"Point","coordinates":[2.3146576650777937,48.84737880361758]},"properties":{"code_uai":"0753852E","num_siret":33482277200037,"code_academie":"001","academie":"Paris","dep":"75","sigle_uai":"LGT PR","nature_uai":"lyc\u00e9e d'enseignement g\u00e9n\u00e9ral et technologique","patronyme":"SAINTE-JEANNE-ELISABETH","nom_etablissement":"Lyc\u00e9e g\u00e9n\u00e9ral et technologique priv\u00e9 Sainte Jeanne Elisabeth","statut":"priv\u00e9","contrat_etablissement":"lyc\u00e9e priv\u00e9 sous contrat \u00c9ducation nationale","adresse_postale":"8 rue Maurice de la Sizeranne","code_postal":"75007","code_insee":"75107","libelle":"Paris 7e Arrondissement","telephone":"0153585900","fax":"0145673146","site_web":"http:\/\/www.ste-jeanne-elisabeth.com\/","mail":"ce.0753852E@ac-paris.fr","ministere_tutelle":"\u00c9ducation nationale","internat":null,"annee_construction":null,"date_maj":"2026-03-12"}},{"type":"Feature","geometry":{"type":"Point","coordinates":[2.183047278908462,48.85878124948275]},"properties":{"code_uai":"0920928J","num_siret":32303763000015,"code_academie":"025","academie":"Versailles","dep":"92","sigle_uai":"LGT PR","nature_uai":"lyc\u00e9e d'enseignement g\u00e9n\u00e9ral et technologique","patronyme":"PASSY-BUZENVAL (La Salle)","nom_etablissement":"Lyc\u00e9e g\u00e9n\u00e9ral et technologique priv\u00e9 La Salle Passy Buzenval","statut":"priv\u00e9","contrat_etablissement":"lyc\u00e9e priv\u00e9 sous contrat \u00c9ducation nationale","adresse_postale":"50 avenue Otis Mygatt","code_postal":"92508","code_insee":"92063","libelle":"Rueil-Malmaison","telephone":"0141398181","fax":"0141398180","site_web":null,"mail":"ce.0920928J@ac-versailles.fr","ministere_tutelle":"\u00c9ducation nationale","internat":null,"annee_construction":null,"date_maj":"2026-03-12"}},{"type":"Feature","geometry":{"type":"Point","coordinates":[2.3008193855664767,48.7929443705192]},"properties":{"code_uai":"0920894X","num_siret":78528764000011,"code_academie":"025","academie":"Versailles","dep":"92","sigle_uai":"LGT PR","nature_uai":"lyc\u00e9e d'enseignement g\u00e9n\u00e9ral et technologique","patronyme":"SAINT-GABRIEL (Apprentis d'Auteuil)","nom_etablissement":"Lyc\u00e9e g\u00e9n\u00e9ral et technologique priv\u00e9 Saint Gabriel","statut":"priv\u00e9","contrat_etablissement":"lyc\u00e9e priv\u00e9 sous contrat \u00c9ducation nationale","adresse_postale":"21 rue de la Lisette","code_postal":"92220","code_insee":"92007","libelle":"Bagneux","telephone":"0146576122","fax":"0146577111","site_web":null,"mail":"ce.0920894X@ac-versailles.fr","ministere_tutelle":"\u00c9ducation nationale","internat":null,"annee_construction":null,"date_maj":"2026-03-12"}},{"type":"Feature","geometry":{"type":"Point","coordinates":[2.2403380193669244,48.815732190282915]},"properties":{"code_uai":"0920917X","num_siret":57980335400011,"code_academie":"025","academie":"Versailles","dep":"92","sigle_uai":"LGT PR","nature_uai":"lyc\u00e9e d'enseignement g\u00e9n\u00e9ral et technologique","patronyme":"NOTRE-DAME","nom_etablissement":"Lyc\u00e9e g\u00e9n\u00e9ral et technologique priv\u00e9 Notre-Dame","statut":"priv\u00e9","contrat_etablissement":"lyc\u00e9e priv\u00e9 sous contrat \u00c9ducation nationale","adresse_postale":"24 rue Alexandre Guilmant","code_postal":"92190","code_insee":"92048","libelle":"Meudon","telephone":"0146900020","fax":"0146266706","site_web":null,"mail":"ce.0920917X@ac-versailles.fr","ministere_tutelle":"\u00c9ducation nationale","internat":null,"annee_construction":null,"date_maj":"2026-03-12"}},{"type":"Feature","geometry":{"type":"Point","coordinates":[2.3659819549864993,48.89454339499439]},"properties":{"code_uai":"0753231E","num_siret":49025488500026,"code_academie":"001","academie":"Paris","dep":"75","sigle_uai":"LGT PR","nature_uai":"lyc\u00e9e d'enseignement g\u00e9n\u00e9ral et technologique","patronyme":"SINAI","nom_etablissement":"Lyc\u00e9e g\u00e9n\u00e9ral et technologique priv\u00e9 Sina\u00ef","statut":"priv\u00e9","contrat_etablissement":"lyc\u00e9e priv\u00e9 sous contrat \u00c9ducation nationale","adresse_postale":"2 rue Tristan Tzara","code_postal":"75018","code_insee":"75118","libelle":"Paris 18e Arrondissement","telephone":"0140380202","fax":"0140380771","site_web":null,"mail":"ce.0753231E@ac-paris.fr","ministere_tutelle":"\u00c9ducation nationale","internat":null,"annee_construction":null,"date_maj":"2026-03-12"}},{"type":"Feature","geometry":{"type":"Point","coordinates":[2.3848003666518878,48.79419945658507]},"properties":{"code_uai":"0941719H","num_siret":55208172100029,"code_academie":"024","academie":"Cr\u00e9teil","dep":"94","sigle_uai":"LGT PR","nature_uai":"lyc\u00e9e d'enseignement g\u00e9n\u00e9ral et technologique","patronyme":"EPIN","nom_etablissement":"Lyc\u00e9e g\u00e9n\u00e9ral et technologique priv\u00e9 Epin","statut":"priv\u00e9","contrat_etablissement":"lyc\u00e9e priv\u00e9 sous contrat \u00c9ducation nationale","adresse_postale":"19 avenue Eug\u00e8ne Pelletan","code_postal":"94400","code_insee":"94081","libelle":"Vitry-sur-Seine","telephone":"0146811106","fax":null,"site_web":null,"mail":"ce.0941719H@ac-creteil.fr","ministere_tutelle":"\u00c9ducation nationale","internat":null,"annee_construction":null,"date_maj":"2026-03-12"}},{"type":"Feature","geometry":{"type":"Point","coordinates":[2.0492015541446027,48.795692848197156]},"properties":{"code_uai":"0781974X","num_siret":40854725500021,"code_academie":"025","academie":"Versailles","dep":"78","sigle_uai":"LGT PR","nature_uai":"lyc\u00e9e d'enseignement g\u00e9n\u00e9ral et technologique","patronyme":"SAINT-EXUP\u00c9RY","nom_etablissement":"Lyc\u00e9e g\u00e9n\u00e9ral et technologique priv\u00e9 Saint-Exup\u00e9ry","statut":"priv\u00e9","contrat_etablissement":"lyc\u00e9e priv\u00e9 sous contrat \u00c9ducation nationale","adresse_postale":"11 rue Michael Faraday","code_postal":"78180","code_insee":"78423","libelle":"Montigny-le-Bretonneux","telephone":"0130583700","fax":"0130585345","site_web":null,"mail":"ce.0781974X@ac-versailles.fr","ministere_tutelle":"\u00c9ducation nationale","internat":null,"annee_construction":null,"date_maj":"2026-03-12"}},{"type":"Feature","geometry":{"type":"Point","coordinates":[2.4250052027638027,48.85283000352504]},"properties":{"code_uai":"0931796X","num_siret":77568810400113,"code_academie":"024","academie":"Cr\u00e9teil","dep":"93","sigle_uai":"LGT PR","nature_uai":"lyc\u00e9e d'enseignement g\u00e9n\u00e9ral et technologique","patronyme":"ORT (Daniel Meyer)","nom_etablissement":"Lyc\u00e9e enseignement g\u00e9n\u00e9ral et technologique priv\u00e9 ORT","statut":"priv\u00e9","contrat_etablissement":"lyc\u00e9e priv\u00e9 sous contrat \u00c9ducation nationale","adresse_postale":"39\/45 rue Raspail","code_postal":"93107","code_insee":"93048","libelle":"Montreuil","telephone":"0149884660","fax":null,"site_web":null,"mail":"ce.0931796x@ac-creteil.fr","ministere_tutelle":"\u00c9ducation nationale","internat":null,"annee_construction":null,"date_maj":"2026-03-12"}},{"type":"Feature","geometry":{"type":"Point","coordinates":[2.569982738187762,48.930778207404614]},"properties":{"code_uai":"0931799A","num_siret":30413855500012,"code_academie":"024","academie":"Cr\u00e9teil","dep":"93","sigle_uai":"LGT PR","nature_uai":"lyc\u00e9e d'enseignement g\u00e9n\u00e9ral et technologique","patronyme":"F\u00c9NELON","nom_etablissement":"Lyc\u00e9e g\u00e9n\u00e9ral priv\u00e9 F\u00e9nelon","statut":"priv\u00e9","contrat_etablissement":"lyc\u00e9e priv\u00e9 sous contrat \u00c9ducation nationale","adresse_postale":"1 rue de Montauban","code_postal":"93410","code_insee":"93074","libelle":"Vaujours","telephone":"0149636202","fax":null,"site_web":null,"mail":"ce.0931799a@ac-creteil.fr","ministere_tutelle":"\u00c9ducation nationale","internat":null,"annee_construction":null,"date_maj":"2026-03-12"}},{"type":"Feature","geometry":{"type":"Point","coordinates":[2.5490887631686205,48.846151027322726]},"properties":{"code_uai":"0932036H","num_siret":33993383000012,"code_academie":"024","academie":"Cr\u00e9teil","dep":"93","sigle_uai":"LGT PR","nature_uai":"lyc\u00e9e d'enseignement g\u00e9n\u00e9ral et technologique","patronyme":"FRANCOISE-CABRINI","nom_etablissement":"Lyc\u00e9e g\u00e9n\u00e9ral et technologique priv\u00e9 Fran\u00e7oise Cabrini","statut":"priv\u00e9","contrat_etablissement":"lyc\u00e9e priv\u00e9 sous contrat \u00c9ducation nationale","adresse_postale":"20 rue du Docteur Sureau","code_postal":"93167","code_insee":"93051","libelle":"Noisy-le-Grand","telephone":"0148151625","fax":null,"site_web":null,"mail":"ce.0932036H@ac-creteil.fr","ministere_tutelle":"\u00c9ducation nationale","internat":null,"annee_construction":null,"date_maj":"2026-03-12"}},{"type":"Feature","geometry":{"type":"Point","coordinates":[2.2831562997306007,48.81081427469016]},"properties":{"code_uai":"0920163C","num_siret":19920163300013,"code_academie":"025","academie":"Versailles","dep":"92","sigle_uai":"LP","nature_uai":"lyc\u00e9e professionnel","patronyme":"LOUIS-GIRARD","nom_etablissement":"Lyc\u00e9e professionnel Louis Girard","statut":"public","contrat_etablissement":null,"adresse_postale":"85 rue LOUIS GIRARD","code_postal":"92240","code_insee":"92046","libelle":"Malakoff","telephone":"0146426384","fax":"0146424704","site_web":"http:\/\/www.lyc-girard-malakoff.ac-versailles.fr\/","mail":"ce.0920163C@ac-versailles.fr","ministere_tutelle":"\u00c9ducation nationale","internat":null,"annee_construction":"1950","date_maj":"2026-03-05"}},{"type":"Feature","geometry":{"type":"Point","coordinates":[2.4096103845694055,48.89544091786192]},"properties":{"code_uai":"0930135S","num_siret":19930135900014,"code_academie":"024","academie":"Cr\u00e9teil","dep":"93","sigle_uai":"LP","nature_uai":"lyc\u00e9e professionnel","patronyme":"SIMONE-WEIL","nom_etablissement":"Lyc\u00e9e professionnel Simone Weil","statut":"public","contrat_etablissement":null,"adresse_postale":"6 rue DELIZY","code_postal":"93500","code_insee":"93055","libelle":"Pantin","telephone":"0148103900","fax":"0148440091","site_web":"http:\/\/www.lpsweilpantin.org\/","mail":"ce.0930135S@ac-creteil.fr","ministere_tutelle":"\u00c9ducation nationale","internat":null,"annee_construction":"1965","date_maj":"2026-01-22"}},{"type":"Feature","geometry":{"type":"Point","coordinates":[2.4731761275858335,48.852087694925295]},"properties":{"code_uai":"0941298A","num_siret":19941298200019,"code_academie":"024","academie":"Cr\u00e9teil","dep":"94","sigle_uai":"LP","nature_uai":"lyc\u00e9e professionnel","patronyme":"JULES-MICHELET","nom_etablissement":"Lyc\u00e9e professionnel Michelet","statut":"public","contrat_etablissement":null,"adresse_postale":"2-4 rue B\u00e9ranger","code_postal":"94120","code_insee":"94033","libelle":"Fontenay-sous-Bois","telephone":"0148756485","fax":null,"site_web":"http:\/\/www.lycee-michelet.fr\/index.php\/fr\/","mail":"ce.0941298A@ac-creteil.fr","ministere_tutelle":"\u00c9ducation nationale","internat":null,"annee_construction":"1899","date_maj":"2026-03-12"}},{"type":"Feature","geometry":{"type":"Point","coordinates":[2.3599726427505554,48.86624005627622]},"properties":{"code_uai":"0750770E","num_siret":19750770000015,"code_academie":"001","academie":"Paris","dep":"75","sigle_uai":"LP","nature_uai":"lyc\u00e9e professionnel","patronyme":"ABB\u00c9-GR\u00c9GOIRE (L')","nom_etablissement":"Lyc\u00e9e professionnel Abb\u00e9 Gr\u00e9goire","statut":"public","contrat_etablissement":null,"adresse_postale":"70 bis rue de Turbigo","code_postal":"75003","code_insee":"75103","libelle":"Paris 3e Arrondissement","telephone":"0148874534","fax":"0144619077","site_web":"http:\/\/www.lyceeabbegregoire.fr\/","mail":"ce.0750770E@ac-paris.fr","ministere_tutelle":"\u00c9ducation nationale","internat":null,"annee_construction":null,"date_maj":"2026-03-12"}},{"type":"Feature","geometry":{"type":"Point","coordinates":[2.2658234454840724,48.73404733478106]},"properties":{"code_uai":"0910687C","num_siret":19910687300011,"code_academie":"025","academie":"Versailles","dep":"91","sigle_uai":"LGT","nature_uai":"lyc\u00e9e d'enseignement g\u00e9n\u00e9ral et technologique","patronyme":"FUSTEL-DE-COULANGES","nom_etablissement":"Lyc\u00e9e g\u00e9n\u00e9ral et technologique Fustel de Coulanges","statut":"public","contrat_etablissement":null,"adresse_postale":"11 rue des Migneaux","code_postal":"91300","code_insee":"91377","libelle":"Massy","telephone":"0169534060","fax":"0169534074","site_web":null,"mail":"ce.0910687C@ac-versailles.fr","ministere_tutelle":"\u00c9ducation nationale","internat":null,"annee_construction":"1966","date_maj":"2026-03-12"}},{"type":"Feature","geometry":{"type":"Point","coordinates":[1.6933611347904614,48.99632959160948]},"properties":{"code_uai":"0782539L","num_siret":19782539100018,"code_academie":"025","academie":"Versailles","dep":"78","sigle_uai":"LGT","nature_uai":"lyc\u00e9e d'enseignement g\u00e9n\u00e9ral et technologique","patronyme":"SAINT-EXUP\u00c9RY","nom_etablissement":"Lyc\u00e9e g\u00e9n\u00e9ral et technologique Saint-Exup\u00e9ry","statut":"public","contrat_etablissement":null,"adresse_postale":"8 rue Marcel Fouque","code_postal":"78201","code_insee":"78361","libelle":"Mantes-la-Jolie","telephone":"0130632121","fax":"0130335073","site_web":"http:\/\/www.lyc-stex-mantes.ac-versailles.fr\/","mail":"ce.0782539L@ac-versailles.fr","ministere_tutelle":"\u00c9ducation nationale","internat":null,"annee_construction":"1959","date_maj":"2026-03-11"}},{"type":"Feature","geometry":{"type":"Point","coordinates":[2.6576433910619786,48.83607944975962]},"properties":{"code_uai":"0772120L","num_siret":19772120200012,"code_academie":"024","academie":"Cr\u00e9teil","dep":"77","sigle_uai":"LGT","nature_uai":"lyc\u00e9e d'enseignement g\u00e9n\u00e9ral et technologique","patronyme":"JEAN-MOULIN","nom_etablissement":"Lyc\u00e9e g\u00e9n\u00e9ral et technologique Jean Moulin","statut":"public","contrat_etablissement":null,"adresse_postale":"6 AVENUE JEAN MOULIN - TORCY","code_postal":"77200","code_insee":"77468","libelle":"Torcy","telephone":"0160373870","fax":"0160178108","site_web":"http:\/\/www.jeanmoulintorcy.fr\/","mail":"ce.0772120L@ac-creteil.fr","ministere_tutelle":"\u00c9ducation nationale","internat":null,"annee_construction":null,"date_maj":"2026-03-12"}},{"type":"Feature","geometry":{"type":"Point","coordinates":[2.400208301462324,48.756951300656354]},"properties":{"code_uai":"0940123Y","num_siret":19940123300010,"code_academie":"024","academie":"Cr\u00e9teil","dep":"94","sigle_uai":"LGT","nature_uai":"lyc\u00e9e d'enseignement g\u00e9n\u00e9ral et technologique","patronyme":"GUILLAUME-APOLLINAIRE","nom_etablissement":"Lyc\u00e9e g\u00e9n\u00e9ral et technologique Guillaume Apollinaire","statut":"public","contrat_etablissement":null,"adresse_postale":"42 rue du pav\u00e9 de Grignon","code_postal":"94320","code_insee":"94073","libelle":"Thiais","telephone":"0148525877","fax":null,"site_web":"http:\/\/lycee-apollinaire-thiais.fr\/","mail":"ce.0940123Y@ac-creteil.fr","ministere_tutelle":"\u00c9ducation nationale","internat":null,"annee_construction":"2000","date_maj":"2026-03-12"}},{"type":"Feature","geometry":{"type":"Point","coordinates":[2.471321521299963,48.88927848551092]},"properties":{"code_uai":"0930123D","num_siret":19930123500016,"code_academie":"024","academie":"Cr\u00e9teil","dep":"93","sigle_uai":"LGT","nature_uai":"lyc\u00e9e d'enseignement g\u00e9n\u00e9ral et technologique","patronyme":"OLYMPE-DE-GOUGES","nom_etablissement":"Lyc\u00e9e g\u00e9n\u00e9ral et technologique Olympe de Gouges","statut":"public","contrat_etablissement":null,"adresse_postale":"RUE DE MONTREUIL A CLAYE","code_postal":"93130","code_insee":"93053","libelle":"Noisy-le-Sec","telephone":"0148434202","fax":"0149150350","site_web":"https:\/\/www.citescolaireolympedegouges.fr\/#Accueil.A","mail":"ce.0930123D@ac-creteil.fr","ministere_tutelle":"\u00c9ducation nationale","internat":null,"annee_construction":"1962","date_maj":"2026-02-09"}},{"type":"Feature","geometry":{"type":"Point","coordinates":[2.894789005848248,48.95461335102046]},"properties":{"code_uai":"0772229E","num_siret":19772229100014,"code_academie":"024","academie":"Cr\u00e9teil","dep":"77","sigle_uai":"LGT","nature_uai":"lyc\u00e9e d'enseignement g\u00e9n\u00e9ral et technologique","patronyme":"JEAN-VILAR","nom_etablissement":"Lyc\u00e9e g\u00e9n\u00e9ral et technologique Jean Vilar","statut":"public","contrat_etablissement":null,"adresse_postale":"83 avenue Salvador Allende","code_postal":"77100","code_insee":"77284","libelle":"Meaux","telephone":"0160230000","fax":"0160230648","site_web":"https:\/\/lycee-jean-vilar77.jimdo.com\/","mail":"ce.0772229E@ac-creteil.fr","ministere_tutelle":"\u00c9ducation nationale","internat":null,"annee_construction":"1990","date_maj":"2023-02-06"}},{"type":"Feature","geometry":{"type":"Point","coordinates":[2.333774738186778,48.88821536735607]},"properties":{"code_uai":"0754239A","num_siret":78475421000028,"code_academie":"001","academie":"Paris","dep":"75","sigle_uai":"LPO PR","nature_uai":"lyc\u00e9e polyvalent","patronyme":"SAINT-JEAN-DE-MONTMARTRE","nom_etablissement":"Lyc\u00e9e polyvalent priv\u00e9 Saint Jean de Montmartre","statut":"priv\u00e9","contrat_etablissement":"lyc\u00e9e priv\u00e9 sous contrat \u00c9ducation nationale","adresse_postale":"31 rue Caulaincourt","code_postal":"75018","code_insee":"75118","libelle":"Paris 18e Arrondissement","telephone":"0146060308","fax":"0142594128","site_web":"http:\/\/lycee-stjeandemontmartre.com\/","mail":"ce.0754239A@ac-paris.fr","ministere_tutelle":"\u00c9ducation nationale","internat":null,"annee_construction":null,"date_maj":"2026-03-12"}},{"type":"Feature","geometry":{"type":"Point","coordinates":[2.270111556387921,48.88402114132471]},"properties":{"code_uai":"0920985W","num_siret":77572827200029,"code_academie":"025","academie":"Versailles","dep":"92","sigle_uai":"LPO PR","nature_uai":"lyc\u00e9e polyvalent","patronyme":"TRINIT\u00c9 (LA)","nom_etablissement":"Lyc\u00e9e polyvalent priv\u00e9 La Trinit\u00e9","statut":"priv\u00e9","contrat_etablissement":"lyc\u00e9e priv\u00e9 sous contrat \u00c9ducation nationale","adresse_postale":"121 avenue Achille Peretti","code_postal":"92200","code_insee":"92051","libelle":"Neuilly-sur-Seine","telephone":"0147454633","fax":"0146439558","site_web":null,"mail":"ce.0920985W@ac-versailles.fr","ministere_tutelle":"\u00c9ducation nationale","internat":null,"annee_construction":null,"date_maj":"2026-03-12"}},{"type":"Feature","geometry":{"type":"Point","coordinates":[2.349088600466694,48.8783808876197]},"properties":{"code_uai":"0750670W","num_siret":19750670200012,"code_academie":"001","academie":"Paris","dep":"75","sigle_uai":"LG","nature_uai":"lyc\u00e9e d'enseignement g\u00e9n\u00e9ral","patronyme":"LAMARTINE","nom_etablissement":"Lyc\u00e9e g\u00e9n\u00e9ral et technologique Lamartine","statut":"public","contrat_etablissement":null,"adresse_postale":"121 RUE DU FG POISSONNIERE","code_postal":"75009","code_insee":"75109","libelle":"Paris 9e Arrondissement","telephone":"0148789474","fax":"0142829205","site_web":"https:\/\/www.ac-paris.fr\/serail\/jcms\/s1_1489618\/fr\/cite-scolaire-alphonse-de-lamartine","mail":"ce.0750670W@ac-paris.fr","ministere_tutelle":"\u00c9ducation nationale","internat":null,"annee_construction":"1893","date_maj":"2026-01-16"}},{"type":"Feature","geometry":{"type":"Point","coordinates":[2.3269329145962345,48.874803117835995]},"properties":{"code_uai":"0750667T","num_siret":19750667800014,"code_academie":"001","academie":"Paris","dep":"75","sigle_uai":"LG","nature_uai":"lyc\u00e9e d'enseignement g\u00e9n\u00e9ral","patronyme":"CONDORCET","nom_etablissement":"Lyc\u00e9e g\u00e9n\u00e9ral Condorcet","statut":"public","contrat_etablissement":null,"adresse_postale":"8 RUE DU HAVRE","code_postal":"75009","code_insee":"75109","libelle":"Paris 9e Arrondissement","telephone":"0148742595","fax":"0148746294","site_web":"https:\/\/www.ac-paris.fr\/serail\/jcms\/s2_2323780\/fr\/lycee-condorcet-paris-9e","mail":"ce.0750667T@ac-paris.fr","ministere_tutelle":"\u00c9ducation nationale","internat":null,"annee_construction":"1803","date_maj":"2026-01-15"}},{"type":"Feature","geometry":{"type":"Point","coordinates":[2.3604935218748184,48.854235652843826]},"properties":{"code_uai":"0750652B","num_siret":19750652000018,"code_academie":"001","academie":"Paris","dep":"75","sigle_uai":"LG","nature_uai":"lyc\u00e9e d'enseignement g\u00e9n\u00e9ral","patronyme":"CHARLEMAGNE","nom_etablissement":"Lyc\u00e9e g\u00e9n\u00e9ral Charlemagne","statut":"public","contrat_etablissement":null,"adresse_postale":"14 rue Charlemagne","code_postal":"75004","code_insee":"75104","libelle":"Paris 4e Arrondissement","telephone":"0153019830","fax":"0142727818","site_web":"http:\/\/www.lycee-charlemagne.fr\/","mail":"ce.0750652B@ac-paris.fr","ministere_tutelle":"\u00c9ducation nationale","internat":null,"annee_construction":"1641","date_maj":"2026-01-19"}},{"type":"Feature","geometry":{"type":"Point","coordinates":[2.378006460299218,48.870211287559485]},"properties":{"code_uai":"0754479L","num_siret":77567877400198,"code_academie":"001","academie":"Paris","dep":"75","sigle_uai":"LG PR","nature_uai":"lyc\u00e9e d'enseignement g\u00e9n\u00e9ral","patronyme":"OZAR-HATORAH","nom_etablissement":"Lyc\u00e9e g\u00e9n\u00e9ral priv\u00e9 Ozar Hatorah","statut":"priv\u00e9","contrat_etablissement":"lyc\u00e9e priv\u00e9 sous contrat \u00c9ducation nationale","adresse_postale":"34 rue du Moulin Joly","code_postal":"75011","code_insee":"75111","libelle":"Paris 11e Arrondissement","telephone":"0143385019","fax":"0143574170","site_web":null,"mail":"ce.0754479L@ac-paris.fr","ministere_tutelle":"\u00c9ducation nationale","internat":null,"annee_construction":null,"date_maj":"2026-03-12"}},{"type":"Feature","geometry":{"type":"Point","coordinates":[2.2860409848745764,48.842805453750806]},"properties":{"code_uai":"0753916Z","num_siret":78461709400015,"code_academie":"001","academie":"Paris","dep":"75","sigle_uai":"LG PR","nature_uai":"lyc\u00e9e d'enseignement g\u00e9n\u00e9ral","patronyme":"SAINTE-ELISABETH","nom_etablissement":"Lyc\u00e9e g\u00e9n\u00e9ral priv\u00e9 Sainte Elisabeth","statut":"priv\u00e9","contrat_etablissement":"lyc\u00e9e priv\u00e9 sous contrat \u00c9ducation nationale","adresse_postale":"112 rue de Lourmel","code_postal":"75015","code_insee":"75115","libelle":"Paris 15e Arrondissement","telephone":"0145545676","fax":"0145570996","site_web":"http:\/\/www.sainte-elisabeth.com\/","mail":"ce.0753916Z@ac-paris.fr","ministere_tutelle":"\u00c9ducation nationale","internat":null,"annee_construction":null,"date_maj":"2026-03-12"}},{"type":"Feature","geometry":{"type":"Point","coordinates":[2.37251345875158,48.87668931036021]},"properties":{"code_uai":"0755352K","num_siret":49797644900023,"code_academie":"001","academie":"Paris","dep":"75","sigle_uai":"LG PR","nature_uai":"lyc\u00e9e d'enseignement g\u00e9n\u00e9ral","patronyme":"ASSOCIATION-N'R-HATORAH","nom_etablissement":"lyc\u00e9e general priv\u00e9 N'R Hatorah","statut":"priv\u00e9","contrat_etablissement":"lyc\u00e9e priv\u00e9 sous contrat \u00c9ducation nationale","adresse_postale":"3 rue Henri Turot","code_postal":"75019","code_insee":"75119","libelle":"Paris 19e Arrondissement","telephone":"0142065371","fax":"0142069547","site_web":null,"mail":"ce.0755352k@ac-paris.fr","ministere_tutelle":"\u00c9ducation nationale","internat":null,"annee_construction":null,"date_maj":"2026-03-12"}},{"type":"Feature","geometry":{"type":"Point","coordinates":[2.644005663429086,48.79984395104461]},"properties":{"code_uai":"0772151V","num_siret":39457483400021,"code_academie":"024","academie":"Cr\u00e9teil","dep":"77","sigle_uai":"LP PR","nature_uai":"lyc\u00e9e professionnel","patronyme":"SINOPLIES (LES)","nom_etablissement":"Lyc\u00e9e professionnel priv\u00e9 Les Sinoplies","statut":"priv\u00e9","contrat_etablissement":"lyc\u00e9e priv\u00e9 sous contrat \u00c9ducation nationale","adresse_postale":"10 BIS AVENUE JOSEPH BODIN BOISMORT","code_postal":"77680","code_insee":"77390","libelle":"Roissy-en-Brie","telephone":"0164409389","fax":null,"site_web":null,"mail":"ce.0772151V@ac-creteil.fr","ministere_tutelle":"\u00c9ducation nationale","internat":null,"annee_construction":null,"date_maj":"2026-03-12"}},{"type":"Feature","geometry":{"type":"Point","coordinates":[2.4661533871519725,48.81938737798161]},"properties":{"code_uai":"0942355Z","num_siret":78574059800020,"code_academie":"024","academie":"Cr\u00e9teil","dep":"94","sigle_uai":"LP PR","nature_uai":"lyc\u00e9e professionnel","patronyme":"ENSEMBLE-SAINTE-MARIE","nom_etablissement":"LP Ensemble Sainte Marie","statut":"priv\u00e9","contrat_etablissement":"lyc\u00e9e priv\u00e9 sous contrat \u00c9ducation nationale","adresse_postale":"6 rue de l'Eglise","code_postal":"94340","code_insee":"94042","libelle":"Joinville-le-Pont","telephone":"0155123710","fax":null,"site_web":"www.ensemblesaintemarie.fr","mail":"ce.0942355Z@ac-creteil.fr","ministere_tutelle":"\u00c9ducation nationale","internat":null,"annee_construction":null,"date_maj":"2026-03-12"}},{"type":"Feature","geometry":{"type":"Point","coordinates":[2.1809791061141035,48.83826224304181]},"properties":{"code_uai":"0922287L","num_siret":19922287800019,"code_academie":"025","academie":"Versailles","dep":"92","sigle_uai":"EREA","nature_uai":"\u00e9tablissement r\u00e9gional d\u2019enseignement adapt\u00e9","patronyme":"JACQUES-BREL-EREA","nom_etablissement":"Etablissement r\u00e9gional d'enseignement adapt\u00e9 Jacques Brel","statut":"public","contrat_etablissement":null,"adresse_postale":"104 bis boulevard Raymond Poinca","code_postal":"92380","code_insee":"92033","libelle":"Garches","telephone":"0147109250","fax":"0147109245","site_web":null,"mail":"ce.0922287L@ac-versailles.fr","ministere_tutelle":"\u00c9ducation nationale","internat":null,"annee_construction":"1993","date_maj":"2026-03-12"}},{"type":"Feature","geometry":{"type":"Point","coordinates":[2.1583009811273612,48.84676048024997]},"properties":{"code_uai":"0921935D","num_siret":19921935300018,"code_academie":"025","academie":"Versailles","dep":"92","sigle_uai":"EREA","nature_uai":"\u00e9tablissement r\u00e9gional d\u2019enseignement adapt\u00e9","patronyme":"TOULOUSE-LAUTREC-EREA","nom_etablissement":"Etablissement r\u00e9gional d'enseignement adapt\u00e9 Toulouse Lautrec","statut":"public","contrat_etablissement":null,"adresse_postale":"131 avenue de la celle St Cloud","code_postal":"92420","code_insee":"92076","libelle":"Vaucresson","telephone":"0147010918","fax":"0147016501","site_web":"http:\/\/www.lyc-erea-toulouse-lautrec-vaucresson.ac-versailles.fr\/","mail":"ce.0921935D@ac-versailles.fr","ministere_tutelle":"\u00c9ducation nationale","internat":"Oui","annee_construction":"1979","date_maj":"2026-03-12"}},{"type":"Feature","geometry":{"type":"Point","coordinates":[2.0961143760236256,48.99873348727009]},"properties":{"code_uai":"0781845G","num_siret":19781845300015,"code_academie":"025","academie":"Versailles","dep":"78","sigle_uai":"LGT","nature_uai":"lyc\u00e9e d'enseignement g\u00e9n\u00e9ral et technologique","patronyme":"JULES-FERRY","nom_etablissement":"Lyc\u00e9e g\u00e9n\u00e9ral et technologique Jules Ferry","statut":"public","contrat_etablissement":null,"adresse_postale":"7 rue Bouyssel","code_postal":"78700","code_insee":"78172","libelle":"Conflans-Sainte-Honorine","telephone":"0134900370","fax":"0139728401","site_web":"http:\/\/www.lyc-ferry-conflans.ac-versailles.fr\/","mail":"ce.0781845G@ac-versailles.fr","ministere_tutelle":"\u00c9ducation nationale","internat":null,"annee_construction":"1991","date_maj":"2026-03-12"}},{"type":"Feature","geometry":{"type":"Point","coordinates":[2.2522823420103286,48.98264506737431]},"properties":{"code_uai":"0950645K","num_siret":19950645200010,"code_academie":"025","academie":"Versailles","dep":"95","sigle_uai":"LGT","nature_uai":"lyc\u00e9e d'enseignement g\u00e9n\u00e9ral et technologique","patronyme":"VAN-GOGH","nom_etablissement":"Lyc\u00e9e g\u00e9n\u00e9ral et technologique Van Gogh","statut":"public","contrat_etablissement":null,"adresse_postale":"RUE DU GENERAL DECAEN","code_postal":"95123","code_insee":"95219","libelle":"Ermont","telephone":"0130727422","fax":"0130725348","site_web":null,"mail":"ce.0950645K@ac-versailles.fr","ministere_tutelle":"\u00c9ducation nationale","internat":null,"annee_construction":"1957","date_maj":"2026-01-14"}},{"type":"Feature","geometry":{"type":"Point","coordinates":[2.3564273591414673,48.83663946212697]},"properties":{"code_uai":"0750685M","num_siret":19750685000019,"code_academie":"001","academie":"Paris","dep":"75","sigle_uai":"LGT","nature_uai":"lyc\u00e9e d'enseignement g\u00e9n\u00e9ral et technologique","patronyme":"PIERRE-GILLES-DE-GENNES-ENCPB","nom_etablissement":"Lyc\u00e9e g\u00e9n\u00e9ral et technologique Pierre-Gilles de Gennes","statut":"public","contrat_etablissement":null,"adresse_postale":"11 rue Pirandello","code_postal":"75013","code_insee":"75113","libelle":"Paris 13e Arrondissement","telephone":"0144080650","fax":"0144080651","site_web":"http:\/\/www.encpb.org\/","mail":"ce.0750685M@ac-paris.fr","ministere_tutelle":"\u00c9ducation nationale","internat":null,"annee_construction":null,"date_maj":"2026-03-12"}},{"type":"Feature","geometry":{"type":"Point","coordinates":[2.068147179051419,48.76464573649027]},"properties":{"code_uai":"0781949V","num_siret":19781949300010,"code_academie":"025","academie":"Versailles","dep":"78","sigle_uai":"LGT","nature_uai":"lyc\u00e9e d'enseignement g\u00e9n\u00e9ral et technologique","patronyme":"VILLAROY (DE)","nom_etablissement":"Lyc\u00e9e g\u00e9n\u00e9ral et technologique de Villaroy","statut":"public","contrat_etablissement":null,"adresse_postale":"2 rue Eug\u00e8ne Viollet le Duc","code_postal":"78041","code_insee":"78297","libelle":"Guyancourt","telephone":"0139306460","fax":"0139306458","site_web":"http:\/\/www.lyc-villaroy-guyancourt.ac-versailles.fr","mail":"ce.0781949V@ac-versailles.fr","ministere_tutelle":"\u00c9ducation nationale","internat":null,"annee_construction":"1993","date_maj":"2026-03-12"}},{"type":"Feature","geometry":{"type":"Point","coordinates":[2.1872984545003415,48.960228892758956]},"properties":{"code_uai":"0952284S","num_siret":20009828300019,"code_academie":"025","academie":"Versailles","dep":"95","sigle_uai":"LGT","nature_uai":"lyc\u00e9e d'enseignement g\u00e9n\u00e9ral et technologique","patronyme":"PHILIPPE-KIEFFER","nom_etablissement":"Lyc\u00e9e g\u00e9n\u00e9ral et technologique Philippe Kieffer","statut":"public","contrat_etablissement":null,"adresse_postale":"2 RUE RIERA ET CHRISTY","code_postal":"95240","code_insee":"95176","libelle":"Cormeilles-en-Parisis","telephone":null,"fax":null,"site_web":"https:\/\/lyc-kieffer-cormeilles.ac-versailles.fr\/","mail":"ce.0952284S@ac-versailles.fr","ministere_tutelle":"\u00c9ducation nationale","internat":null,"annee_construction":"2022","date_maj":"2025-07-15"}},{"type":"Feature","geometry":{"type":"Point","coordinates":[2.34867870180729,48.64019835444476]},"properties":{"code_uai":"0911346U","num_siret":19911346500017,"code_academie":"025","academie":"Versailles","dep":"91","sigle_uai":"LGT","nature_uai":"lyc\u00e9e d'enseignement g\u00e9n\u00e9ral et technologique","patronyme":"ALBERT-EINSTEIN","nom_etablissement":"Lyc\u00e9e g\u00e9n\u00e9ral et technologique Albert Einstein","statut":"public","contrat_etablissement":null,"adresse_postale":"Avenue de la Libert\u00e9","code_postal":"91706","code_insee":"91549","libelle":"Sainte-Genevi\u00e8ve-des-Bois","telephone":"0169461111","fax":"0169461020","site_web":"http:\/\/www.lyc-einstein-ste-genevieve.ac-versailles.fr","mail":"ce.0911346U@ac-versailles.fr","ministere_tutelle":"\u00c9ducation nationale","internat":null,"annee_construction":"1973","date_maj":"2026-03-12"}},{"type":"Feature","geometry":{"type":"Point","coordinates":[2.2244649791007705,49.11642986132581]},"properties":{"code_uai":"0951147F","num_siret":19951147800018,"code_academie":"025","academie":"Versailles","dep":"95","sigle_uai":"LGT","nature_uai":"lyc\u00e9e d'enseignement g\u00e9n\u00e9ral et technologique","patronyme":"FRAGONARD","nom_etablissement":"Lyc\u00e9e g\u00e9n\u00e9ral et technologique Fragonard","statut":"public","contrat_etablissement":null,"adresse_postale":"3 rue Fragonard","code_postal":"95290","code_insee":"95313","libelle":"L'Isle-Adam","telephone":"0134081991","fax":"0134081993","site_web":"http:\/\/www.lyc-fragonard-isle-adam.ac-versailles.fr\/","mail":"ce.0951147F@ac-versailles.fr","ministere_tutelle":"\u00c9ducation nationale","internat":null,"annee_construction":"1973","date_maj":"2026-03-25"}},{"type":"Feature","geometry":{"type":"Point","coordinates":[2.2807850401967347,48.788630628184286]},"properties":{"code_uai":"0920963X","num_siret":77568879902397,"code_academie":"025","academie":"Versailles","dep":"92","sigle_uai":"LPO PR","nature_uai":"lyc\u00e9e polyvalent","patronyme":"SAINT-FRANCOIS-D'ASSISE","nom_etablissement":"Lyc\u00e9e polyvalent priv\u00e9 Saint Fran\u00e7ois d'Assise","statut":"priv\u00e9","contrat_etablissement":"lyc\u00e9e priv\u00e9 sous contrat \u00c9ducation nationale","adresse_postale":"39 rue Boris Vilde","code_postal":"92260","code_insee":"92032","libelle":"Fontenay-aux-Roses","telephone":"0146612995","fax":"0146619343","site_web":null,"mail":"ce.0920963X@ac-versailles.fr","ministere_tutelle":"\u00c9ducation nationale","internat":null,"annee_construction":null,"date_maj":"2026-03-12"}},{"type":"Feature","geometry":{"type":"Point","coordinates":[2.316423459754281,48.87918719426628]},"properties":{"code_uai":"0753873C","num_siret":77567111800047,"code_academie":"001","academie":"Paris","dep":"75","sigle_uai":"LG PR","nature_uai":"lyc\u00e9e d'enseignement g\u00e9n\u00e9ral","patronyme":"F\u00c9NELON-SAINTE-MARIE-LA-PLAINE-MONCEAU","nom_etablissement":"Lyc\u00e9e priv\u00e9 F\u00e9nelon Sainte-Marie La Plaine Monceau","statut":"priv\u00e9","contrat_etablissement":"lyc\u00e9e priv\u00e9 sous contrat \u00c9ducation nationale","adresse_postale":"47 rue de Naples","code_postal":"75008","code_insee":"75108","libelle":"Paris 8e Arrondissement","telephone":"0145220535","fax":"0145229353","site_web":"http:\/\/www.fenelonsaintemarie.org\/","mail":"lycee@groupefenelon.org","ministere_tutelle":"\u00c9ducation nationale","internat":null,"annee_construction":null,"date_maj":"2026-03-12"}},{"type":"Feature","geometry":{"type":"Point","coordinates":[2.327529350037259,48.89481837327271]},"properties":{"code_uai":"0753350J","num_siret":19750103400015,"code_academie":"001","academie":"Paris","dep":"75","sigle_uai":"LP","nature_uai":"lyc\u00e9e professionnel","patronyme":"MARIA-DERAISMES","nom_etablissement":"Lyc\u00e9e professionnel Maria Deraismes","statut":"public","contrat_etablissement":null,"adresse_postale":"19 rue Maria Deraismes","code_postal":"75017","code_insee":"75117","libelle":"Paris 17e Arrondissement","telephone":"0146279437","fax":"0146278608","site_web":"https:\/\/www.ac-paris.fr\/serail\/jcms\/s6_185556\/fr\/accueil","mail":"ce.0753350J@ac-paris.fr","ministere_tutelle":"\u00c9ducation nationale","internat":null,"annee_construction":"1889","date_maj":"2026-03-12"}},{"type":"Feature","geometry":{"type":"Point","coordinates":[2.360347584805297,48.82071640750271]},"properties":{"code_uai":"0750553U","num_siret":19750553000018,"code_academie":"001","academie":"Paris","dep":"75","sigle_uai":"LP","nature_uai":"lyc\u00e9e professionnel","patronyme":"GASTON-BACHELARD","nom_etablissement":"Lyc\u00e9e professionel Gaston Bachelard","statut":"public","contrat_etablissement":null,"adresse_postale":"2 RUE TAGORE","code_postal":"75013","code_insee":"75113","libelle":"Paris 13e Arrondissement","telephone":"0145856929","fax":"0145866118","site_web":"https:\/\/www.ac-paris.fr\/serail\/jcms\/s1_1872154\/fr\/lycee-gaston-bachelard","mail":"ce.0750553U@ac-paris.fr","ministere_tutelle":"\u00c9ducation nationale","internat":null,"annee_construction":"1937","date_maj":"2026-01-13"}},{"type":"Feature","geometry":{"type":"Point","coordinates":[2.4083710672020717,48.9216818786026]},"properties":{"code_uai":"0931738J","num_siret":19931738900021,"code_academie":"024","academie":"Cr\u00e9teil","dep":"93","sigle_uai":"LP","nature_uai":"lyc\u00e9e professionnel","patronyme":"ARTHUR-RIMBAUD","nom_etablissement":"Lyc\u00e9e professionnel Arthur Rimbaud","statut":"public","contrat_etablissement":null,"adresse_postale":"112 avenue Jean Jaur\u00e8s","code_postal":"93120","code_insee":"93027","libelle":"La Courneuve","telephone":"0148363177","fax":"0148360027","site_web":"http:\/\/www.lycee-arthur-rimbaud-la-courneuve.com\/","mail":"ce.0931738J@ac-creteil.fr","ministere_tutelle":"\u00c9ducation nationale","internat":null,"annee_construction":"1991","date_maj":"2026-01-24"}},{"type":"Feature","geometry":{"type":"Point","coordinates":[2.4072545152352416,48.98543704043934]},"properties":{"code_uai":"0950709E","num_siret":19950709600014,"code_academie":"025","academie":"Versailles","dep":"95","sigle_uai":"LPO","nature_uai":"lyc\u00e9e polyvalent","patronyme":"VIRGINIA-HENDERSON","nom_etablissement":"Lyc\u00e9e polyvalent Virginia Henderson","statut":"public","contrat_etablissement":null,"adresse_postale":"100 avenue Charles Vaillant","code_postal":"95400","code_insee":"95019","libelle":"Arnouville","telephone":"0139852178","fax":"0134539512","site_web":"http:\/\/www.lyc-henderson-arnouville.ac-versailles.fr\/","mail":"ce.0950709E@ac-versailles.fr","ministere_tutelle":"\u00c9ducation nationale","internat":null,"annee_construction":"1966","date_maj":"2026-03-12"}},{"type":"Feature","geometry":{"type":"Point","coordinates":[2.5050055873114405,49.10154103411719]},"properties":{"code_uai":"0951727L","num_siret":19951727700018,"code_academie":"025","academie":"Versailles","dep":"95","sigle_uai":"LPO","nature_uai":"lyc\u00e9e polyvalent","patronyme":"CHARLES-BAUDELAIRE","nom_etablissement":"Lyc\u00e9e polyvalent Charles Baudelaire, lyc\u00e9e des m\u00e9tiers de la s\u00e9curit\u00e9 et de la relation client","statut":"public","contrat_etablissement":null,"adresse_postale":"13 rue DU GRAND TREMBLAY","code_postal":"95470","code_insee":"95250","libelle":"Fosses","telephone":"0134722700","fax":"0134689875","site_web":null,"mail":"ce.0951727L@ac-versailles.fr","ministere_tutelle":"\u00c9ducation nationale","internat":null,"annee_construction":"1990","date_maj":"2026-02-17"}},{"type":"Feature","geometry":{"type":"Point","coordinates":[2.1719696125426657,48.86026641261368]},"properties":{"code_uai":"0921365J","num_siret":78544310200013,"code_academie":"025","academie":"Versailles","dep":"92","sigle_uai":"LGT PR","nature_uai":"lyc\u00e9e d'enseignement g\u00e9n\u00e9ral et technologique","patronyme":"MADELEINE-DANIELOU","nom_etablissement":"Lyc\u00e9e g\u00e9n\u00e9ral et technologique priv\u00e9 Madeleine Danielou","statut":"priv\u00e9","contrat_etablissement":"lyc\u00e9e priv\u00e9 sous contrat \u00c9ducation nationale","adresse_postale":"61 rue de G\u00e9n\u00e9ral Miribel","code_postal":"92500","code_insee":"92063","libelle":"Rueil-Malmaison","telephone":"0141392580","fax":"0141392581","site_web":null,"mail":"ce.0921365J@ac-versailles.fr","ministere_tutelle":"\u00c9ducation nationale","internat":null,"annee_construction":null,"date_maj":"2026-03-12"}},{"type":"Feature","geometry":{"type":"Point","coordinates":[2.2382908244205693,48.9599737279179]},"properties":{"code_uai":"0952208J","num_siret":40268098700029,"code_academie":"025","academie":"Versailles","dep":"95","sigle_uai":"LGT PR","nature_uai":"lyc\u00e9e d'enseignement g\u00e9n\u00e9ral et technologique","patronyme":"SAINT-JOSEPH","nom_etablissement":"Lyc\u00e9e g\u00e9n\u00e9ral et technologique priv\u00e9 Saint Joseph","statut":"priv\u00e9","contrat_etablissement":"lyc\u00e9e priv\u00e9 sous contrat \u00c9ducation nationale","adresse_postale":"127 avenue du Mar\u00e9chal Joffre","code_postal":"95100","code_insee":"95018","libelle":"Argenteuil","telephone":"0139826568","fax":null,"site_web":null,"mail":"ce.0952208j@ac-versailles.fr","ministere_tutelle":"\u00c9ducation nationale","internat":null,"annee_construction":null,"date_maj":"2026-03-12"}},{"type":"Feature","geometry":{"type":"Point","coordinates":[2.2630038735938567,48.660190289637285]},"properties":{"code_uai":"0910824B","num_siret":78525891400023,"code_academie":"025","academie":"Versailles","dep":"91","sigle_uai":"LGT PR","nature_uai":"lyc\u00e9e d'enseignement g\u00e9n\u00e9ral et technologique","patronyme":"SACR\u00c9-COEUR","nom_etablissement":"Lyc\u00e9e g\u00e9n\u00e9ral et technologique priv\u00e9 du Sacr\u00e9-Coeur","statut":"priv\u00e9","contrat_etablissement":"lyc\u00e9e priv\u00e9 sous contrat \u00c9ducation nationale","adresse_postale":"2 RUE DU GAIZON","code_postal":"91620","code_insee":"91665","libelle":"La Ville-du-Bois","telephone":"0169010612","fax":"0169017737","site_web":null,"mail":"ce.0910824B@ac-versailles.fr","ministere_tutelle":"\u00c9ducation nationale","internat":null,"annee_construction":null,"date_maj":"2026-03-12"}},{"type":"Feature","geometry":{"type":"Point","coordinates":[2.4955995038961625,48.81689804996231]},"properties":{"code_uai":"0940112L","num_siret":19940112600016,"code_academie":"024","academie":"Cr\u00e9teil","dep":"94","sigle_uai":"LPO LYC METIER","nature_uai":"lyc\u00e9e polyvalent","patronyme":"LOUISE-MICHEL","nom_etablissement":"Lyc\u00e9e polyvalent Louise Michel - Lyc\u00e9e des m\u00e9tiers de la sant\u00e9","statut":"public","contrat_etablissement":null,"adresse_postale":"7 rue PIERRE MARIE DERRIEN","code_postal":"94500","code_insee":"94017","libelle":"Champigny-sur-Marne","telephone":"0148820735","fax":"0148818528","site_web":"http:\/\/louisemichelchampigny.ac-creteil.fr\/","mail":"ce.0940112L@ac-creteil.fr","ministere_tutelle":"\u00c9ducation nationale","internat":null,"annee_construction":"1960","date_maj":"2026-01-22"}},{"type":"Feature","geometry":{"type":"Point","coordinates":[2.2463802477561954,48.91423180593184]},"properties":{"code_uai":"0922427N","num_siret":19920156700013,"code_academie":"025","academie":"Versailles","dep":"92","sigle_uai":"LPO LYC METIER","nature_uai":"lyc\u00e9e polyvalent","patronyme":"CLAUDE-GARAMONT","nom_etablissement":"Lyc\u00e9e polyvalent Claude Garamont - Lyc\u00e9e des m\u00e9tiers de la cha\u00eene graphique","statut":"public","contrat_etablissement":null,"adresse_postale":"69 rue de l'Industrie","code_postal":"92701","code_insee":"92025","libelle":"Colombes","telephone":"0146491620","fax":"0147800667","site_web":"https:\/\/www.lyceegaramont.com\/","mail":"ce.0922427N@ac-versailles.fr","ministere_tutelle":"\u00c9ducation nationale","internat":null,"annee_construction":"1920","date_maj":"2026-03-12"}},{"type":"Feature","geometry":{"type":"Point","coordinates":[2.299037673653177,48.96140266408877]},"properties":{"code_uai":"0931735F","num_siret":19931735500022,"code_academie":"024","academie":"Cr\u00e9teil","dep":"93","sigle_uai":"LPO LYC METIER","nature_uai":"lyc\u00e9e polyvalent","patronyme":"LOUISE-MICHEL","nom_etablissement":"Lyc\u00e9e polyalent Louise Michel - Lyc\u00e9e des m\u00e9tiers de la vente et du commerce","statut":"public","contrat_etablissement":null,"adresse_postale":"12 rue Jean-Baptiste Cl\u00e9ment","code_postal":"93800","code_insee":"93031","libelle":"\u00c9pinay-sur-Seine","telephone":"0148413504","fax":"0148411982","site_web":"http:\/\/www.lyceelouisemichelepinay93.fr\/","mail":"ce.0931735F@ac-creteil.fr","ministere_tutelle":"\u00c9ducation nationale","internat":null,"annee_construction":"1967","date_maj":"2026-03-12"}},{"type":"Feature","geometry":{"type":"Point","coordinates":[2.237018542870052,48.88278507757335]},"properties":{"code_uai":"0921500F","num_siret":19921500500018,"code_academie":"025","academie":"Versailles","dep":"92","sigle_uai":"LP LYC METIER","nature_uai":"lyc\u00e9e professionnel","patronyme":"VOILIN","nom_etablissement":"Lyc\u00e9e professionnel Voilin - Lyc\u00e9e des m\u00e9tiers de la vente et du commerce","statut":"public","contrat_etablissement":null,"adresse_postale":"26 rue Lucien Voilin","code_postal":"92800","code_insee":"92062","libelle":"Puteaux","telephone":"0155230000","fax":"0155230001","site_web":null,"mail":"ce.0921500F@ac-versailles.fr","ministere_tutelle":"\u00c9ducation nationale","internat":null,"annee_construction":"1972","date_maj":"2026-03-12"}},{"type":"Feature","geometry":{"type":"Point","coordinates":[2.323093476136552,49.06708621526797]},"properties":{"code_uai":"0950949R","num_siret":19950949800010,"code_academie":"025","academie":"Versailles","dep":"95","sigle_uai":"LP LYC METIER","nature_uai":"lyc\u00e9e professionnel","patronyme":"JEAN-MERMOZ","nom_etablissement":"Lyc\u00e9e professionnel Jean Mermoz - Lyc\u00e9e des m\u00e9tiers de l'\u00e9lectrotechnique, des services commerciaux et administratifs","statut":"public","contrat_etablissement":null,"adresse_postale":"21 rue Emile Combres","code_postal":"95560","code_insee":"95430","libelle":"Montsoult","telephone":"0134739995","fax":"0134739982","site_web":"http:\/\/www.lyc-mermoz-montsoult.ac-versailles.fr\/","mail":"ce.0950949R@ac-versailles.fr","ministere_tutelle":"\u00c9ducation nationale","internat":null,"annee_construction":"1970","date_maj":"2026-03-12"}},{"type":"Feature","geometry":{"type":"Point","coordinates":[2.25044036031554,48.94335060303055]},"properties":{"code_uai":"0950800D","num_siret":77565761200021,"code_academie":"025","academie":"Versailles","dep":"95","sigle_uai":"LPO PR METIER","nature_uai":"lyc\u00e9e polyvalent","patronyme":"FONDATION-COGNACQ-JAY","nom_etablissement":"Lyc\u00e9e polyvalent priv\u00e9 de Cognacq-Jay, lyc\u00e9e des m\u00e9tiers des secteurs administratifs et commerciaux","statut":"priv\u00e9","contrat_etablissement":"lyc\u00e9e priv\u00e9 sous contrat \u00c9ducation nationale","adresse_postale":"20 rue de la Libert\u00e9","code_postal":"95100","code_insee":"95018","libelle":"Argenteuil","telephone":"0139610287","fax":"0139616567","site_web":null,"mail":"ce.0950800D@ac-versailles.fr","ministere_tutelle":"\u00c9ducation nationale","internat":null,"annee_construction":null,"date_maj":"2026-03-12"}},{"type":"Feature","geometry":{"type":"Point","coordinates":[2.2905398290237136,48.9146012824672]},"properties":{"code_uai":"0920429S","num_siret":19920429800012,"code_academie":"025","academie":"Versailles","dep":"92","sigle_uai":"EREA","nature_uai":"\u00e9tablissement r\u00e9gional d\u2019enseignement adapt\u00e9","patronyme":"MARTIN-LUTHER-KING","nom_etablissement":"Etablissement r\u00e9gional d'enseignement adapt\u00e9 Martin Luther King","statut":"public","contrat_etablissement":null,"adresse_postale":"6 rue CONTRAT SOCIAL","code_postal":"92600","code_insee":"92004","libelle":"Asni\u00e8res-sur-Seine","telephone":"0147917480","fax":"0147917495","site_web":"http:\/\/www.lea-asnieres.ac-versailles.fr\/","mail":"ce.0920429S@ac-versailles.fr","ministere_tutelle":"\u00c9ducation nationale","internat":null,"annee_construction":"1961","date_maj":"2026-02-09"}},{"type":"Feature","geometry":{"type":"Point","coordinates":[1.9417802101406176,48.752593218789826]},"properties":{"code_uai":"0783259U","num_siret":19783259500015,"code_academie":"025","academie":"Versailles","dep":"78","sigle_uai":"E.R.P.D.PU","nature_uai":"\u00e9cole r\u00e9gionale du premier degr\u00e9","patronyme":"ERPD-LA-VERRIERE","nom_etablissement":"Ecole r\u00e9gionale du premier degr\u00e9","statut":"public","contrat_etablissement":null,"adresse_postale":"2 rue Georges Lapierre","code_postal":"78320","code_insee":"78644","libelle":"La Verri\u00e8re","telephone":"0130138270","fax":"0130138278","site_web":"http:\/\/www.erpd-verriere.ac-versailles.fr","mail":"ce.0783259U@ac-versailles.fr","ministere_tutelle":"\u00c9ducation nationale","internat":"Oui","annee_construction":"1968","date_maj":"2026-03-12"}},{"type":"Feature","geometry":{"type":"Point","coordinates":[2.3866879579661195,48.917325474367935]},"properties":{"code_uai":"0932122B","num_siret":19931737100011,"code_academie":"024","academie":"Cr\u00e9teil","dep":"93","sigle_uai":"LPO","nature_uai":"lyc\u00e9e polyvalent","patronyme":"ALEMBERT (D')","nom_etablissement":"Lyc\u00e9e polyvalent d'Alembert","statut":"public","contrat_etablissement":null,"adresse_postale":"7 rue DU COMMANDANT L'HERMINIER","code_postal":"93300","code_insee":"93001","libelle":"Aubervilliers","telephone":"0182302096","fax":null,"site_web":null,"mail":"ce.0932122B@ac-creteil.fr","ministere_tutelle":"\u00c9ducation nationale","internat":null,"annee_construction":"1992","date_maj":"2026-03-12"}},{"type":"Feature","geometry":{"type":"Point","coordinates":[2.612639890504011,48.88858428761421]},"properties":{"code_uai":"0772276F","num_siret":19772276200014,"code_academie":"024","academie":"Cr\u00e9teil","dep":"77","sigle_uai":"LPO","nature_uai":"lyc\u00e9e polyvalent","patronyme":"JEHAN-DE-CHELLES","nom_etablissement":"Lyc\u00e9e polyvalent Jehan de Chelles","statut":"public","contrat_etablissement":null,"adresse_postale":"47 rue DES CITES","code_postal":"77500","code_insee":"77108","libelle":"Chelles","telephone":"0164724340","fax":"0164724346","site_web":"http:\/\/www.jehandechelles.fr","mail":"ce.0772276F@ac-creteil.fr","ministere_tutelle":"\u00c9ducation nationale","internat":null,"annee_construction":"1992","date_maj":"2026-03-12"}},{"type":"Feature","geometry":{"type":"Point","coordinates":[2.4213428839711324,48.883301628498906]},"properties":{"code_uai":"0932073Y","num_siret":19932073000021,"code_academie":"024","academie":"Cr\u00e9teil","dep":"93","sigle_uai":"LPO","nature_uai":"lyc\u00e9e polyvalent","patronyme":"PAUL-ROBERT","nom_etablissement":"Lyc\u00e9e polyvalent Paul Robert","statut":"public","contrat_etablissement":null,"adresse_postale":"2 rue du Ch\u00e2teau","code_postal":"93260","code_insee":"93045","libelle":"Les Lilas","telephone":"0148108888","fax":"0148108897","site_web":"http:\/\/www.lyceepaulrobert.fr\/","mail":"ce.0932073Y@ac-creteil.fr","ministere_tutelle":"\u00c9ducation nationale","internat":null,"annee_construction":"1992","date_maj":"2026-03-12"}},{"type":"Feature","geometry":{"type":"Point","coordinates":[2.457936453412501,48.92500721472923]},"properties":{"code_uai":"0930119Z","num_siret":19930119300017,"code_academie":"024","academie":"Cr\u00e9teil","dep":"93","sigle_uai":"LPO","nature_uai":"lyc\u00e9e polyvalent","patronyme":"EUGENE-DELACROIX","nom_etablissement":"Lyc\u00e9e polyvalent Eug\u00e8ne Delacroix","statut":"public","contrat_etablissement":null,"adresse_postale":"4 rue DU DOCTEUR SCHWEITZER","code_postal":"93700","code_insee":"93029","libelle":"Drancy","telephone":"0141608315","fax":"0141608328","site_web":"http:\/\/www.lycee-delacroix-drancy.fr\/","mail":"ce.0930119Z@ac-creteil.fr","ministere_tutelle":"\u00c9ducation nationale","internat":null,"annee_construction":"1958","date_maj":"2026-03-04"}},{"type":"Feature","geometry":{"type":"Point","coordinates":[2.3261215276205776,48.62630563835178]},"properties":{"code_uai":"0911946W","num_siret":19911946200018,"code_academie":"025","academie":"Versailles","dep":"91","sigle_uai":"LPO","nature_uai":"lyc\u00e9e polyvalent","patronyme":"L\u00c9ONARD-DE-VINCI","nom_etablissement":"Lyc\u00e9e polyvalent L\u00e9onard de Vinci","statut":"public","contrat_etablissement":null,"adresse_postale":"1 place L\u00e9onard de Vinci","code_postal":"91240","code_insee":"91570","libelle":"Saint-Michel-sur-Orge","telephone":"0169250855","fax":"0169461123","site_web":"http:\/\/www.lyc-vinci-st-michel.ac-versailles.fr\/","mail":"ce.0911946W@ac-versailles.fr","ministere_tutelle":"\u00c9ducation nationale","internat":null,"annee_construction":"1991","date_maj":"2026-03-12"}},{"type":"Feature","geometry":{"type":"Point","coordinates":[2.3072894443804746,48.73512716392446]},"properties":{"code_uai":"0921676X","num_siret":19921676300011,"code_academie":"025","academie":"Versailles","dep":"92","sigle_uai":"LP LYC METIER","nature_uai":"lyc\u00e9e professionnel","patronyme":"TH\u00c9ODORE-MONOD","nom_etablissement":"Lyc\u00e9e professionnel Th\u00e9odore Monod, lyc\u00e9e des m\u00e9tiers de l'h\u00f4tellerie et des services \u00e0 vocation internationale","statut":"public","contrat_etablissement":null,"adresse_postale":"26 avenue L\u00e9on Jouhaux","code_postal":"92160","code_insee":"92002","libelle":"Antony","telephone":"0146114671","fax":"0146114679","site_web":"http:\/\/www.lyc-monod-antony.ac-versailles.fr\/","mail":"ce.0921676X@ac-versailles.fr","ministere_tutelle":"\u00c9ducation nationale","internat":null,"annee_construction":"1977","date_maj":"2026-03-12"}},{"type":"Feature","geometry":{"type":"Point","coordinates":[2.449369198095032,48.94482961709546]},"properties":{"code_uai":"0930831Y","num_siret":19930831300014,"code_academie":"024","academie":"Cr\u00e9teil","dep":"93","sigle_uai":"LP LYC METIER","nature_uai":"lyc\u00e9e professionnel","patronyme":"ARISTIDE-BRIAND","nom_etablissement":"Lyc\u00e9e professionnel Aristide Briand - Lyc\u00e9e des m\u00e9tiers de l'industrie a\u00e9ronautique 4.0","statut":"public","contrat_etablissement":null,"adresse_postale":"120 avenue Aristide Briand","code_postal":"93155","code_insee":"93007","libelle":"Le Blanc-Mesnil","telephone":"0148671213","fax":"0148652106","site_web":"http:\/\/www.lycee-aristidebriand.fr\/","mail":"ce.0930831Y@ac-creteil.fr","ministere_tutelle":"\u00c9ducation nationale","internat":null,"annee_construction":"1963","date_maj":"2026-03-04"}},{"type":"Feature","geometry":{"type":"Point","coordinates":[2.090345300361805,49.05697488325107]},"properties":{"code_uai":"0950649P","num_siret":19950649400012,"code_academie":"025","academie":"Versailles","dep":"95","sigle_uai":"LPO LYC METIER","nature_uai":"lyc\u00e9e polyvalent","patronyme":"CAMILLE-PISSARRO","nom_etablissement":"Lyc\u00e9e polyvalent Camille Pissarro - Lyc\u00e9e des m\u00e9tiers de la sant\u00e9, du social et de l'aide \u00e0 la personne","statut":"public","contrat_etablissement":null,"adresse_postale":"1 rue Henri Matisse","code_postal":"95000","code_insee":"95500","libelle":"Pontoise","telephone":"0134415454","fax":"0130387840","site_web":"http:\/\/www.lyc-pissarro-pontoise.ac-versailles.fr\/","mail":"ce.0950649P@ac-versailles.fr","ministere_tutelle":"\u00c9ducation nationale","internat":null,"annee_construction":null,"date_maj":"2026-03-12"}},{"type":"Feature","geometry":{"type":"Point","coordinates":[2.333522647858262,48.62755445177284]},"properties":{"code_uai":"0912163G","num_siret":19910869700012,"code_academie":"025","academie":"Versailles","dep":"91","sigle_uai":"LPO LYC METIER","nature_uai":"lyc\u00e9e polyvalent","patronyme":"PAUL-LANGEVIN","nom_etablissement":"Lyc\u00e9e polyvalent Paul Langevin","statut":"public","contrat_etablissement":null,"adresse_postale":"Rue Paul Langevin","code_postal":"91700","code_insee":"91549","libelle":"Sainte-Genevi\u00e8ve-des-Bois","telephone":"0169252002","fax":"0160165253","site_web":"http:\/\/www.lyc-langevin-ste-genevieve.ac-versailles.fr\/","mail":"ce.0912163G@ac-versailles.fr","ministere_tutelle":"\u00c9ducation nationale","internat":null,"annee_construction":"1969","date_maj":"2026-03-12"}},{"type":"Feature","geometry":{"type":"Point","coordinates":[2.392412630364061,48.85440198778214]},"properties":{"code_uai":"0750676C","num_siret":19750676900011,"code_academie":"001","academie":"Paris","dep":"75","sigle_uai":"LPO LYC METIER","nature_uai":"lyc\u00e9e polyvalent","patronyme":"CAROLINE-DORIAN","nom_etablissement":"Lyc\u00e9e polyvalent Caroline Dorian","statut":"public","contrat_etablissement":null,"adresse_postale":"74 avenue PHILIPPE AUGUSTE","code_postal":"75011","code_insee":"75111","libelle":"Paris 11e Arrondissement","telephone":"0144938130","fax":"0143791072","site_web":"https:\/\/www.lycee-dorian.fr\/","mail":"ce.0750676C@ac-paris.fr","ministere_tutelle":"\u00c9ducation nationale","internat":"Oui","annee_construction":"1880","date_maj":"2026-01-19"}},{"type":"Feature","geometry":{"type":"Point","coordinates":[2.3666278457683654,48.92890025392054]},"properties":{"code_uai":"0932121A","num_siret":19932121700028,"code_academie":"024","academie":"Cr\u00e9teil","dep":"93","sigle_uai":"LPO LYC METIER","nature_uai":"lyc\u00e9e polyvalent","patronyme":"SUGER","nom_etablissement":"Lyc\u00e9e polyvalent Suger - Lyc\u00e9e des m\u00e9tiers de l'image et du son","statut":"public","contrat_etablissement":null,"adresse_postale":"6 avenue LEROY DES BARRES","code_postal":"93200","code_insee":"93066","libelle":"Saint-Denis","telephone":"0148133760","fax":"0148130032","site_web":"http:\/\/www.suger.fr\/","mail":"ce.0932121A@ac-creteil.fr","ministere_tutelle":"\u00c9ducation nationale","internat":null,"annee_construction":"1993","date_maj":"2026-03-12"}},{"type":"Feature","geometry":{"type":"Point","coordinates":[2.4289848722414473,48.882034300863076]},"properties":{"code_uai":"0932267J","num_siret":19930137500010,"code_academie":"024","academie":"Cr\u00e9teil","dep":"93","sigle_uai":"LPO LYC METIER","nature_uai":"lyc\u00e9e polyvalent","patronyme":"LIBERT\u00c9","nom_etablissement":"Lyc\u00e9e polyvalent Libert\u00e9 - Lyc\u00e9e des m\u00e9tiers du laboratoire et de la sant\u00e9","statut":"public","contrat_etablissement":null,"adresse_postale":"27 A rue de la Libert\u00e9","code_postal":"93230","code_insee":"93063","libelle":"Romainville","telephone":"0141832490","fax":"0148459313","site_web":"http:\/\/www.lycee-liberte.fr\/","mail":"ce.0932267J@ac-creteil.fr","ministere_tutelle":"\u00c9ducation nationale","internat":null,"annee_construction":null,"date_maj":"2025-01-17"}},{"type":"Feature","geometry":{"type":"Point","coordinates":[2.331379244917097,48.84578891932571]},"properties":{"code_uai":"0753844W","num_siret":77566396600056,"code_academie":"001","academie":"Paris","dep":"75","sigle_uai":"LGT PR","nature_uai":"lyc\u00e9e d'enseignement g\u00e9n\u00e9ral et technologique","patronyme":"SAINTE-GENEVI\u00c8VE","nom_etablissement":"Lyc\u00e9e g\u00e9n\u00e9ral et technologique priv\u00e9 Sainte Genevi\u00e8ve","statut":"priv\u00e9","contrat_etablissement":"lyc\u00e9e priv\u00e9 sous contrat \u00c9ducation nationale","adresse_postale":"64 rue d'Assas","code_postal":"75006","code_insee":"75106","libelle":"Paris 6e Arrondissement","telephone":"0144390100","fax":"0142842500","site_web":"http:\/\/www.saintegenevieve6.org\/","mail":"lt@isg6.paris","ministere_tutelle":"\u00c9ducation nationale","internat":null,"annee_construction":null,"date_maj":"2026-03-12"}},{"type":"Feature","geometry":{"type":"Point","coordinates":[2.375396492097775,48.86435288330863]},"properties":{"code_uai":"0753890W","num_siret":77568012700047,"code_academie":"001","academie":"Paris","dep":"75","sigle_uai":"LGT PR","nature_uai":"lyc\u00e9e d'enseignement g\u00e9n\u00e9ral et technologique","patronyme":"CHARLES-P\u00c9GUY","nom_etablissement":"Lyc\u00e9e g\u00e9n\u00e9ral et technologique priv\u00e9 Charles P\u00e9guy","statut":"priv\u00e9","contrat_etablissement":"lyc\u00e9e priv\u00e9 sous contrat \u00c9ducation nationale","adresse_postale":"80 avenue Parmentier","code_postal":"75011","code_insee":"75111","libelle":"Paris 11e Arrondissement","telephone":"0148051647","fax":"0143389492","site_web":"http:\/\/www.charles-peguy.fr\/","mail":"ce.0753890w@ac-paris.fr","ministere_tutelle":"\u00c9ducation nationale","internat":null,"annee_construction":null,"date_maj":"2026-03-12"}},{"type":"Feature","geometry":{"type":"Point","coordinates":[2.491228293404492,48.807224735358794]},"properties":{"code_uai":"0940878U","num_siret":78577264100011,"code_academie":"024","academie":"Cr\u00e9teil","dep":"94","sigle_uai":"LGT PR","nature_uai":"lyc\u00e9e d'enseignement g\u00e9n\u00e9ral et technologique","patronyme":"TEILHARD-DE-CHARDIN","nom_etablissement":"Lyc\u00e9e g\u00e9n\u00e9ral et technologique priv\u00e9 Teilhard de Chardin","statut":"priv\u00e9","contrat_etablissement":"lyc\u00e9e priv\u00e9 sous contrat \u00c9ducation nationale","adresse_postale":"2 place d'Armes","code_postal":"94100","code_insee":"94068","libelle":"Saint-Maur-des-Foss\u00e9s","telephone":"0148896666","fax":null,"site_web":null,"mail":"ce.0940878u@ac-creteil.fr","ministere_tutelle":"\u00c9ducation nationale","internat":null,"annee_construction":null,"date_maj":"2026-03-12"}},{"type":"Feature","geometry":{"type":"Point","coordinates":[1.9764251764767846,48.982385476495644]},"properties":{"code_uai":"0783344L","num_siret":78513892600023,"code_academie":"025","academie":"Versailles","dep":"78","sigle_uai":"LGT PR","nature_uai":"lyc\u00e9e d'enseignement g\u00e9n\u00e9ral et technologique","patronyme":"NOTRE-DAME-LES-OISEAUX","nom_etablissement":"Lyc\u00e9e g\u00e9n\u00e9ral et technologique priv\u00e9 Notre Dame","statut":"priv\u00e9","contrat_etablissement":"lyc\u00e9e priv\u00e9 sous contrat \u00c9ducation nationale","adresse_postale":"106 grande rue Grande Rue","code_postal":"78480","code_insee":"78642","libelle":"Verneuil-sur-Seine","telephone":"0139281500","fax":"0139281501","site_web":null,"mail":"ce.0783344L@ac-versailles.fr","ministere_tutelle":"\u00c9ducation nationale","internat":null,"annee_construction":null,"date_maj":"2026-03-12"}},{"type":"Feature","geometry":{"type":"Point","coordinates":[2.0918590195569897,48.89814830396938]},"properties":{"code_uai":"0783323N","num_siret":78512432200039,"code_academie":"025","academie":"Versailles","dep":"78","sigle_uai":"LGT PR","nature_uai":"lyc\u00e9e d'enseignement g\u00e9n\u00e9ral et technologique","patronyme":"SAINT-THOMAS-DE-VILLENEUVE","nom_etablissement":"Lyc\u00e9e g\u00e9n\u00e9ral et technologique priv\u00e9 Saint Thomas de Villeneuve","statut":"priv\u00e9","contrat_etablissement":"lyc\u00e9e priv\u00e9 sous contrat \u00c9ducation nationale","adresse_postale":"15 rue des Louvriers","code_postal":"78100","code_insee":"78551","libelle":"Saint-Germain-en-Laye","telephone":"0139103400","fax":"0139103406","site_web":null,"mail":"ce.0783323N@ac-versailles.fr","ministere_tutelle":"\u00c9ducation nationale","internat":null,"annee_construction":null,"date_maj":"2026-03-12"}},{"type":"Feature","geometry":{"type":"Point","coordinates":[2.2723262660123185,48.919923866448265]},"properties":{"code_uai":"0921595J","num_siret":19921595500014,"code_academie":"025","academie":"Versailles","dep":"92","sigle_uai":"LP","nature_uai":"lyc\u00e9e professionnel","patronyme":"DANIEL-BALAVOINE","nom_etablissement":"Lyc\u00e9e professionnel Daniel Balavoine","statut":"public","contrat_etablissement":null,"adresse_postale":"7 rue Marceau Delorme","code_postal":"92270","code_insee":"92009","libelle":"Bois-Colombes","telephone":"0147800758","fax":"0147802430","site_web":"http:\/\/www.lyc-balavoine-boiscolombes.ac-versailles.fr\/","mail":"ce.0921595J@ac-versailles.fr","ministere_tutelle":"\u00c9ducation nationale","internat":null,"annee_construction":"1974","date_maj":"2026-03-12"}},{"type":"Feature","geometry":{"type":"Point","coordinates":[2.564065406447481,48.65522404672208]},"properties":{"code_uai":"0771997C","num_siret":19771997400010,"code_academie":"024","academie":"Cr\u00e9teil","dep":"77","sigle_uai":"LP","nature_uai":"lyc\u00e9e professionnel","patronyme":"JACQUES-PR\u00c9VERT","nom_etablissement":"Lyc\u00e9e professionnel Jacques Pr\u00e9vert","statut":"public","contrat_etablissement":null,"adresse_postale":"7 avenue Jean Jaur\u00e8s","code_postal":"77380","code_insee":"77122","libelle":"Combs-la-Ville","telephone":"0164134260","fax":"0164134261","site_web":"https:\/\/www.lyceemetierscombs.net\/","mail":"ce.0771997C@ac-creteil.fr","ministere_tutelle":"\u00c9ducation nationale","internat":null,"annee_construction":"1982","date_maj":"2026-03-12"}},{"type":"Feature","geometry":{"type":"Point","coordinates":[2.2673239824680143,48.847305146907075]},"properties":{"code_uai":"0750700D","num_siret":19750700700015,"code_academie":"001","academie":"Paris","dep":"75","sigle_uai":"LGT","nature_uai":"lyc\u00e9e d'enseignement g\u00e9n\u00e9ral et technologique","patronyme":"JEAN-BAPTISTE-SAY","nom_etablissement":"Lyc\u00e9e g\u00e9n\u00e9ral et technologique Jean-Baptiste Say","statut":"public","contrat_etablissement":null,"adresse_postale":"11 bis rue D'AUTEUIL","code_postal":"75016","code_insee":"75116","libelle":"Paris 16e Arrondissement","telephone":"0153927800","fax":"0153927815","site_web":"http:\/\/lyc-jb-say.scola.ac-paris.fr\/","mail":"ce.0750700D@ac-paris.fr","ministere_tutelle":"\u00c9ducation nationale","internat":"Oui","annee_construction":"1876","date_maj":"2026-01-19"}},{"type":"Feature","geometry":{"type":"Point","coordinates":[2.1801465552459094,48.86745736264645]},"properties":{"code_uai":"0920799U","num_siret":19920799400013,"code_academie":"025","academie":"Versailles","dep":"92","sigle_uai":"LGT","nature_uai":"lyc\u00e9e d'enseignement g\u00e9n\u00e9ral et technologique","patronyme":"RICHELIEU","nom_etablissement":"Lyc\u00e9e g\u00e9n\u00e9ral et technologique Richelieu","statut":"public","contrat_etablissement":null,"adresse_postale":"64 rue George Sand","code_postal":"92501","code_insee":"92063","libelle":"Rueil-Malmaison","telephone":"0158832010","fax":"0147149493","site_web":"http:\/\/www.lyc-richelieu-rueil.ac-versailles.fr\/","mail":"ce.0920799U@ac-versailles.fr","ministere_tutelle":"\u00c9ducation nationale","internat":null,"annee_construction":"1965","date_maj":"2026-03-12"}},{"type":"Feature","geometry":{"type":"Point","coordinates":[2.2347435843817522,48.952685851353145]},"properties":{"code_uai":"0950640E","num_siret":19950640300021,"code_academie":"025","academie":"Versailles","dep":"95","sigle_uai":"LGT","nature_uai":"lyc\u00e9e d'enseignement g\u00e9n\u00e9ral et technologique","patronyme":"JULIE-VICTOIRE-DAUBI\u00c9","nom_etablissement":"Lyc\u00e9e g\u00e9n\u00e9ral et technologique Julie-Victoire Daubi\u00e9","statut":"public","contrat_etablissement":null,"adresse_postale":"9 rue LOUIS MASSIGNON","code_postal":"95100","code_insee":"95018","libelle":"Argenteuil","telephone":"0130765555","fax":"0130768566","site_web":"http:\/\/www.lyc-daubie-argenteuil.ac-versailles.fr\/","mail":"ce.0950640E@ac-versailles.fr","ministere_tutelle":"\u00c9ducation nationale","internat":null,"annee_construction":"2010","date_maj":"2026-01-16"}},{"type":"Feature","geometry":{"type":"Point","coordinates":[1.9587495019230712,48.82347544878373]},"properties":{"code_uai":"0780582J","num_siret":19780582300022,"code_academie":"025","academie":"Versailles","dep":"78","sigle_uai":"LGT","nature_uai":"lyc\u00e9e d'enseignement g\u00e9n\u00e9ral et technologique","patronyme":"JEAN-VILAR","nom_etablissement":"Lyc\u00e9e g\u00e9n\u00e9ral et technologique Jean Vilar","statut":"public","contrat_etablissement":null,"adresse_postale":"1033 avenue du G\u00e9n\u00e9ral de Gaulle","code_postal":"78375","code_insee":"78490","libelle":"Plaisir","telephone":"0130551877","fax":"0130554351","site_web":"http:\/\/www.lyc-vilar-plaisir.ac-versailles.fr\/","mail":"ce.0780582J@ac-versailles.fr","ministere_tutelle":"\u00c9ducation nationale","internat":null,"annee_construction":"1973","date_maj":"2026-03-12"}},{"type":"Feature","geometry":{"type":"Point","coordinates":[2.3361996742750746,48.97196194133158]},"properties":{"code_uai":"0951922Y","num_siret":19951922400018,"code_academie":"025","academie":"Versailles","dep":"95","sigle_uai":"LGT","nature_uai":"lyc\u00e9e d'enseignement g\u00e9n\u00e9ral et technologique","patronyme":"CAMILLE-SAINT-SAENS","nom_etablissement":"Lyc\u00e9e g\u00e9n\u00e9ral et technologique Camille Saint-Sa\u00ebns","statut":"public","contrat_etablissement":null,"adresse_postale":"18 rue Guynemer","code_postal":"95170","code_insee":"95197","libelle":"Deuil-la-Barre","telephone":"0134286400","fax":"0139840802","site_web":"http:\/\/www.lyc-st-saens-deuil.ac-versailles.fr\/","mail":"ce.0951922Y@ac-versailles.fr","ministere_tutelle":"\u00c9ducation nationale","internat":null,"annee_construction":"1995","date_maj":"2026-03-12"}},{"type":"Feature","geometry":{"type":"Point","coordinates":[2.5034290582623515,48.936149484824476]},"properties":{"code_uai":"0930833A","num_siret":19930833900019,"code_academie":"024","academie":"Cr\u00e9teil","dep":"93","sigle_uai":"LGT","nature_uai":"lyc\u00e9e d'enseignement g\u00e9n\u00e9ral et technologique","patronyme":"JEAN-ZAY","nom_etablissement":"Lyc\u00e9e enseignement g\u00e9n\u00e9ral et technologique Jean Zay","statut":"public","contrat_etablissement":null,"adresse_postale":"Avenue du Mar\u00e9chal Juin","code_postal":"93604","code_insee":"93005","libelle":"Aulnay-sous-Bois","telephone":"0148660498","fax":null,"site_web":"http:\/\/www.lycjzayaulnay.fr\/","mail":"ce.0930833A@ac-creteil.fr","ministere_tutelle":"\u00c9ducation nationale","internat":null,"annee_construction":null,"date_maj":"2026-03-12"}},{"type":"Feature","geometry":{"type":"Point","coordinates":[2.47330599009689,48.90301247946519]},"properties":{"code_uai":"0930118Y","num_siret":19930118500013,"code_academie":"024","academie":"Cr\u00e9teil","dep":"93","sigle_uai":"LGT","nature_uai":"lyc\u00e9e d'enseignement g\u00e9n\u00e9ral et technologique","patronyme":"JEAN-RENOIR","nom_etablissement":"Lyc\u00e9e g\u00e9n\u00e9ral et technologique Jean Renoir","statut":"public","contrat_etablissement":null,"adresse_postale":"11 rue Fremin","code_postal":"93141","code_insee":"93010","libelle":"Bondy","telephone":"0148025800","fax":null,"site_web":"http:\/\/jean-renoir-bondy.info\/","mail":"ce.0930118Y@ac-creteil.fr","ministere_tutelle":"\u00c9ducation nationale","internat":null,"annee_construction":null,"date_maj":"2026-03-12"}},{"type":"Feature","geometry":{"type":"Point","coordinates":[2.6367077746382903,48.550093457831764]},"properties":{"code_uai":"0771663P","num_siret":19771663200017,"code_academie":"024","academie":"Cr\u00e9teil","dep":"77","sigle_uai":"LGT","nature_uai":"lyc\u00e9e d'enseignement g\u00e9n\u00e9ral et technologique","patronyme":"GEORGE-SAND","nom_etablissement":"Lyc\u00e9e g\u00e9n\u00e9ral et technologique George Sand","statut":"public","contrat_etablissement":null,"adresse_postale":"RUE DE LA MARE AU DIABLE","code_postal":"77350","code_insee":"77285","libelle":"Le M\u00e9e-sur-Seine","telephone":"0160565200","fax":null,"site_web":"http:\/\/www.lyceegeorgesand.fr\/","mail":"ce.0771663P@ac-creteil.fr","ministere_tutelle":"\u00c9ducation nationale","internat":null,"annee_construction":"1976","date_maj":"2026-03-27"}},{"type":"Feature","geometry":{"type":"Point","coordinates":[2.323076479586463,48.84600843995472]},"properties":{"code_uai":"0754025T","num_siret":77566401400013,"code_academie":"001","academie":"Paris","dep":"75","sigle_uai":"LPO PR","nature_uai":"lyc\u00e9e polyvalent","patronyme":"SAINT-NICOLAS","nom_etablissement":"Lyc\u00e9e polyvalent priv\u00e9 Saint-Nicolas","statut":"priv\u00e9","contrat_etablissement":"lyc\u00e9e priv\u00e9 sous contrat \u00c9ducation nationale","adresse_postale":"108 rue de Vaugirard","code_postal":"75006","code_insee":"75106","libelle":"Paris 6e Arrondissement","telephone":"0142228360","fax":"0145487332","site_web":"http:\/\/www.lyceesaintnicolas.com\/","mail":"ce.0754025t@ac-paris.fr","ministere_tutelle":"\u00c9ducation nationale","internat":null,"annee_construction":null,"date_maj":"2026-03-12"}},{"type":"Feature","geometry":{"type":"Point","coordinates":[2.3148477839827657,48.85230029234186]},"properties":{"code_uai":"0750662M","num_siret":19750662900017,"code_academie":"001","academie":"Paris","dep":"75","sigle_uai":"LG","nature_uai":"lyc\u00e9e d'enseignement g\u00e9n\u00e9ral","patronyme":"VICTOR-DURUY","nom_etablissement":"Lyc\u00e9e g\u00e9n\u00e9ral Victor Duruy","statut":"public","contrat_etablissement":null,"adresse_postale":"33 BOULEVARD DES INVALIDES","code_postal":"75007","code_insee":"75107","libelle":"Paris 7e Arrondissement","telephone":"0140623131","fax":"0140623105","site_web":"http:\/\/www.victor-duruy.org\/","mail":"ce.0750662M@ac-paris.fr","ministere_tutelle":"\u00c9ducation nationale","internat":null,"annee_construction":"1860","date_maj":"2026-01-14"}},{"type":"Feature","geometry":{"type":"Point","coordinates":[2.3117184295922955,48.843450595841645]},"properties":{"code_uai":"0750693W","num_siret":19750693400011,"code_academie":"001","academie":"Paris","dep":"75","sigle_uai":"LG","nature_uai":"lyc\u00e9e d'enseignement g\u00e9n\u00e9ral","patronyme":"BUFFON","nom_etablissement":"Lyc\u00e9e g\u00e9n\u00e9ral et technologie Buffon","statut":"public","contrat_etablissement":null,"adresse_postale":"16 boulevard Pasteur","code_postal":"75015","code_insee":"75115","libelle":"Paris 15e Arrondissement","telephone":"0144387870","fax":"0147832988","site_web":"http:\/\/lyc-buffon.scola.ac-paris.fr\/","mail":"ce.0750693W@ac-paris.fr","ministere_tutelle":"\u00c9ducation nationale","internat":null,"annee_construction":"1885","date_maj":"2026-01-19"}},{"type":"Feature","geometry":{"type":"Point","coordinates":[2.30240964394115,48.86051868716812]},"properties":{"code_uai":"0753849B","num_siret":78430833000033,"code_academie":"001","academie":"Paris","dep":"75","sigle_uai":"LG PR","nature_uai":"lyc\u00e9e d'enseignement g\u00e9n\u00e9ral","patronyme":"ALMA","nom_etablissement":"Institut priv\u00e9 de l'Alma (Ecole secondaire priv\u00e9e)","statut":"priv\u00e9","contrat_etablissement":"lyc\u00e9e priv\u00e9 sous contrat \u00c9ducation nationale","adresse_postale":"12 avenue Bosquet","code_postal":"75007","code_insee":"75107","libelle":"Paris 7e Arrondissement","telephone":"0144186282","fax":"0144186280","site_web":"http:\/\/www.ecl-alma.com","mail":"ce.0753849B@ac-paris.fr","ministere_tutelle":"\u00c9ducation nationale","internat":null,"annee_construction":null,"date_maj":"2026-03-12"}},{"type":"Feature","geometry":{"type":"Point","coordinates":[2.347987641547933,48.87091489682753]},"properties":{"code_uai":"0753883N","num_siret":65204720000017,"code_academie":"001","academie":"Paris","dep":"75","sigle_uai":"LG PR","nature_uai":"lyc\u00e9e d'enseignement g\u00e9n\u00e9ral","patronyme":"EDGAR-POE","nom_etablissement":"Lyc\u00e9e g\u00e9n\u00e9ral priv\u00e9 Edgar Poe","statut":"priv\u00e9","contrat_etablissement":"lyc\u00e9e priv\u00e9 sous contrat \u00c9ducation nationale","adresse_postale":"2 rue du Faubourg Poissonni\u00e8re","code_postal":"75010","code_insee":"75110","libelle":"Paris 10e Arrondissement","telephone":"0147701698","fax":"0148240960","site_web":"http:\/\/www.lycee-edgarpoe.com\/edgarpo\/","mail":"ce.0753883N@ac-paris.fr","ministere_tutelle":"\u00c9ducation nationale","internat":null,"annee_construction":null,"date_maj":"2026-03-12"}},{"type":"Feature","geometry":{"type":"Point","coordinates":[2.387962592730769,48.87240932537487]},"properties":{"code_uai":"0755709Y","num_siret":78480872700027,"code_academie":"001","academie":"Paris","dep":"75","sigle_uai":"LG PR","nature_uai":"lyc\u00e9e d'enseignement g\u00e9n\u00e9ral","patronyme":"SAINTE-LOUISE","nom_etablissement":"Lyc\u00e9e Priv\u00e9 Sainte-Louise","statut":"priv\u00e9","contrat_etablissement":"lyc\u00e9e priv\u00e9 sous contrat \u00c9ducation nationale","adresse_postale":"29 rue des Envierges","code_postal":"75020","code_insee":"75120","libelle":"Paris 20e Arrondissement","telephone":"0158650850","fax":null,"site_web":null,"mail":"secretariatdirection@sainte-louise.com","ministere_tutelle":"\u00c9ducation nationale","internat":null,"annee_construction":null,"date_maj":"2026-03-12"}},{"type":"Feature","geometry":{"type":"Point","coordinates":[2.183047278908462,48.85878124948275]},"properties":{"code_uai":"0921932A","num_siret":32303763000031,"code_academie":"025","academie":"Versailles","dep":"92","sigle_uai":"LP PR","nature_uai":"lyc\u00e9e professionnel","patronyme":"PASSY-BUZENVAL (La Salle) (Professionnel)","nom_etablissement":"Lyc\u00e9e professionnel priv\u00e9 La Salle Passy Buzenval","statut":"priv\u00e9","contrat_etablissement":"lyc\u00e9e priv\u00e9 sous contrat \u00c9ducation nationale","adresse_postale":"50 avenue Otis Mygatt","code_postal":"92508","code_insee":"92063","libelle":"Rueil-Malmaison","telephone":"0141398181","fax":"0141398180","site_web":null,"mail":"ce.0921932A@ac-versailles.fr","ministere_tutelle":"\u00c9ducation nationale","internat":null,"annee_construction":null,"date_maj":"2026-03-12"}},{"type":"Feature","geometry":{"type":"Point","coordinates":[2.5134757813211515,48.90166706339659]},"properties":{"code_uai":"0930929E","num_siret":78560114700024,"code_academie":"024","academie":"Cr\u00e9teil","dep":"93","sigle_uai":"LP PR","nature_uai":"lyc\u00e9e professionnel","patronyme":"JEANNE-LA-LORRAINE","nom_etablissement":"Lyc\u00e9e professionnel priv\u00e9 Louise de Marillac","statut":"priv\u00e9","contrat_etablissement":"lyc\u00e9e priv\u00e9 sous contrat \u00c9ducation nationale","adresse_postale":"3 boulevard du Nord","code_postal":"93340","code_insee":"93062","libelle":"Le Raincy","telephone":"0143818378","fax":null,"site_web":null,"mail":"ce.0930929E@ac-creteil.fr","ministere_tutelle":"\u00c9ducation nationale","internat":null,"annee_construction":null,"date_maj":"2026-03-12"}},{"type":"Feature","geometry":{"type":"Point","coordinates":[2.37804377008623,48.81387913586163]},"properties":{"code_uai":"0941407U","num_siret":78572178800020,"code_academie":"024","academie":"Cr\u00e9teil","dep":"94","sigle_uai":"LP PR","nature_uai":"lyc\u00e9e professionnel","patronyme":"CE3P (Professionnel)","nom_etablissement":"Lyc\u00e9e professionnel priv\u00e9 CE 3P","statut":"priv\u00e9","contrat_etablissement":"lyc\u00e9e priv\u00e9 sous contrat \u00c9ducation nationale","adresse_postale":"5 rue Ren\u00e9 Robin","code_postal":"94200","code_insee":"94041","libelle":"Ivry-sur-Seine","telephone":"0146584520","fax":null,"site_web":null,"mail":"ce.0941407U@ac-creteil.fr","ministere_tutelle":"\u00c9ducation nationale","internat":null,"annee_construction":null,"date_maj":"2026-03-12"}},{"type":"Feature","geometry":{"type":"Point","coordinates":[2.316474766282816,48.83569473293125]},"properties":{"code_uai":"0752799K","num_siret":19752799700013,"code_academie":"001","academie":"Paris","dep":"75","sigle_uai":"EREA","nature_uai":"\u00e9tablissement r\u00e9gional d\u2019enseignement adapt\u00e9","patronyme":"CROC\u00c9-SPINELLI","nom_etablissement":"Etablissement r\u00e9gional d'enseignement adapt\u00e9 Croc\u00e9 Spinelli","statut":"public","contrat_etablissement":null,"adresse_postale":"1 RUE CROC\u00c9-SPINELLI","code_postal":"75014","code_insee":"75114","libelle":"Paris 14e Arrondissement","telephone":"0156541530","fax":"0143227160","site_web":"https:\/\/www.ac-paris.fr\/serail\/jcms\/s2_377679\/fr\/accueil","mail":"ce.0752799K@ac-paris.fr","ministere_tutelle":"\u00c9ducation nationale","internat":null,"annee_construction":"1881","date_maj":"2026-01-27"}},{"type":"Feature","geometry":{"type":"Point","coordinates":[2.3016714449651547,48.8337313299527]},"properties":{"code_uai":"0753256G","num_siret":19753256700017,"code_academie":"001","academie":"Paris","dep":"75","sigle_uai":"EREA","nature_uai":"\u00e9tablissement r\u00e9gional d\u2019enseignement adapt\u00e9","patronyme":"EUGENIE-BRAZIER","nom_etablissement":"Etablissement r\u00e9gional d'enseignement adapt\u00e9 Eug\u00e9nie Brazier","statut":"public","contrat_etablissement":null,"adresse_postale":"29 bis rue de Cronstadt","code_postal":"75015","code_insee":"75115","libelle":"Paris 15e Arrondissement","telephone":"0145311811","fax":"0153680080","site_web":"https:\/\/www.ac-paris.fr\/serail\/jcms\/s1_1950491\/fr\/erea-alexandre-dumas","mail":"ce.0753256G@ac-paris.fr","ministere_tutelle":"\u00c9ducation nationale","internat":null,"annee_construction":null,"date_maj":"2026-03-12"}},{"type":"Feature","geometry":{"type":"Point","coordinates":[2.295025036343998,48.83369773610102]},"properties":{"code_uai":"0750612H","num_siret":19750612400019,"code_academie":"001","academie":"Paris","dep":"75","sigle_uai":"LT","nature_uai":"lyc\u00e9e d'enseignement technologique","patronyme":"ECOLE-NATIONALE-SUPERIEURE-DES-ARTS-APPLIQUES-METIERS-D'ARTS","nom_etablissement":"Lyc\u00e9e technologique Ecole Nationale Sup\u00e9rieure des Arts Appliqu\u00e9s","statut":"public","contrat_etablissement":null,"adresse_postale":"63 rue OLIVIER DE SERRES","code_postal":"75015","code_insee":"75115","libelle":"Paris 15e Arrondissement","telephone":"0153681690","fax":"0153681699","site_web":"http:\/\/www.ensaama.net\/site\/","mail":"ce.0750612H@ac-paris.fr","ministere_tutelle":"\u00c9ducation nationale","internat":null,"annee_construction":"1960","date_maj":"2026-01-14"}},{"type":"Feature","geometry":{"type":"Point","coordinates":[2.391266177016424,48.84800986238401]},"properties":{"code_uai":"0751883P","num_siret":41968472500023,"code_academie":"001","academie":"Paris","dep":"75","sigle_uai":"LT","nature_uai":"lyc\u00e9e d'enseignement technologique","patronyme":"INSTITUT-SUP\u00c9RIEUR-CLORIVI\u00c8RE","nom_etablissement":"Lyc\u00e9e technologique priv\u00e9 Institut clorivi\u00e8re","statut":"priv\u00e9","contrat_etablissement":"lyc\u00e9e priv\u00e9 sous contrat \u00c9ducation nationale","adresse_postale":"119 boulevard Diderot","code_postal":"75012","code_insee":"75112","libelle":"Paris 12e Arrondissement","telephone":"0147834249","fax":"0147342046","site_web":"https:\/\/www.cloriviere.paris","mail":"ce.0751883P@ac-paris.fr","ministere_tutelle":"\u00c9ducation nationale","internat":null,"annee_construction":null,"date_maj":"2026-03-12"}},{"type":"Feature","geometry":{"type":"Point","coordinates":[2.814971307466238,48.384575490303504]},"properties":{"code_uai":"0770687D","num_siret":19770687200011,"code_academie":"024","academie":"Cr\u00e9teil","dep":"77","sigle_uai":"E.R.P.D.PU","nature_uai":"\u00e9cole r\u00e9gionale du premier degr\u00e9","patronyme":"SAINT-MAMMES dit HENRI GEOFFROY\"\"","nom_etablissement":"ERPD - Internat d'excellence","statut":"public","contrat_etablissement":null,"adresse_postale":"13 rue du Capitaine Ballot","code_postal":"77670","code_insee":"77419","libelle":"Saint-Mamm\u00e8s","telephone":"0160705787","fax":"0160708527","site_web":"http:\/\/internat-erpd-saint-mammes.fr\/index.php?id_menu=4","mail":"ce.0770687D@ac-creteil.fr","ministere_tutelle":"\u00c9ducation nationale","internat":"Oui","annee_construction":"1961","date_maj":"2026-03-27"}},{"type":"Feature","geometry":{"type":"Point","coordinates":[2.0392774137205825,48.76484424988759]},"properties":{"code_uai":"0781512V","num_siret":19781512900014,"code_academie":"025","academie":"Versailles","dep":"78","sigle_uai":"LGT","nature_uai":"lyc\u00e9e d'enseignement g\u00e9n\u00e9ral et technologique","patronyme":"REN\u00c9-DESCARTES","nom_etablissement":"Lyc\u00e9e g\u00e9n\u00e9ral et technologique Descartes","statut":"public","contrat_etablissement":null,"adresse_postale":"6 boulevard Descartes","code_postal":"78180","code_insee":"78423","libelle":"Montigny-le-Bretonneux","telephone":"0130430333","fax":"0130433646","site_web":"http:\/\/www.lyc-descartes-montigny.ac-versailles.fr\/","mail":"ce.0781512v@ac-versailles.fr","ministere_tutelle":"\u00c9ducation nationale","internat":null,"annee_construction":"1980","date_maj":"2026-03-12"}},{"type":"Feature","geometry":{"type":"Point","coordinates":[2.4259112918900176,48.810789057415114]},"properties":{"code_uai":"0940116R","num_siret":19940116700010,"code_academie":"024","academie":"Cr\u00e9teil","dep":"94","sigle_uai":"LGT","nature_uai":"lyc\u00e9e d'enseignement g\u00e9n\u00e9ral et technologique","patronyme":"EUGENE-DELACROIX","nom_etablissement":"Lyc\u00e9e g\u00e9n\u00e9ral et technologique Eug\u00e8ne Delacroix","statut":"public","contrat_etablissement":null,"adresse_postale":"5 rue Pierre et Marie Curie","code_postal":"94704","code_insee":"94046","libelle":"Maisons-Alfort","telephone":"0145183270","fax":null,"site_web":"http:\/\/lycee-delacroix-maisons-alfort.fr\/","mail":"ce.0940116R@ac-creteil.fr","ministere_tutelle":"\u00c9ducation nationale","internat":null,"annee_construction":"1969","date_maj":"2026-03-12"}},{"type":"Feature","geometry":{"type":"Point","coordinates":[2.400326472996749,48.929624886331744]},"properties":{"code_uai":"0931430Z","num_siret":19931430300017,"code_academie":"024","academie":"Cr\u00e9teil","dep":"93","sigle_uai":"LGT","nature_uai":"lyc\u00e9e d'enseignement g\u00e9n\u00e9ral et technologique","patronyme":"JACQUES-BREL","nom_etablissement":"Lyc\u00e9e g\u00e9n\u00e9ral et technologique Jacques Brel","statut":"public","contrat_etablissement":null,"adresse_postale":"4 rue DULCIE SEPTEMBER","code_postal":"93120","code_insee":"93027","libelle":"La Courneuve","telephone":"0143113600","fax":"0143113618","site_web":"http:\/\/www.jacquesbrel-lacourneuve.fr\/","mail":"ce.0931430Z@ac-creteil.fr","ministere_tutelle":"\u00c9ducation nationale","internat":null,"annee_construction":"1983","date_maj":"2026-01-19"}},{"type":"Feature","geometry":{"type":"Point","coordinates":[2.1226130249115056,48.890869828101486]},"properties":{"code_uai":"0782568T","num_siret":19782568000014,"code_academie":"025","academie":"Versailles","dep":"78","sigle_uai":"LGT","nature_uai":"lyc\u00e9e d'enseignement g\u00e9n\u00e9ral et technologique","patronyme":"ALAIN","nom_etablissement":"Lyc\u00e9e g\u00e9n\u00e9ral et technologique Alain","statut":"public","contrat_etablissement":null,"adresse_postale":"25 route de la Cascade","code_postal":"78110","code_insee":"78650","libelle":"Le V\u00e9sinet","telephone":"0134804400","fax":"0139764919","site_web":"http:\/\/www.lyc-alain-vesinet.ac-versailles.fr\/","mail":"ce.0782568T@ac-versailles.fr","ministere_tutelle":"\u00c9ducation nationale","internat":null,"annee_construction":"1965","date_maj":"2026-03-12"}},{"type":"Feature","geometry":{"type":"Point","coordinates":[2.1862962374489117,48.69577509777111]},"properties":{"code_uai":"0910626L","num_siret":19910626100019,"code_academie":"025","academie":"Versailles","dep":"91","sigle_uai":"LGT","nature_uai":"lyc\u00e9e d'enseignement g\u00e9n\u00e9ral et technologique","patronyme":"BLAISE-PASCAL","nom_etablissement":"Lyc\u00e9e g\u00e9n\u00e9ral et technologique Blaise Pascal","statut":"public","contrat_etablissement":null,"adresse_postale":"18 rue Alexandre Fleming","code_postal":"91401","code_insee":"91471","libelle":"Orsay","telephone":"0164861600","fax":"0164861608","site_web":"http:\/\/www.lyc-pascal-orsay.ac-versailles.fr\/","mail":"ce.0910626L@ac-versailles.fr","ministere_tutelle":"\u00c9ducation nationale","internat":null,"annee_construction":null,"date_maj":"2026-03-12"}},{"type":"Feature","geometry":{"type":"Point","coordinates":[2.651612015619635,48.973078796899124]},"properties":{"code_uai":"0771996B","num_siret":19771996600016,"code_academie":"024","academie":"Cr\u00e9teil","dep":"77","sigle_uai":"LGT","nature_uai":"lyc\u00e9e d'enseignement g\u00e9n\u00e9ral et technologique","patronyme":"HONOR\u00c9-DE-BALZAC","nom_etablissement":"Lyc\u00e9e g\u00e9n\u00e9ral et technologique Honor\u00e9 de Balzac","statut":"public","contrat_etablissement":null,"adresse_postale":"9 rue Paul Langevin","code_postal":"77290","code_insee":"77294","libelle":"Mitry-Mory","telephone":"0164278081","fax":"0164672823","site_web":"http:\/\/lpohdb.fr\/","mail":"ce.0771996B@ac-creteil.fr","ministere_tutelle":"\u00c9ducation nationale","internat":null,"annee_construction":"1981","date_maj":"2026-03-12"}},{"type":"Feature","geometry":{"type":"Point","coordinates":[2.6554008685423067,48.542187019437556]},"properties":{"code_uai":"0771238C","num_siret":35319145500016,"code_academie":"024","academie":"Cr\u00e9teil","dep":"77","sigle_uai":"LPO PR","nature_uai":"lyc\u00e9e polyvalent","patronyme":"INSTITUTION-SAINT-ASPAIS","nom_etablissement":"Lyc\u00e9e polyvalent priv\u00e9 Saint Aspais","statut":"priv\u00e9","contrat_etablissement":"lyc\u00e9e priv\u00e9 sous contrat \u00c9ducation nationale","adresse_postale":"36 rue Saint Barthelemy","code_postal":"77007","code_insee":"77288","libelle":"Melun","telephone":"0160565959","fax":null,"site_web":"https:\/\/institutionsaintaspais.fr\/","mail":"ce.0771238c@ac-creteil.fr","ministere_tutelle":"\u00c9ducation nationale","internat":null,"annee_construction":null,"date_maj":"2026-03-12"}},{"type":"Feature","geometry":{"type":"Point","coordinates":[2.490611322775166,48.90468718383612]},"properties":{"code_uai":"0930933J","num_siret":32841304200016,"code_academie":"024","academie":"Cr\u00e9teil","dep":"93","sigle_uai":"LPO PR","nature_uai":"lyc\u00e9e polyvalent","patronyme":"ASSOMPTION","nom_etablissement":"Lyc\u00e9e polyvalent priv\u00e9 Assomption","statut":"priv\u00e9","contrat_etablissement":"lyc\u00e9e priv\u00e9 sous contrat \u00c9ducation nationale","adresse_postale":"12 avenue de Verdun","code_postal":"93140","code_insee":"93010","libelle":"Bondy","telephone":"0148495174","fax":null,"site_web":null,"mail":"ce.0930933J@ac-creteil.fr","ministere_tutelle":"\u00c9ducation nationale","internat":null,"annee_construction":null,"date_maj":"2026-03-12"}},{"type":"Feature","geometry":{"type":"Point","coordinates":[2.1720596577271056,48.951346685536485]},"properties":{"code_uai":"0783835V","num_siret":78512428000054,"code_academie":"025","academie":"Versailles","dep":"78","sigle_uai":"LPO PR","nature_uai":"lyc\u00e9e polyvalent","patronyme":"JEAN-PAUL-II","nom_etablissement":"Lyc\u00e9e polyvalent priv\u00e9 Jean Paul II","statut":"priv\u00e9","contrat_etablissement":"lyc\u00e9e priv\u00e9 sous contrat \u00c9ducation nationale","adresse_postale":"20 quai Pierre Brunel","code_postal":"78500","code_insee":"78586","libelle":"Sartrouville","telephone":"0139571095","fax":null,"site_web":"https:\/\/www.ind78.fr\/lycee-jean-paul-2","mail":"ce.0783835V@ac-versailles.fr","ministere_tutelle":"\u00c9ducation nationale","internat":null,"annee_construction":null,"date_maj":"2026-03-12"}},{"type":"Feature","geometry":{"type":"Point","coordinates":[2.5227515607173663,48.89080930348784]},"properties":{"code_uai":"0931464L","num_siret":78564689400010,"code_academie":"024","academie":"Cr\u00e9teil","dep":"93","sigle_uai":"LG PR","nature_uai":"lyc\u00e9e d'enseignement g\u00e9n\u00e9ral","patronyme":"MERKAZ-HATORAH (GARCONS)","nom_etablissement":"Lyc\u00e9e g\u00e9n\u00e9ral priv\u00e9 Merkaz Hatorah Gar\u00e7ons","statut":"priv\u00e9","contrat_etablissement":"lyc\u00e9e priv\u00e9 sous contrat \u00c9ducation nationale","adresse_postale":"94 chemin des Bourdons","code_postal":"93220","code_insee":"93032","libelle":"Gagny","telephone":"0156460440","fax":null,"site_web":null,"mail":"ce.0931464L@ac-creteil.fr","ministere_tutelle":"\u00c9ducation nationale","internat":null,"annee_construction":null,"date_maj":"2026-03-12"}},{"type":"Feature","geometry":{"type":"Point","coordinates":[2.3733277666370354,48.78045270942322]},"properties":{"code_uai":"0941294W","num_siret":19941294100015,"code_academie":"024","academie":"Cr\u00e9teil","dep":"94","sigle_uai":"LPO","nature_uai":"lyc\u00e9e polyvalent","patronyme":"ADOLPHE-CH\u00c9RIOUX","nom_etablissement":"Lyc\u00e9e polyvalent Adolphe Ch\u00e9rioux","statut":"public","contrat_etablissement":null,"adresse_postale":"195 rue Julian Grimau","code_postal":"94401","code_insee":"94081","libelle":"Vitry-sur-Seine","telephone":"0145128787","fax":null,"site_web":"http:\/\/lycee-cherioux.fr\/#&panel1-1","mail":"ce.0941294W@ac-creteil.fr","ministere_tutelle":"\u00c9ducation nationale","internat":null,"annee_construction":"1927","date_maj":"2026-03-12"}},{"type":"Feature","geometry":{"type":"Point","coordinates":[2.332055537639061,48.851922730348456]},"properties":{"code_uai":"0750502N","num_siret":19750502700015,"code_academie":"001","academie":"Paris","dep":"75","sigle_uai":"LPO","nature_uai":"lyc\u00e9e polyvalent","patronyme":"MAXIMILIEN-VOX-ART-DESSIN","nom_etablissement":"Lyc\u00e9e polyvalent Maximilien Vox-arts appliqu\u00e9s - design de communication - industries graphiques","statut":"public","contrat_etablissement":null,"adresse_postale":"5 rue Madame","code_postal":"75006","code_insee":"75106","libelle":"Paris 6e Arrondissement","telephone":"0145497878","fax":"0142842410","site_web":"http:\/\/www.lyceemaximilienvox.com\/","mail":"ce.0750502N@ac-paris.fr","ministere_tutelle":"\u00c9ducation nationale","internat":null,"annee_construction":"1880","date_maj":"2026-03-12"}},{"type":"Feature","geometry":{"type":"Point","coordinates":[2.1502164003404873,48.43576341133633]},"properties":{"code_uai":"0910622G","num_siret":19910622000015,"code_academie":"025","academie":"Versailles","dep":"91","sigle_uai":"LPO","nature_uai":"lyc\u00e9e polyvalent","patronyme":"GEOFFROY-SAINT-HILAIRE","nom_etablissement":"Lyc\u00e9e polyvalent Geoffroy-Saint-Hilaire","statut":"public","contrat_etablissement":null,"adresse_postale":"4 avenue GEOFFROY SAINT HILAIRE","code_postal":"91150","code_insee":"91223","libelle":"\u00c9tampes","telephone":"0169921770","fax":"0160801092","site_web":"http:\/\/www.lyc-st-hilaire-etampes.ac-versailles.fr\/","mail":"ce.0910622G@ac-versailles.fr","ministere_tutelle":"\u00c9ducation nationale","internat":"Oui","annee_construction":"1963","date_maj":"2026-01-16"}},{"type":"Feature","geometry":{"type":"Point","coordinates":[2.679086028744148,49.06567966934639]},"properties":{"code_uai":"0772751X","num_siret":20003781000013,"code_academie":"024","academie":"Cr\u00e9teil","dep":"77","sigle_uai":"LPO","nature_uai":"lyc\u00e9e polyvalent","patronyme":"CHARLOTTE-DELBO","nom_etablissement":"Lyc\u00e9e polyvalent Charlotte Delbo","statut":"public","contrat_etablissement":null,"adresse_postale":"2 avenue ROBERT BADINTER","code_postal":"77230","code_insee":"77153","libelle":"Dammartin-en-Go\u00eble","telephone":"0164760680","fax":"0164442868","site_web":"http:\/\/lycee-dammartin-en-goele.ac-creteil.fr\/index.php","mail":"ce.0772751X@ac-creteil.fr","ministere_tutelle":"\u00c9ducation nationale","internat":"Oui","annee_construction":"2013","date_maj":"2026-03-12"}},{"type":"Feature","geometry":{"type":"Point","coordinates":[2.328688497832819,48.76122613706585]},"properties":{"code_uai":"0941301D","num_siret":19941301400010,"code_academie":"024","academie":"Cr\u00e9teil","dep":"94","sigle_uai":"LPO","nature_uai":"lyc\u00e9e polyvalent","patronyme":"FR\u00c9D\u00c9RIC-MISTRAL","nom_etablissement":"Lyc\u00e9e polyvalent Fr\u00e9d\u00e9ric Mistral","statut":"public","contrat_etablissement":null,"adresse_postale":"7 rue Fr\u00e9d\u00e9ric Mistral","code_postal":"94260","code_insee":"94034","libelle":"Fresnes","telephone":"0149849090","fax":null,"site_web":"http:\/\/www.lycee-mistral.net\/","mail":"ce.0941301D@ac-creteil.fr","ministere_tutelle":"\u00c9ducation nationale","internat":null,"annee_construction":"1973","date_maj":"2026-03-12"}},{"type":"Feature","geometry":{"type":"Point","coordinates":[2.749278337472371,48.74289262798635]},"properties":{"code_uai":"0772342C","num_siret":19772342200014,"code_academie":"024","academie":"Cr\u00e9teil","dep":"77","sigle_uai":"LPO","nature_uai":"lyc\u00e9e polyvalent","patronyme":"CLEMENT-ADER","nom_etablissement":"Lyc\u00e9e polyvalent Cl\u00e9ment Ader","statut":"public","contrat_etablissement":null,"adresse_postale":"74 RUE GEORGES CLEMENCEAU","code_postal":"77220","code_insee":"77470","libelle":"Tournan-en-Brie","telephone":"0164072018","fax":"0164079311","site_web":"http:\/\/www.lyceeader.eu\/index.php?lang=fr","mail":"ce.0772342C@ac-creteil.fr","ministere_tutelle":"\u00c9ducation nationale","internat":"Oui","annee_construction":"1975","date_maj":"2026-01-27"}},{"type":"Feature","geometry":{"type":"Point","coordinates":[2.703049919317762,48.406182070760785]},"properties":{"code_uai":"0772628N","num_siret":78494236900025,"code_academie":"024","academie":"Cr\u00e9teil","dep":"77","sigle_uai":"SEP PR","nature_uai":"Section d\u2019enseignement professionnel","patronyme":"BLANCHE-DE-CASTILLE (SEP)","nom_etablissement":"Section d'Enseignement Professionnel ICEF Blanche de Castille","statut":"priv\u00e9","contrat_etablissement":"autres \u00e9tablissements","adresse_postale":"42 bis rue du Ch\u00e2teau","code_postal":"77300","code_insee":"77186","libelle":"Fontainebleau","telephone":"0164223007","fax":null,"site_web":null,"mail":"ce.0772628n@ac-creteil.fr","ministere_tutelle":"\u00c9ducation nationale","internat":null,"annee_construction":null,"date_maj":"2026-03-12"}},{"type":"Feature","geometry":{"type":"Point","coordinates":[2.0408687118139612,48.77894520013913]},"properties":{"code_uai":"0781899R","num_siret":32830983600026,"code_academie":"025","academie":"Versailles","dep":"78","sigle_uai":"LGT PR","nature_uai":"lyc\u00e9e d'enseignement g\u00e9n\u00e9ral et technologique","patronyme":"SAINT-FRANCOIS-D'ASSISE","nom_etablissement":"Lyc\u00e9e g\u00e9n\u00e9ral et technologique priv\u00e9 Saint Fran\u00e7ois d'Assise","statut":"priv\u00e9","contrat_etablissement":"lyc\u00e9e priv\u00e9 sous contrat \u00c9ducation nationale","adresse_postale":"6 place Claudel","code_postal":"78180","code_insee":"78423","libelle":"Montigny-le-Bretonneux","telephone":"0130649955","fax":"0130609340","site_web":null,"mail":"ce.0781899R@ac-versailles.fr","ministere_tutelle":"\u00c9ducation nationale","internat":null,"annee_construction":null,"date_maj":"2026-03-12"}},{"type":"Feature","geometry":{"type":"Point","coordinates":[2.1580347077546507,48.436052163767634]},"properties":{"code_uai":"0910815S","num_siret":78519417600067,"code_academie":"025","academie":"Versailles","dep":"91","sigle_uai":"LGT PR","nature_uai":"lyc\u00e9e d'enseignement g\u00e9n\u00e9ral et technologique","patronyme":"INSTITUTION-JEANNE-D'ARC","nom_etablissement":"Lyc\u00e9e g\u00e9n\u00e9ral et technologique priv\u00e9 Jeanne d'Arc","statut":"priv\u00e9","contrat_etablissement":"lyc\u00e9e priv\u00e9 sous contrat \u00c9ducation nationale","adresse_postale":"11 boulevard Henri IV","code_postal":"91150","code_insee":"91223","libelle":"\u00c9tampes","telephone":"0169161440","fax":"0169920741","site_web":null,"mail":"ce.0910815S@ac-versailles.fr","ministere_tutelle":"\u00c9ducation nationale","internat":null,"annee_construction":null,"date_maj":"2026-03-12"}},{"type":"Feature","geometry":{"type":"Point","coordinates":[2.1452723270924445,48.942790721901126]},"properties":{"code_uai":"0783283V","num_siret":33894458000020,"code_academie":"025","academie":"Versailles","dep":"78","sigle_uai":"LGT PR","nature_uai":"lyc\u00e9e d'enseignement g\u00e9n\u00e9ral et technologique","patronyme":"ERMITAGE (L')","nom_etablissement":"Lyc\u00e9e g\u00e9n\u00e9ral et technologique priv\u00e9 L'Ermitage","statut":"priv\u00e9","contrat_etablissement":"lyc\u00e9e priv\u00e9 sous contrat \u00c9ducation nationale","adresse_postale":"24 rue des C\u00f4tes","code_postal":"78600","code_insee":"78358","libelle":"Maisons-Laffitte","telephone":"0139620481","fax":null,"site_web":null,"mail":"ce.0783283V@ac-versailles.fr","ministere_tutelle":"\u00c9ducation nationale","internat":null,"annee_construction":null,"date_maj":"2026-03-12"}},{"type":"Feature","geometry":{"type":"Point","coordinates":[2.3716865063713346,48.671031954692324]},"properties":{"code_uai":"0910826D","num_siret":77572093100028,"code_academie":"025","academie":"Versailles","dep":"91","sigle_uai":"LGT PR","nature_uai":"lyc\u00e9e d'enseignement g\u00e9n\u00e9ral et technologique","patronyme":"SAINT-LOUIS-SAINT-CL\u00c9MENT","nom_etablissement":"Lyc\u00e9e g\u00e9n\u00e9ral et technologique priv\u00e9 Saint-Louis Saint-Cl\u00e9ment","statut":"priv\u00e9","contrat_etablissement":"lyc\u00e9e priv\u00e9 sous contrat \u00c9ducation nationale","adresse_postale":"1 rue Margot","code_postal":"91170","code_insee":"91687","libelle":"Viry-Ch\u00e2tillon","telephone":"0169122929","fax":"0169059432","site_web":null,"mail":"ce.0910826D@ac-versailles.fr","ministere_tutelle":"\u00c9ducation nationale","internat":null,"annee_construction":null,"date_maj":"2026-03-12"}},{"type":"Feature","geometry":{"type":"Point","coordinates":[2.3119853896147435,48.9674146057145]},"properties":{"code_uai":"0950753C","num_siret":78585734300012,"code_academie":"025","academie":"Versailles","dep":"95","sigle_uai":"LGT PR","nature_uai":"lyc\u00e9e d'enseignement g\u00e9n\u00e9ral et technologique","patronyme":"NOTRE-DAME-DE-LA-PROVIDENCE","nom_etablissement":"Lyc\u00e9e g\u00e9n\u00e9ral et technologique priv\u00e9 Notre Dame de La Providence","statut":"priv\u00e9","contrat_etablissement":"lyc\u00e9e priv\u00e9 sous contrat \u00c9ducation nationale","adresse_postale":"7 boulevard Sadi Carnot","code_postal":"95880","code_insee":"95210","libelle":"Enghien-les-Bains","telephone":"0134126378","fax":"0134125211","site_web":null,"mail":"ce.0950753C@ac-versailles.fr","ministere_tutelle":"\u00c9ducation nationale","internat":null,"annee_construction":null,"date_maj":"2026-03-12"}},{"type":"Feature","geometry":{"type":"Point","coordinates":[2.353749354147424,48.79209467539006]},"properties":{"code_uai":"0942443V","num_siret":77812841300052,"code_academie":"024","academie":"Cr\u00e9teil","dep":"94","sigle_uai":"LGT PR","nature_uai":"lyc\u00e9e d'enseignement g\u00e9n\u00e9ral et technologique","patronyme":"SAINT-JOSEPH","nom_etablissement":"Lyc\u00e9e GT Saint-Joseph","statut":"priv\u00e9","contrat_etablissement":"lyc\u00e9e priv\u00e9 sous contrat \u00c9ducation nationale","adresse_postale":"55 rue de Verdun","code_postal":"94800","code_insee":"94076","libelle":"Villejuif","telephone":"0185008700","fax":null,"site_web":null,"mail":"ce.0942443V@ac-creteil.fr","ministere_tutelle":"\u00c9ducation nationale","internat":null,"annee_construction":null,"date_maj":"2026-03-12"}},{"type":"Feature","geometry":{"type":"Point","coordinates":[2.431686502445798,48.850012788351584]},"properties":{"code_uai":"0941724N","num_siret":30861967500025,"code_academie":"024","academie":"Cr\u00e9teil","dep":"94","sigle_uai":"LP PR","nature_uai":"lyc\u00e9e professionnel","patronyme":"BATIMENT-ET-TRAVAUX-PUBLICS (Ledoux) (PRO)","nom_etablissement":"Lyc\u00e9e professionnel priv\u00e9 Claude-Nicolas Ledoux","statut":"priv\u00e9","contrat_etablissement":"lyc\u00e9e priv\u00e9 sous contrat \u00c9ducation nationale","adresse_postale":"30 rue de la Paix","code_postal":"94301","code_insee":"94080","libelle":"Vincennes","telephone":"0148081121","fax":null,"site_web":null,"mail":"ce.0941724N@ac-creteil.fr","ministere_tutelle":"\u00c9ducation nationale","internat":null,"annee_construction":null,"date_maj":"2026-03-12"}},{"type":"Feature","geometry":{"type":"Point","coordinates":[2.244473864378136,48.98436048681312]},"properties":{"code_uai":"0951673C","num_siret":19951673300011,"code_academie":"025","academie":"Versailles","dep":"95","sigle_uai":"LPO LYC METIER","nature_uai":"lyc\u00e9e polyvalent","patronyme":"GUSTAVE-EIFFEL","nom_etablissement":"Lyc\u00e9e polyvalent Gustave Eiffel - Lyc\u00e9e des m\u00e9tiers de l'\u00e9nergie, de la s\u00e9curit\u00e9 et des services - ES2","statut":"public","contrat_etablissement":null,"adresse_postale":"9 all\u00e9e Jean de Florette","code_postal":"95120","code_insee":"95219","libelle":"Ermont","telephone":"0134141732","fax":"0134155466","site_web":"http:\/\/www.lyc-eiffel-ermont.ac-versailles.fr\/","mail":"ce.0951673C@ac-versailles.fr","ministere_tutelle":"\u00c9ducation nationale","internat":null,"annee_construction":"1985","date_maj":"2026-03-12"}},{"type":"Feature","geometry":{"type":"Point","coordinates":[2.3213095949259035,48.98502119587315]},"properties":{"code_uai":"0951281B","num_siret":19951281500010,"code_academie":"025","academie":"Versailles","dep":"95","sigle_uai":"LPO LYC METIER","nature_uai":"lyc\u00e9e polyvalent","patronyme":"TURGOT","nom_etablissement":"Lyc\u00e9e polyvalent Turgot, lyc\u00e9e des m\u00e9tiers de la relation client et de la gestion","statut":"public","contrat_etablissement":null,"adresse_postale":"3 place au Pain","code_postal":"95162","code_insee":"95428","libelle":"Montmorency","telephone":"0134051525","fax":"0134051520","site_web":"http:\/\/www.lyc-turgot-montmorency.ac-versailles.fr\/","mail":"ce.0951281B@ac-versailles.fr","ministere_tutelle":"\u00c9ducation nationale","internat":null,"annee_construction":"1880","date_maj":"2026-03-12"}},{"type":"Feature","geometry":{"type":"Point","coordinates":[2.303859619263058,48.782092735272705]},"properties":{"code_uai":"0920170K","num_siret":19920170800013,"code_academie":"025","academie":"Versailles","dep":"92","sigle_uai":"LPO LYC METIER","nature_uai":"lyc\u00e9e polyvalent","patronyme":"FLORIAN","nom_etablissement":"Lyc\u00e9e polyvalent Florian, lyc\u00e9e des m\u00e9tiers de la vente et de la beaut\u00e9","statut":"public","contrat_etablissement":null,"adresse_postale":"9 bis rue DE LA MARNE","code_postal":"92330","code_insee":"92071","libelle":"Sceaux","telephone":"0141870220","fax":"0146838085","site_web":"http:\/\/www.lyc-florian-sceaux.ac-versailles.fr\/","mail":"ce.0920170K@ac-versailles.fr","ministere_tutelle":"\u00c9ducation nationale","internat":null,"annee_construction":"1962","date_maj":"2026-02-11"}},{"type":"Feature","geometry":{"type":"Point","coordinates":[2.4592777190707977,48.61309766332666]},"properties":{"code_uai":"0910620E","num_siret":19910620400019,"code_academie":"025","academie":"Versailles","dep":"91","sigle_uai":"LPO LYC METIER","nature_uai":"lyc\u00e9e polyvalent","patronyme":"ROBERT-DOISNEAU","nom_etablissement":"Lyc\u00e9e polyvalent Robert Doisneau, lyc\u00e9e des m\u00e9tiers de l'industrie et des services aux entreprises","statut":"public","contrat_etablissement":null,"adresse_postale":"89 AVENUE SERGE DASSAULT","code_postal":"91107","code_insee":"91174","libelle":"Corbeil-Essonnes","telephone":"0160888181","fax":"0160884651","site_web":"http:\/\/www.lyc-doisneau-corbeil.ac-versailles.fr\/","mail":"ce.0910620E@ac-versailles.fr","ministere_tutelle":"\u00c9ducation nationale","internat":null,"annee_construction":"1958","date_maj":"2026-01-14"}},{"type":"Feature","geometry":{"type":"Point","coordinates":[2.365792462246213,48.943352734923394]},"properties":{"code_uai":"0930138V","num_siret":19930138300014,"code_academie":"024","academie":"Cr\u00e9teil","dep":"93","sigle_uai":"LP LYC METIER","nature_uai":"lyc\u00e9e professionnel","patronyme":"FR\u00c9D\u00c9RIC-BARTHOLDI","nom_etablissement":"Lyc\u00e9e professionnel Fr\u00e9d\u00e9ric Bartholdi - Lyc\u00e9e des m\u00e9tiers des structures m\u00e9talliques et de l'\u00e9nergie","statut":"public","contrat_etablissement":null,"adresse_postale":"12 rue de la Libert\u00e9","code_postal":"93200","code_insee":"93066","libelle":"Saint-Denis","telephone":"0149713200","fax":null,"site_web":"https:\/\/lyceebartholdi93.fr\/","mail":"ce.0930138V@ac-creteil.fr","ministere_tutelle":"\u00c9ducation nationale","internat":null,"annee_construction":null,"date_maj":"2026-03-12"}},{"type":"Feature","geometry":{"type":"Point","coordinates":[2.6912421942760685,48.759211383960206]},"properties":{"code_uai":"0772225A","num_siret":19772225900011,"code_academie":"024","academie":"Cr\u00e9teil","dep":"77","sigle_uai":"LP LYC METIER","nature_uai":"lyc\u00e9e professionnel","patronyme":"LINO-VENTURA","nom_etablissement":"Lyc\u00e9e professionnel Lino Ventura","statut":"public","contrat_etablissement":null,"adresse_postale":"Avenue MARCEL PAGNOL","code_postal":"77831","code_insee":"77350","libelle":"Ozoir-la-Ferri\u00e8re","telephone":"0164400015","fax":"0164403429","site_web":"https:\/\/www.lyceelinoventura.com\/","mail":"ce.0772225A@ac-creteil.fr","ministere_tutelle":"\u00c9ducation nationale","internat":null,"annee_construction":"1992","date_maj":"2026-01-14"}},{"type":"Feature","geometry":{"type":"Point","coordinates":[2.6761344969569216,48.93829001463312]},"properties":{"code_uai":"0771995A","num_siret":19771995800021,"code_academie":"024","academie":"Cr\u00e9teil","dep":"77","sigle_uai":"LP LYC METIER","nature_uai":"lyc\u00e9e professionnel","patronyme":"CHAMP-DE-CLAYE (LE)","nom_etablissement":"Lyc\u00e9e professionnel le Champ de Claye","statut":"public","contrat_etablissement":null,"adresse_postale":"71 rue Pasteur","code_postal":"77410","code_insee":"77118","libelle":"Claye-Souilly","telephone":"0160264064","fax":"0160268433","site_web":"http:\/\/www.lechampdeclaye.fr\/","mail":"ce.0771995A@ac-creteil.fr","ministere_tutelle":"\u00c9ducation nationale","internat":null,"annee_construction":"1988","date_maj":"2026-01-14"}},{"type":"Feature","geometry":{"type":"Point","coordinates":[2.403196381256488,48.74890738659517]},"properties":{"code_uai":"0940138P","num_siret":19940138100017,"code_academie":"024","academie":"Cr\u00e9teil","dep":"94","sigle_uai":"LP LYC METIER","nature_uai":"lyc\u00e9e professionnel","patronyme":"ARMAND-GUILLAUMIN","nom_etablissement":"Lyc\u00e9e professionnel Armand Guillaumin - Lyc\u00e9e des m\u00e9tiers des soins \u00e0 la personne","statut":"public","contrat_etablissement":null,"adresse_postale":"10 rue Pierre Corneille","code_postal":"94310","code_insee":"94054","libelle":"Orly","telephone":"0982815906","fax":null,"site_web":"http:\/\/lycee-armandguillaumin.fr\/","mail":"ce.0940138P@ac-creteil.fr","ministere_tutelle":"\u00c9ducation nationale","internat":null,"annee_construction":null,"date_maj":"2026-03-12"}},{"type":"Feature","geometry":{"type":"Point","coordinates":[2.466065085468551,48.634607981706665]},"properties":{"code_uai":"0910629P","num_siret":19910629500017,"code_academie":"025","academie":"Versailles","dep":"91","sigle_uai":"LP LYC METIER","nature_uai":"lyc\u00e9e professionnel","patronyme":"CH\u00c2TEAU-DES-COUDRAIES","nom_etablissement":"Lyc\u00e9e professionnel Chateau des Coudraies, lyc\u00e9e des m\u00e9tiers de bouche et d'h\u00f4tellerie","statut":"public","contrat_etablissement":null,"adresse_postale":"2 boulevard Charles de Gaulle","code_postal":"91450","code_insee":"91225","libelle":"\u00c9tiolles","telephone":"0169892121","fax":"0169892456","site_web":"https:\/\/www.lycee-hotelier-etiolles.fr\/","mail":"ce.0910629P@ac-versailles.fr","ministere_tutelle":"\u00c9ducation nationale","internat":"Oui","annee_construction":"1980","date_maj":"2026-01-23"}},{"type":"Feature","geometry":{"type":"Point","coordinates":[2.121518210114789,48.771206023579325]},"properties":{"code_uai":"0783548H","num_siret":19781577200011,"code_academie":"025","academie":"Versailles","dep":"78","sigle_uai":"LG","nature_uai":"lyc\u00e9e d'enseignement g\u00e9n\u00e9ral","patronyme":"FRANCO-ALLEMAND","nom_etablissement":"Lyc\u00e9e d'enseignement g\u00e9n\u00e9ral Franco Allemand","statut":"public","contrat_etablissement":null,"adresse_postale":"5 RUE COLLIN MAMET","code_postal":"78530","code_insee":"78117","libelle":"Buc","telephone":"0139071420","fax":"0139071421","site_web":"http:\/\/www.lfa-buc.fr\/","mail":"ce.0783548H@ac-versailles.fr","ministere_tutelle":"\u00c9ducation nationale","internat":null,"annee_construction":"1981","date_maj":"2024-05-31"}},{"type":"Feature","geometry":{"type":"Point","coordinates":[2.4899542173125426,48.694536825715204]},"properties":{"code_uai":"0910843X","num_siret":78517365900018,"code_academie":"025","academie":"Versailles","dep":"91","sigle_uai":"LPO PR METIER","nature_uai":"lyc\u00e9e polyvalent","patronyme":"SAINT-PIERRE-INSTITUT","nom_etablissement":"Lyc\u00e9e St-Pierre - Lyc\u00e9e des m\u00e9tiers de la communication, de la gestion, du commerce, de l'h\u00f4tellerie, de la restauration et du tourisme","statut":"priv\u00e9","contrat_etablissement":"lyc\u00e9e priv\u00e9 sous contrat \u00c9ducation nationale","adresse_postale":"70 rue de Montgeron","code_postal":"91800","code_insee":"91114","libelle":"Brunoy","telephone":"0160479999","fax":"0160479998","site_web":null,"mail":"ce.0910843X@ac-versailles.fr","ministere_tutelle":"\u00c9ducation nationale","internat":null,"annee_construction":null,"date_maj":"2026-03-12"}},{"type":"Feature","geometry":{"type":"Point","coordinates":[2.3421961245879994,48.84761162950153]},"properties":{"code_uai":"0750428H","num_siret":19750428500010,"code_academie":"001","academie":"Paris","dep":"75","sigle_uai":"LPO","nature_uai":"lyc\u00e9e polyvalent","patronyme":"JACQUES-MONOD","nom_etablissement":"Lyc\u00e9e polyvalent Jacques MONOD","statut":"public","contrat_etablissement":null,"adresse_postale":"12 rue Victor Cousin","code_postal":"75005","code_insee":"75105","libelle":"Paris 5e Arrondissement","telephone":"0143546162","fax":"0143545858","site_web":null,"mail":"ce.0750428H@ac-paris.fr","ministere_tutelle":"\u00c9ducation nationale","internat":null,"annee_construction":"1917","date_maj":"2026-03-12"}},{"type":"Feature","geometry":{"type":"Point","coordinates":[2.1211539400128516,48.79453560162573]},"properties":{"code_uai":"0782565P","num_siret":19782565600014,"code_academie":"025","academie":"Versailles","dep":"78","sigle_uai":"LPO","nature_uai":"lyc\u00e9e polyvalent","patronyme":"JULES-FERRY","nom_etablissement":"Lyc\u00e9e polyvalent Jules Ferry","statut":"public","contrat_etablissement":null,"adresse_postale":"29 rue DU MARECHAL JOFFRE","code_postal":"78000","code_insee":"78646","libelle":"Versailles","telephone":"0139201160","fax":"0139201161","site_web":"http:\/\/www.lyc-ferry-versailles.ac-versailles.fr\/","mail":"ce.0782565P@ac-versailles.fr","ministere_tutelle":"\u00c9ducation nationale","internat":null,"annee_construction":null,"date_maj":"2026-03-05"}},{"type":"Feature","geometry":{"type":"Point","coordinates":[1.7750866024506813,48.97363304672388]},"properties":{"code_uai":"0781948U","num_siret":19781948500016,"code_academie":"025","academie":"Versailles","dep":"78","sigle_uai":"LPO","nature_uai":"lyc\u00e9e polyvalent","patronyme":"LAVOISIER","nom_etablissement":"Lyc\u00e9e polyvalent Antoine Lavoisier","statut":"public","contrat_etablissement":null,"adresse_postale":"40 boulevard de la R\u00e9publique","code_postal":"78440","code_insee":"78501","libelle":"Porcheville","telephone":"0134796630","fax":"0130988054","site_web":null,"mail":"ce.0781948U@ac-versailles.fr","ministere_tutelle":"\u00c9ducation nationale","internat":"Oui","annee_construction":"1991","date_maj":"2026-03-12"}},{"type":"Feature","geometry":{"type":"Point","coordinates":[2.4615747865777506,48.78269526922529]},"properties":{"code_uai":"0940114N","num_siret":19940114200013,"code_academie":"024","academie":"Cr\u00e9teil","dep":"94","sigle_uai":"LPO","nature_uai":"lyc\u00e9e polyvalent","patronyme":"SAINT-EXUP\u00c9RY","nom_etablissement":"Lyc\u00e9e polyvalent Antoine de Saint-Exup\u00e9ry","statut":"public","contrat_etablissement":null,"adresse_postale":"2 rue Henri Matisse","code_postal":"94000","code_insee":"94028","libelle":"Cr\u00e9teil","telephone":"0141942828","fax":null,"site_web":"https:\/\/saintexcreteil.fr\/","mail":"ce.0940114N@ac-creteil.fr","ministere_tutelle":"\u00c9ducation nationale","internat":null,"annee_construction":"1965","date_maj":"2026-03-12"}},{"type":"Feature","geometry":{"type":"Point","coordinates":[2.3593949795551112,48.814998435549086]},"properties":{"code_uai":"0941975L","num_siret":19941635500014,"code_academie":"024","academie":"Cr\u00e9teil","dep":"94","sigle_uai":"LPO","nature_uai":"lyc\u00e9e polyvalent","patronyme":"PIERRE-BROSSOLETTE","nom_etablissement":"Lyc\u00e9e polyvalent Pierre Brossolette","statut":"public","contrat_etablissement":null,"adresse_postale":"5 rue Pierre Brossolette","code_postal":"94270","code_insee":"94043","libelle":"Le Kremlin-Bic\u00eatre","telephone":"0146583676","fax":null,"site_web":"http:\/\/lyc\u00e9e-brossolette.fr\/","mail":"ce.0941975L@ac-creteil.fr","ministere_tutelle":"\u00c9ducation nationale","internat":null,"annee_construction":"1991","date_maj":"2026-03-12"}},{"type":"Feature","geometry":{"type":"Point","coordinates":[2.8671973622331977,48.955102129539654]},"properties":{"code_uai":"0770931U","num_siret":19770931400011,"code_academie":"024","academie":"Cr\u00e9teil","dep":"77","sigle_uai":"LPO","nature_uai":"lyc\u00e9e polyvalent","patronyme":"PIERRE-DE-COUBERTIN","nom_etablissement":"Lyc\u00e9e polyvalent Pierre de Coubertin","statut":"public","contrat_etablissement":null,"adresse_postale":"Chauss\u00e9e de Paris","code_postal":"77335","code_insee":"77284","libelle":"Meaux","telephone":"0164345727","fax":"0164344952","site_web":"http:\/\/www.lyceecoubertin-meaux.fr\/","mail":"ce.0770931U@ac-creteil.fr","ministere_tutelle":"\u00c9ducation nationale","internat":"Oui","annee_construction":null,"date_maj":"2026-03-12"}},{"type":"Feature","geometry":{"type":"Point","coordinates":[2.1319056168804393,49.05516292987471]},"properties":{"code_uai":"0950658Z","num_siret":19950658500017,"code_academie":"025","academie":"Versailles","dep":"95","sigle_uai":"LP LYC METIER","nature_uai":"lyc\u00e9e professionnel","patronyme":"CH\u00c2TEAU-D'EPLUCHES","nom_etablissement":"Lyc\u00e9e professionnel Ch\u00e2teau d' Epluches, lyc\u00e9e des m\u00e9tiers de l'automobile et du transport","statut":"public","contrat_etablissement":null,"adresse_postale":"45 avenue du Ch\u00e2teau","code_postal":"95310","code_insee":"95572","libelle":"Saint-Ouen-l'Aum\u00f4ne","telephone":"0134483280","fax":"0134300339","site_web":"http:\/\/www.lyc-epluches-st-ouen.ac-versailles.fr\/","mail":"ce.0950658Z@ac-versailles.fr","ministere_tutelle":"\u00c9ducation nationale","internat":"Oui","annee_construction":"1955","date_maj":"2026-02-09"}},{"type":"Feature","geometry":{"type":"Point","coordinates":[1.9434127036352702,49.15689275100273]},"properties":{"code_uai":"0951282C","num_siret":19951282300014,"code_academie":"025","academie":"Versailles","dep":"95","sigle_uai":"LP LYC METIER","nature_uai":"lyc\u00e9e professionnel","patronyme":"VEXIN (DU)","nom_etablissement":"Lyc\u00e9e professionnel du Vexin - Lyc\u00e9e des m\u00e9tiers de la pr\u00e9vention et de la s\u00e9curit\u00e9","statut":"public","contrat_etablissement":null,"adresse_postale":"2 rue Jean Hamon","code_postal":"95750","code_insee":"95142","libelle":"Chars","telephone":"0130397894","fax":"0130399085","site_web":"http:\/\/www.lyc-vexin-chars.ac-versailles.fr\/","mail":"ce.0951282C@ac-versailles.fr","ministere_tutelle":"\u00c9ducation nationale","internat":null,"annee_construction":"1976","date_maj":"2026-03-12"}},{"type":"Feature","geometry":{"type":"Point","coordinates":[2.4665425279205513,48.88744786715092]},"properties":{"code_uai":"0930133P","num_siret":19930133400017,"code_academie":"024","academie":"Cr\u00e9teil","dep":"93","sigle_uai":"LP LYC METIER","nature_uai":"lyc\u00e9e professionnel","patronyme":"TH\u00c9ODORE-MONOD","nom_etablissement":"Lyc\u00e9e professionnel Th\u00e9odore Monod","statut":"public","contrat_etablissement":null,"adresse_postale":"187 rue DE BREMENT","code_postal":"93130","code_insee":"93053","libelle":"Noisy-le-Sec","telephone":"0141830950","fax":"0148454049","site_web":null,"mail":"ce.0930133P@ac-creteil.fr","ministere_tutelle":"\u00c9ducation nationale","internat":null,"annee_construction":"1963","date_maj":"2026-02-09"}},{"type":"Feature","geometry":{"type":"Point","coordinates":[2.2724531358357214,48.86126664977621]},"properties":{"code_uai":"0750796H","num_siret":19750796500014,"code_academie":"001","academie":"Paris","dep":"75","sigle_uai":"LP LYC METIER","nature_uai":"lyc\u00e9e professionnel","patronyme":"OCTAVE-FEUILLET","nom_etablissement":"Lyc\u00e9e Professionnel Octave Feuilet","statut":"public","contrat_etablissement":null,"adresse_postale":"9 rue OCTAVE FEUILLET","code_postal":"75016","code_insee":"75116","libelle":"Paris 16e Arrondissement","telephone":"0145204147","fax":"0145205971","site_web":"https:\/\/www.ac-paris.fr\/serail\/jcms\/s2_2074405\/fr\/accueil","mail":"ce.0750796H@ac-paris.fr","ministere_tutelle":"\u00c9ducation nationale","internat":null,"annee_construction":"1880","date_maj":"2026-01-27"}},{"type":"Feature","geometry":{"type":"Point","coordinates":[2.334493591082029,48.89620625975474]},"properties":{"code_uai":"0752608C","num_siret":19752608000019,"code_academie":"001","academie":"Paris","dep":"75","sigle_uai":"LP LYC METIER","nature_uai":"lyc\u00e9e professionnel","patronyme":"H\u00d4TELIER (dit Belliard)","nom_etablissement":"Lyc\u00e9e professionnel Belliard - Lyc\u00e9e des m\u00e9tiers de la gastronomie durable","statut":"public","contrat_etablissement":null,"adresse_postale":"135 rue Belliard","code_postal":"75018","code_insee":"75118","libelle":"Paris 18e Arrondissement","telephone":"0140259393","fax":"0140259392","site_web":"https:\/\/www.ac-paris.fr\/serail\/jcms\/s6_234575\/fr\/accueil","mail":"ce.0752608C@ac-paris.fr","ministere_tutelle":"\u00c9ducation nationale","internat":null,"annee_construction":"1978","date_maj":"2026-03-12"}},{"type":"Feature","geometry":{"type":"Point","coordinates":[2.2785229380513607,48.89748204232911]},"properties":{"code_uai":"0921230M","num_siret":19921230900025,"code_academie":"025","academie":"Versailles","dep":"92","sigle_uai":"LPO LYC METIER","nature_uai":"lyc\u00e9e polyvalent","patronyme":"LEONARD-DE-VINCI","nom_etablissement":"Lyc\u00e9e polyvalent L\u00e9onard de Vinci, lyc\u00e9e des m\u00e9tiers de la micro-technologie, de l'optique et des services aux entreprises","statut":"public","contrat_etablissement":null,"adresse_postale":"4 avenue Georges Pompidou","code_postal":"92304","code_insee":"92044","libelle":"Levallois-Perret","telephone":"0141051212","fax":"0141051200","site_web":"http:\/\/www.lyc-vinci-levallois.ac-versailles.fr\/","mail":"ce.0921230M@ac-versailles.fr","ministere_tutelle":"\u00c9ducation nationale","internat":null,"annee_construction":"1993","date_maj":"2026-01-26"}},{"type":"Feature","geometry":{"type":"Point","coordinates":[2.302185393455271,48.83838678400457]},"properties":{"code_uai":"0754475G","num_siret":19750475600010,"code_academie":"001","academie":"Paris","dep":"75","sigle_uai":"LPO LYC METIER","nature_uai":"lyc\u00e9e polyvalent","patronyme":"LEONARD-DE-VINCI","nom_etablissement":"Lyc\u00e9e polyvalent L\u00e9onard de Vinci - Lyc\u00e9e des m\u00e9tiers du bois, des d\u00e9cors et accessoires de spectacles","statut":"public","contrat_etablissement":null,"adresse_postale":"20 rue BOURSEUL","code_postal":"75015","code_insee":"75115","libelle":"Paris 15e Arrondissement","telephone":"0153680525","fax":"0153680526","site_web":"https:\/\/www.ac-paris.fr\/serail\/jcms\/s1_1987684\/fr\/lycee-des-metiers-du-bois-leonard-de-vinci","mail":"ce.0754475G@ac-paris.fr","ministere_tutelle":"\u00c9ducation nationale","internat":null,"annee_construction":"1959","date_maj":"2026-01-24"}},{"type":"Feature","geometry":{"type":"Point","coordinates":[2.4172891234396072,48.94908080001653]},"properties":{"code_uai":"0932126F","num_siret":19932126600017,"code_academie":"024","academie":"Cr\u00e9teil","dep":"93","sigle_uai":"LPO LYC METIER","nature_uai":"lyc\u00e9e polyvalent","patronyme":"FRANCOIS-RABELAIS","nom_etablissement":"Lyc\u00e9e polyvalent Fran\u00e7ois Rabelais - Lyc\u00e9e des m\u00e9tiers de la gastronomie et de la restauration","statut":"public","contrat_etablissement":null,"adresse_postale":"Rue FRANCOIS RABELAIS","code_postal":"93440","code_insee":"93030","libelle":"Dugny","telephone":"0149929090","fax":"0149929099","site_web":"http:\/\/lycee-francois-rabelais-dugny.fr\/","mail":"ce.0932126F@ac-creteil.fr","ministere_tutelle":"\u00c9ducation nationale","internat":null,"annee_construction":"1981","date_maj":"2026-01-20"}},{"type":"Feature","geometry":{"type":"Point","coordinates":[2.4149129113760606,48.77325875116557]},"properties":{"code_uai":"0940141T","num_siret":19940141500013,"code_academie":"024","academie":"Cr\u00e9teil","dep":"94","sigle_uai":"LPO LYC METIER","nature_uai":"lyc\u00e9e polyvalent","patronyme":"JACQUES-BREL","nom_etablissement":"Lyc\u00e9e polyvalent Jacques Brel - Lyc\u00e9e des m\u00e9tiers des motocycles Lyc\u00e9e des m\u00e9tiers de l'\u00e9b\u00e9nisterie","statut":"public","contrat_etablissement":null,"adresse_postale":"90 avenue d'Alfortville","code_postal":"94600","code_insee":"94022","libelle":"Choisy-le-Roi","telephone":"0148929940","fax":null,"site_web":"http:\/\/www.jbrel94.fr\/","mail":"ce.0940141T@ac-creteil.fr","ministere_tutelle":"\u00c9ducation nationale","internat":null,"annee_construction":"1966","date_maj":"2026-03-12"}},{"type":"Feature","geometry":{"type":"Point","coordinates":[2.3401106946732,48.77285638144974]},"properties":{"code_uai":"0942269F","num_siret":20002795100017,"code_academie":"024","academie":"Cr\u00e9teil","dep":"94","sigle_uai":"LPO LYC METIER","nature_uai":"lyc\u00e9e polyvalent","patronyme":"PAULINE-ROLAND","nom_etablissement":"Lyc\u00e9e polyvalent Pauline Roland - Lyc\u00e9e des m\u00e9tiers du transport et de la logistique","statut":"public","contrat_etablissement":null,"adresse_postale":"17 avenue DU GENERAL DE GAULLE","code_postal":"94550","code_insee":"94021","libelle":"Chevilly-Larue","telephone":"0149080940","fax":null,"site_web":"http:\/\/www.lyceepaulineroland.fr\/","mail":"ce.0942269F@ac-creteil.fr","ministere_tutelle":"\u00c9ducation nationale","internat":"Oui","annee_construction":"2011","date_maj":"2026-03-12"}},{"type":"Feature","geometry":{"type":"Point","coordinates":[2.5389338989234025,48.844976450093746]},"properties":{"code_uai":"0932047V","num_siret":19932047400018,"code_academie":"024","academie":"Cr\u00e9teil","dep":"93","sigle_uai":"LPO LYC METIER","nature_uai":"lyc\u00e9e polyvalent","patronyme":"EVARISTE-GALOIS","nom_etablissement":"Lyc\u00e9e polyvalent Evariste Galois - Lyc\u00e9e des m\u00e9tiers de l'audiovisuel","statut":"public","contrat_etablissement":null,"adresse_postale":"32 avenue MONTAIGNE","code_postal":"93165","code_insee":"93051","libelle":"Noisy-le-Grand","telephone":"0148151590","fax":"0145922999","site_web":"http:\/\/www.lyceeevaristegalois.fr\/","mail":"ce.0932047V@ac-creteil.fr","ministere_tutelle":"\u00c9ducation nationale","internat":null,"annee_construction":"1992","date_maj":"2026-03-12"}},{"type":"Feature","geometry":{"type":"Point","coordinates":[2.2714325458764666,48.75782170764679]},"properties":{"code_uai":"0920907L","num_siret":78531374300029,"code_academie":"025","academie":"Versailles","dep":"92","sigle_uai":"LGT PR","nature_uai":"lyc\u00e9e d'enseignement g\u00e9n\u00e9ral et technologique","patronyme":"SOPHIE-BARAT","nom_etablissement":"Lyc\u00e9e g\u00e9n\u00e9ral et technologique priv\u00e9 Sophie Barat","statut":"priv\u00e9","contrat_etablissement":"lyc\u00e9e priv\u00e9 sous contrat \u00c9ducation nationale","adresse_postale":"50 rue des Grillons","code_postal":"92290","code_insee":"92019","libelle":"Ch\u00e2tenay-Malabry","telephone":"0141134700","fax":"0141134705","site_web":null,"mail":"ce.0920907L@ac-versailles.fr","ministere_tutelle":"\u00c9ducation nationale","internat":null,"annee_construction":null,"date_maj":"2026-03-12"}},{"type":"Feature","geometry":{"type":"Point","coordinates":[2.3185160238156888,48.818782783691596]},"properties":{"code_uai":"0920918Y","num_siret":78540647100017,"code_academie":"025","academie":"Versailles","dep":"92","sigle_uai":"LGT PR","nature_uai":"lyc\u00e9e d'enseignement g\u00e9n\u00e9ral et technologique","patronyme":"JEANNE-D'ARC","nom_etablissement":"Lyc\u00e9e g\u00e9n\u00e9ral et technologique priv\u00e9 Jeanne d'Arc","statut":"priv\u00e9","contrat_etablissement":"lyc\u00e9e priv\u00e9 sous contrat \u00c9ducation nationale","adresse_postale":"44 rue Gabriel P\u00e9ri","code_postal":"92120","code_insee":"92049","libelle":"Montrouge","telephone":"0142531895","fax":null,"site_web":null,"mail":"ce.0920918Y@ac-versailles.fr","ministere_tutelle":"\u00c9ducation nationale","internat":null,"annee_construction":null,"date_maj":"2026-03-12"}},{"type":"Feature","geometry":{"type":"Point","coordinates":[2.3744549053296247,48.99157507574316]},"properties":{"code_uai":"0950786N","num_siret":30405473700016,"code_academie":"025","academie":"Versailles","dep":"95","sigle_uai":"LGT PR","nature_uai":"lyc\u00e9e d'enseignement g\u00e9n\u00e9ral et technologique","patronyme":"SAINT-ROSAIRE (La Salle)","nom_etablissement":"Lyc\u00e9e g\u00e9n\u00e9ral et technologique priv\u00e9 La Salle - Saint Rosaire","statut":"priv\u00e9","contrat_etablissement":"lyc\u00e9e priv\u00e9 sous contrat \u00c9ducation nationale","adresse_postale":"53 rue Pierre Brossolette","code_postal":"95200","code_insee":"95585","libelle":"Sarcelles","telephone":"0134383400","fax":"0139920429","site_web":null,"mail":"ce.0950786N@ac-versailles.fr","ministere_tutelle":"\u00c9ducation nationale","internat":null,"annee_construction":null,"date_maj":"2026-03-12"}},{"type":"Feature","geometry":{"type":"Point","coordinates":[2.4350475723268343,48.644051039551854]},"properties":{"code_uai":"0912117G","num_siret":34308563500013,"code_academie":"025","academie":"Versailles","dep":"91","sigle_uai":"LGT PR","nature_uai":"lyc\u00e9e d'enseignement g\u00e9n\u00e9ral et technologique","patronyme":"NOTRE-DAME-DE-SION","nom_etablissement":"Lyc\u00e9e g\u00e9n\u00e9ral et technologique priv\u00e9 Notre Dame de Sion","statut":"priv\u00e9","contrat_etablissement":"lyc\u00e9e priv\u00e9 sous contrat \u00c9ducation nationale","adresse_postale":"1 avenue Ratisbonne","code_postal":"91000","code_insee":"91228","libelle":"\u00c9vry-Courcouronnes","telephone":"0169473232","fax":"0169473233","site_web":null,"mail":"ce.0912117G@ac-versailles.fr","ministere_tutelle":"\u00c9ducation nationale","internat":null,"annee_construction":null,"date_maj":"2026-03-12"}},{"type":"Feature","geometry":{"type":"Point","coordinates":[1.7222524494128282,48.98849642828672]},"properties":{"code_uai":"0783289B","num_siret":78508797400024,"code_academie":"025","academie":"Versailles","dep":"78","sigle_uai":"LGT PR","nature_uai":"lyc\u00e9e d'enseignement g\u00e9n\u00e9ral et technologique","patronyme":"NOTRE-DAME","nom_etablissement":"Lyc\u00e9e g\u00e9n\u00e9ral et technologique priv\u00e9 Notre Dame","statut":"priv\u00e9","contrat_etablissement":"lyc\u00e9e priv\u00e9 sous contrat \u00c9ducation nationale","adresse_postale":"5 rue de la Sangle","code_postal":"78200","code_insee":"78361","libelle":"Mantes-la-Jolie","telephone":"0134979797","fax":"0134979790","site_web":null,"mail":"ce.0783289B@ac-versailles.fr","ministere_tutelle":"\u00c9ducation nationale","internat":null,"annee_construction":null,"date_maj":"2026-03-12"}},{"type":"Feature","geometry":{"type":"Point","coordinates":[2.1441671016364316,48.81688127983218]},"properties":{"code_uai":"0783293F","num_siret":78515055800019,"code_academie":"025","academie":"Versailles","dep":"78","sigle_uai":"LGT PR","nature_uai":"lyc\u00e9e d'enseignement g\u00e9n\u00e9ral et technologique","patronyme":"CHATAIGNIERS (LES)","nom_etablissement":"Lyc\u00e9e g\u00e9n\u00e9ral et technologique priv\u00e9 Les Chataigniers","statut":"priv\u00e9","contrat_etablissement":"lyc\u00e9e priv\u00e9 sous contrat \u00c9ducation nationale","adresse_postale":"11 bis avenue Jean Jaur\u00e8s","code_postal":"78000","code_insee":"78646","libelle":"Versailles","telephone":"0139559504","fax":"0139231819","site_web":null,"mail":"ce.0783293F@ac-versailles.fr","ministere_tutelle":"\u00c9ducation nationale","internat":null,"annee_construction":null,"date_maj":"2026-03-12"}},{"type":"Feature","geometry":{"type":"Point","coordinates":[2.131728373244573,48.82949115647423]},"properties":{"code_uai":"0783282U","num_siret":30340859500047,"code_academie":"025","academie":"Versailles","dep":"78","sigle_uai":"LGT PR","nature_uai":"lyc\u00e9e d'enseignement g\u00e9n\u00e9ral et technologique","patronyme":"BLANCHE-DE-CASTILLE","nom_etablissement":"Lyc\u00e9e g\u00e9n\u00e9ral et technologique priv\u00e9 Blanche de Castille","statut":"priv\u00e9","contrat_etablissement":"lyc\u00e9e priv\u00e9 sous contrat \u00c9ducation nationale","adresse_postale":"1 avenue de la Bret\u00e8che","code_postal":"78150","code_insee":"78158","libelle":"Le Chesnay-Rocquencourt","telephone":"0139231430","fax":"0139547346","site_web":null,"mail":"ce.0783282U@ac-versailles.fr","ministere_tutelle":"\u00c9ducation nationale","internat":null,"annee_construction":null,"date_maj":"2026-03-12"}},{"type":"Feature","geometry":{"type":"Point","coordinates":[2.1457630390259252,48.88747490392935]},"properties":{"code_uai":"0783297K","num_siret":78504552700013,"code_academie":"025","academie":"Versailles","dep":"78","sigle_uai":"LGT PR","nature_uai":"lyc\u00e9e d'enseignement g\u00e9n\u00e9ral et technologique","patronyme":"BON-SAUVEUR (LE)","nom_etablissement":"Lyc\u00e9e g\u00e9n\u00e9ral et technologique priv\u00e9 Le Bon Sauveur","statut":"priv\u00e9","contrat_etablissement":"lyc\u00e9e priv\u00e9 sous contrat \u00c9ducation nationale","adresse_postale":"6 rue Henri Cloppet","code_postal":"78110","code_insee":"78650","libelle":"Le V\u00e9sinet","telephone":"0130159292","fax":"0130159290","site_web":null,"mail":"ce.0783297K@ac-versailles.fr","ministere_tutelle":"\u00c9ducation nationale","internat":null,"annee_construction":null,"date_maj":"2026-03-12"}},{"type":"Feature","geometry":{"type":"Point","coordinates":[2.3657844012416454,48.853545230810866]},"properties":{"code_uai":"0753820V","num_siret":32365825200032,"code_academie":"001","academie":"Paris","dep":"75","sigle_uai":"LGT PR","nature_uai":"lyc\u00e9e d'enseignement g\u00e9n\u00e9ral et technologique","patronyme":"FRANCS-BOURGEOIS (La Salle)","nom_etablissement":"Lyc\u00e9e g\u00e9n\u00e9ral et technologique priv\u00e9 Les Francs Bourgeois","statut":"priv\u00e9","contrat_etablissement":"lyc\u00e9e priv\u00e9 sous contrat \u00c9ducation nationale","adresse_postale":"21 rue Saint-Antoine","code_postal":"75004","code_insee":"75104","libelle":"Paris 4e Arrondissement","telephone":"0144592090","fax":"0142770686","site_web":"http:\/\/www.francs-bourgeois.fr\/fr\/","mail":"ce.0753820V@ac-paris.fr","ministere_tutelle":"\u00c9ducation nationale","internat":null,"annee_construction":null,"date_maj":"2026-03-12"}},{"type":"Feature","geometry":{"type":"Point","coordinates":[2.2957665641689506,48.73645299186811]},"properties":{"code_uai":"0910632T","num_siret":19910632900014,"code_academie":"025","academie":"Versailles","dep":"91","sigle_uai":"LP","nature_uai":"lyc\u00e9e professionnel","patronyme":"GUSTAVE-EIFFEL","nom_etablissement":"Lyc\u00e9e professionnel Gustave Eiffel","statut":"public","contrat_etablissement":null,"adresse_postale":"9 avenue de la R\u00e9publique","code_postal":"91300","code_insee":"91377","libelle":"Massy","telephone":"0169200943","fax":"0169309946","site_web":"http:\/\/lycee-eiffel-massy.fr\/","mail":"ce.0910632T@ac-versailles.fr","ministere_tutelle":"\u00c9ducation nationale","internat":null,"annee_construction":null,"date_maj":"2026-03-12"}},{"type":"Feature","geometry":{"type":"Point","coordinates":[2.3867337769762833,48.86874183639277]},"properties":{"code_uai":"0750808W","num_siret":19750808800014,"code_academie":"001","academie":"Paris","dep":"75","sigle_uai":"LP","nature_uai":"lyc\u00e9e professionnel","patronyme":"ETIENNE-DOLET","nom_etablissement":"Lyc\u00e9e professionnel Etienne Dolet","statut":"public","contrat_etablissement":null,"adresse_postale":"7 rue d'Eupatoria","code_postal":"75020","code_insee":"75120","libelle":"Paris 20e Arrondissement","telephone":"0140338100","fax":"0140330661","site_web":"https:\/\/www.ac-paris.fr\/serail\/jcms\/s2_1547171\/fr\/lycee-etienne-dolet","mail":"ce.0750808W@ac-paris.fr","ministere_tutelle":"\u00c9ducation nationale","internat":null,"annee_construction":null,"date_maj":"2026-03-12"}},{"type":"Feature","geometry":{"type":"Point","coordinates":[2.4949129693529817,48.86331073938611]},"properties":{"code_uai":"0931739K","num_siret":19931739700024,"code_academie":"024","academie":"Cr\u00e9teil","dep":"93","sigle_uai":"LP","nature_uai":"lyc\u00e9e professionnel","patronyme":"JEAN-MOULIN","nom_etablissement":"Lyc\u00e9e professionnel Jean Moulin","statut":"public","contrat_etablissement":null,"adresse_postale":"2 rue MISSAK MANOUCHIAN","code_postal":"93110","code_insee":"93064","libelle":"Rosny-sous-Bois","telephone":"0148945639","fax":"0148941457","site_web":"http:\/\/lpjeanmoulinrosny.eklablog.com\/","mail":"ce.0931739K@ac-creteil.fr","ministere_tutelle":"\u00c9ducation nationale","internat":null,"annee_construction":"2009","date_maj":"2026-03-12"}},{"type":"Feature","geometry":{"type":"Point","coordinates":[2.3453674139456435,48.81341688178158]},"properties":{"code_uai":"0940134K","num_siret":19940134000013,"code_academie":"024","academie":"Cr\u00e9teil","dep":"94","sigle_uai":"LP","nature_uai":"lyc\u00e9e professionnel","patronyme":"VAL-DE-BI\u00c8VRE","nom_etablissement":"Lyc\u00e9e professionnel Val de Bi\u00e8vre","statut":"public","contrat_etablissement":null,"adresse_postale":"17 rue d'Arcueil","code_postal":"94257","code_insee":"94037","libelle":"Gentilly","telephone":"0181805100","fax":null,"site_web":"https:\/\/www.lycee-val-de-bievre.fr\/","mail":"ce.0940134K@ac-creteil.fr","ministere_tutelle":"\u00c9ducation nationale","internat":null,"annee_construction":null,"date_maj":"2026-03-12"}},{"type":"Feature","geometry":{"type":"Point","coordinates":[2.0272209979601326,48.92341683080588]},"properties":{"code_uai":"0782546U","num_siret":19782546600018,"code_academie":"025","academie":"Versailles","dep":"78","sigle_uai":"LGT","nature_uai":"lyc\u00e9e d'enseignement g\u00e9n\u00e9ral et technologique","patronyme":"LE-CORBUSIER","nom_etablissement":"Lyc\u00e9e g\u00e9n\u00e9ral et technologique Le Corbusier","statut":"public","contrat_etablissement":null,"adresse_postale":"88 rue de Villiers","code_postal":"78300","code_insee":"78498","libelle":"Poissy","telephone":"0139651355","fax":"0130659922","site_web":"http:\/\/www.lyc-lecorbusier-poissy.ac-versailles.fr\/","mail":"ce.0782546U@ac-versailles.fr","ministere_tutelle":"\u00c9ducation nationale","internat":null,"annee_construction":"1967","date_maj":"2026-03-05"}},{"type":"Feature","geometry":{"type":"Point","coordinates":[2.424980068367017,49.10812363119746]},"properties":{"code_uai":"0950647M","num_siret":19950647800015,"code_academie":"025","academie":"Versailles","dep":"95","sigle_uai":"LGT","nature_uai":"lyc\u00e9e d'enseignement g\u00e9n\u00e9ral et technologique","patronyme":"G\u00c9RARD-DE-NERVAL","nom_etablissement":"Lyc\u00e9e g\u00e9n\u00e9ral et technologique G\u00e9rard de Nerval","statut":"public","contrat_etablissement":null,"adresse_postale":"Place de l'Europe","code_postal":"95270","code_insee":"95352","libelle":"Luzarches","telephone":"0130295500","fax":"0134719350","site_web":"http:\/\/www.lyc-nerval-luzarches.ac-versailles.fr\/","mail":"ce.0950647M@ac-versailles.fr","ministere_tutelle":"\u00c9ducation nationale","internat":null,"annee_construction":"1981","date_maj":"2026-01-13"}},{"type":"Feature","geometry":{"type":"Point","coordinates":[2.293172591840563,48.84803984332343]},"properties":{"code_uai":"0750696Z","num_siret":19750696700011,"code_academie":"001","academie":"Paris","dep":"75","sigle_uai":"LGT","nature_uai":"lyc\u00e9e d'enseignement g\u00e9n\u00e9ral et technologique","patronyme":"ROGER-VERLOMME","nom_etablissement":"Lyc\u00e9e g\u00e9n\u00e9ral et technologique Roger Verlomme","statut":"public","contrat_etablissement":null,"adresse_postale":"24 rue Fondary","code_postal":"75015","code_insee":"75115","libelle":"Paris 15e Arrondissement","telephone":"0156772200","fax":null,"site_web":"https:\/\/www.ac-paris.fr\/serail\/jcms\/s2_1571677\/fr\/lycee-roger-verlomme","mail":"ce.0750696Z@ac-paris.fr","ministere_tutelle":"\u00c9ducation nationale","internat":null,"annee_construction":null,"date_maj":"2026-03-12"}},{"type":"Feature","geometry":{"type":"Point","coordinates":[2.141769421757703,48.79863568510691]},"properties":{"code_uai":"0782567S","num_siret":19782567200011,"code_academie":"025","academie":"Versailles","dep":"78","sigle_uai":"LGT","nature_uai":"lyc\u00e9e d'enseignement g\u00e9n\u00e9ral et technologique","patronyme":"MARIE-CURIE","nom_etablissement":"Lyc\u00e9e g\u00e9n\u00e9ral et technologique Marie Curie","statut":"public","contrat_etablissement":null,"adresse_postale":"70 avenue de Paris","code_postal":"78002","code_insee":"78646","libelle":"Versailles","telephone":"0139241370","fax":"0139502460","site_web":"http:\/\/www.lyc-curie-versailles.ac-versailles.fr\/","mail":"ce.0782567S@ac-versailles.fr","ministere_tutelle":"\u00c9ducation nationale","internat":null,"annee_construction":"1969","date_maj":"2026-03-23"}},{"type":"Feature","geometry":{"type":"Point","coordinates":[2.394260520870352,48.90541136947215]},"properties":{"code_uai":"0930124E","num_siret":19930124300010,"code_academie":"024","academie":"Cr\u00e9teil","dep":"93","sigle_uai":"LGT","nature_uai":"lyc\u00e9e d'enseignement g\u00e9n\u00e9ral et technologique","patronyme":"MARCELIN-BERTHELOT","nom_etablissement":"Lyc\u00e9e g\u00e9n\u00e9ral et technologique Marcelin Berthelot","statut":"public","contrat_etablissement":null,"adresse_postale":"110 avenue Jean Jaur\u00e8s","code_postal":"93500","code_insee":"93055","libelle":"Pantin","telephone":"0148463070","fax":"0148402995","site_web":"https:\/\/berthelotpantin.fr\/","mail":"ce.0930124E@ac-creteil.fr","ministere_tutelle":"\u00c9ducation nationale","internat":null,"annee_construction":"1965","date_maj":"2026-03-30"}},{"type":"Feature","geometry":{"type":"Point","coordinates":[2.6127267806892163,48.88331912136845]},"properties":{"code_uai":"0770922J","num_siret":19770922300204,"code_academie":"024","academie":"Cr\u00e9teil","dep":"77","sigle_uai":"LGT","nature_uai":"lyc\u00e9e d'enseignement g\u00e9n\u00e9ral et technologique","patronyme":"GASTON-BACHELARD","nom_etablissement":"Lyc\u00e9e g\u00e9n\u00e9ral et technologique Gaston Bachelard","statut":"public","contrat_etablissement":null,"adresse_postale":"32 avenue de l'Europe","code_postal":"77505","code_insee":"77108","libelle":"Chelles","telephone":"0164728888","fax":"0160200478","site_web":"http:\/\/www.lyceebachelardchelles.fr\/","mail":"ce.0770922J@ac-creteil.fr","ministere_tutelle":"\u00c9ducation nationale","internat":"Oui","annee_construction":"1965","date_maj":"2026-01-29"}},{"type":"Feature","geometry":{"type":"Point","coordinates":[3.1315196407779538,48.94343942555177]},"properties":{"code_uai":"0772685A","num_siret":20000739100010,"code_academie":"024","academie":"Cr\u00e9teil","dep":"77","sigle_uai":"LGT","nature_uai":"lyc\u00e9e d'enseignement g\u00e9n\u00e9ral et technologique","patronyme":"SAMUEL-BECKETT","nom_etablissement":"Lyc\u00e9e G\u00e9n\u00e9ral et Technologique Samuel Beckett","statut":"public","contrat_etablissement":null,"adresse_postale":"19 rue DU LION","code_postal":"77260","code_insee":"77183","libelle":"La Fert\u00e9-sous-Jouarre","telephone":"0160242000","fax":null,"site_web":"http:\/\/www.sbeckett.fr\/","mail":"ce.0772685A@ac-creteil.fr","ministere_tutelle":"\u00c9ducation nationale","internat":null,"annee_construction":"2007","date_maj":"2026-03-12"}},{"type":"Feature","geometry":{"type":"Point","coordinates":[2.4914930230858734,48.861770086102105]},"properties":{"code_uai":"0932031C","num_siret":19932031800017,"code_academie":"024","academie":"Cr\u00e9teil","dep":"93","sigle_uai":"LGT","nature_uai":"lyc\u00e9e d'enseignement g\u00e9n\u00e9ral et technologique","patronyme":"CHARLES-DE-GAULLE","nom_etablissement":"Lyc\u00e9e g\u00e9n\u00e9ral et technologique Charles de Gaulle","statut":"public","contrat_etablissement":null,"adresse_postale":"102 rue LAVOISIER","code_postal":"93110","code_insee":"93064","libelle":"Rosny-sous-Bois","telephone":"0148943062","fax":"0148948223","site_web":"http:\/\/lyceecharlesdegaullerosny.fr\/","mail":"ce.0932031C@ac-creteil.fr","ministere_tutelle":"\u00c9ducation nationale","internat":null,"annee_construction":"1990","date_maj":"2026-03-12"}},{"type":"Feature","geometry":{"type":"Point","coordinates":[2.358843148100717,48.86619264109878]},"properties":{"code_uai":"0750647W","num_siret":19750647000016,"code_academie":"001","academie":"Paris","dep":"75","sigle_uai":"LGT","nature_uai":"lyc\u00e9e d'enseignement g\u00e9n\u00e9ral et technologique","patronyme":"TURGOT","nom_etablissement":"Lyc\u00e9e g\u00e9n\u00e9ral et technologique Turgot","statut":"public","contrat_etablissement":null,"adresse_postale":"69 rue de Turbigo","code_postal":"75003","code_insee":"75103","libelle":"Paris 3e Arrondissement","telephone":"0153011410","fax":"0153011453","site_web":"https:\/\/lyc-turgot.ac-paris.fr","mail":"ce.0750647W@ac-paris.fr","ministere_tutelle":"\u00c9ducation nationale","internat":null,"annee_construction":null,"date_maj":"2026-03-12"}},{"type":"Feature","geometry":{"type":"Point","coordinates":[2.3457450604779764,48.89923870514318]},"properties":{"code_uai":"0750688R","num_siret":19750688400018,"code_academie":"001","academie":"Paris","dep":"75","sigle_uai":"LGT","nature_uai":"lyc\u00e9e d'enseignement g\u00e9n\u00e9ral et technologique","patronyme":"RABELAIS","nom_etablissement":"Lyc\u00e9e g\u00e9n\u00e9ral et technologique Rabelais","statut":"public","contrat_etablissement":null,"adresse_postale":"9 rue Francis de Croisset","code_postal":"75018","code_insee":"75118","libelle":"Paris 18e Arrondissement","telephone":"0153091300","fax":"0153091313","site_web":"https:\/\/www.ac-paris.fr\/serail\/jcms\/s1_984030\/fr\/accueil","mail":"ce.0750688R@ac-paris.fr","ministere_tutelle":"\u00c9ducation nationale","internat":null,"annee_construction":"1972","date_maj":"2026-03-12"}},{"type":"Feature","geometry":{"type":"Point","coordinates":[2.3290972094750506,48.884073919064974]},"properties":{"code_uai":"0750669V","num_siret":19750669400011,"code_academie":"001","academie":"Paris","dep":"75","sigle_uai":"LG","nature_uai":"lyc\u00e9e d'enseignement g\u00e9n\u00e9ral","patronyme":"JULES-FERRY","nom_etablissement":"Lyc\u00e9e g\u00e9n\u00e9ral et technologique Jules Ferry","statut":"public","contrat_etablissement":null,"adresse_postale":"77 boulevard DE CLICHY","code_postal":"75009","code_insee":"75109","libelle":"Paris 9e Arrondissement","telephone":"0156022300","fax":"0145264258","site_web":"http:\/\/lyc-jules-ferry.scola.ac-paris.fr\/","mail":"ce.0750669V@ac-paris.fr","ministere_tutelle":"\u00c9ducation nationale","internat":null,"annee_construction":"1913","date_maj":"2026-01-19"}},{"type":"Feature","geometry":{"type":"Point","coordinates":[2.1367267585775482,48.8057011764658]},"properties":{"code_uai":"0782562L","num_siret":19782562300014,"code_academie":"025","academie":"Versailles","dep":"78","sigle_uai":"LG","nature_uai":"lyc\u00e9e d'enseignement g\u00e9n\u00e9ral","patronyme":"HOCHE","nom_etablissement":"Lyc\u00e9e d'enseignement g\u00e9n\u00e9ral Hoche","statut":"public","contrat_etablissement":null,"adresse_postale":"73 avenue DE ST CLOUD","code_postal":"78000","code_insee":"78646","libelle":"Versailles","telephone":"0130840850","fax":"0139506217","site_web":"http:\/\/www.lyc-hoche-versailles.ac-versailles.fr\/","mail":"ce.0782562L@ac-versailles.fr","ministere_tutelle":"\u00c9ducation nationale","internat":"Oui","annee_construction":"1750","date_maj":"2026-01-15"}},{"type":"Feature","geometry":{"type":"Point","coordinates":[2.2750600647830437,48.86072307122093]},"properties":{"code_uai":"0753941B","num_siret":78466211600036,"code_academie":"001","academie":"Paris","dep":"75","sigle_uai":"LG PR","nature_uai":"lyc\u00e9e d'enseignement g\u00e9n\u00e9ral","patronyme":"GERSON","nom_etablissement":"Lyc\u00e9e priv\u00e9 Gerson","statut":"priv\u00e9","contrat_etablissement":"lyc\u00e9e priv\u00e9 sous contrat \u00c9ducation nationale","adresse_postale":"31 rue de la Pompe","code_postal":"75016","code_insee":"75116","libelle":"Paris 16e Arrondissement","telephone":"0145038100","fax":"0145038129","site_web":"http:\/\/www.gerson-paris.com\/","mail":"ce.0753941B@ac-paris.fr","ministere_tutelle":"\u00c9ducation nationale","internat":null,"annee_construction":null,"date_maj":"2026-03-12"}},{"type":"Feature","geometry":{"type":"Point","coordinates":[2.3268499174261814,48.85411316871603]},"properties":{"code_uai":"0753850C","num_siret":78430832200022,"code_academie":"001","academie":"Paris","dep":"75","sigle_uai":"LG PR","nature_uai":"lyc\u00e9e d'enseignement g\u00e9n\u00e9ral","patronyme":"SAINT-THOMAS-D'AQUIN","nom_etablissement":"Lyc\u00e9e g\u00e9n\u00e9ral priv\u00e9 Saint Thomas d'Aquin","statut":"priv\u00e9","contrat_etablissement":"lyc\u00e9e priv\u00e9 sous contrat \u00c9ducation nationale","adresse_postale":"44 rue de Grenelle","code_postal":"75007","code_insee":"75107","libelle":"Paris 7e Arrondissement","telephone":"0145496560","fax":"0145488231","site_web":"http:\/\/www.lycee-saint-thomas-daquin.fr\/","mail":"ce.0753850C@ac-paris.fr","ministere_tutelle":"\u00c9ducation nationale","internat":null,"annee_construction":null,"date_maj":"2026-03-12"}},{"type":"Feature","geometry":{"type":"Point","coordinates":[2.3088341376585864,48.843940309447134]},"properties":{"code_uai":"0753915Y","num_siret":58201716600015,"code_academie":"001","academie":"Paris","dep":"75","sigle_uai":"LG PR","nature_uai":"lyc\u00e9e d'enseignement g\u00e9n\u00e9ral","patronyme":"BLOMET (ENC)","nom_etablissement":"Lyc\u00e9e g\u00e9n\u00e9ral priv\u00e9 Blomet","statut":"priv\u00e9","contrat_etablissement":"lyc\u00e9e priv\u00e9 sous contrat \u00c9ducation nationale","adresse_postale":"5 rue Blomet","code_postal":"75015","code_insee":"75115","libelle":"Paris 15e Arrondissement","telephone":"0140651530","fax":"0140651537","site_web":"http:\/\/blomet-enc.com\/","mail":"direction@blomet-enc.com","ministere_tutelle":"\u00c9ducation nationale","internat":null,"annee_construction":null,"date_maj":"2026-03-12"}},{"type":"Feature","geometry":{"type":"Point","coordinates":[2.4128783264783107,48.84246992363698]},"properties":{"code_uai":"0753935V","num_siret":78440510200020,"code_academie":"001","academie":"Paris","dep":"75","sigle_uai":"LG PR","nature_uai":"lyc\u00e9e d'enseignement g\u00e9n\u00e9ral","patronyme":"ENIO-GEORGES-LEVEN","nom_etablissement":"Lyc\u00e9e g\u00e9n\u00e9ral priv\u00e9 Georges Leven","statut":"priv\u00e9","contrat_etablissement":"lyc\u00e9e priv\u00e9 sous contrat \u00c9ducation nationale","adresse_postale":"30 boulevard Carnot","code_postal":"75012","code_insee":"75112","libelle":"Paris 12e Arrondissement","telephone":"0144738060","fax":"0144738061","site_web":"http:\/\/www.levenaiu.org","mail":"ce.0753935V@ac-paris.fr","ministere_tutelle":"\u00c9ducation nationale","internat":null,"annee_construction":null,"date_maj":"2026-03-12"}},{"type":"Feature","geometry":{"type":"Point","coordinates":[2.4058164609760806,48.763445288126505]},"properties":{"code_uai":"0940885B","num_siret":78569360700018,"code_academie":"024","academie":"Cr\u00e9teil","dep":"94","sigle_uai":"LG PR","nature_uai":"lyc\u00e9e d'enseignement g\u00e9n\u00e9ral","patronyme":"SAINT-ANDR\u00c9","nom_etablissement":"Lyc\u00e9e g\u00e9n\u00e9ral priv\u00e9 Saint Andr\u00e9","statut":"priv\u00e9","contrat_etablissement":"lyc\u00e9e priv\u00e9 sous contrat \u00c9ducation nationale","adresse_postale":"12 avenue L\u00e9on Gourdault","code_postal":"94600","code_insee":"94022","libelle":"Choisy-le-Roi","telephone":"0148847320","fax":null,"site_web":null,"mail":"ce.0940885B@ac-creteil.fr","ministere_tutelle":"\u00c9ducation nationale","internat":null,"annee_construction":null,"date_maj":"2026-03-12"}},{"type":"Feature","geometry":{"type":"Point","coordinates":[2.3562315168482466,48.84080336861821]},"properties":{"code_uai":"0753827C","num_siret":32133701600034,"code_academie":"001","academie":"Paris","dep":"75","sigle_uai":"LG PR","nature_uai":"lyc\u00e9e d'enseignement g\u00e9n\u00e9ral","patronyme":"S\u0152UR-ROSALIE-LOUISE-DE-MARILLAC","nom_etablissement":"Lyc\u00e9e g\u00e9n\u00e9ral priv\u00e9 Louise de Marillac","statut":"priv\u00e9","contrat_etablissement":"lyc\u00e9e priv\u00e9 sous contrat \u00c9ducation nationale","adresse_postale":"32 rue Geoffroy-Saint-Hilaire","code_postal":"75005","code_insee":"75105","libelle":"Paris 5e Arrondissement","telephone":"0143319401","fax":"0143311697","site_web":"www.rosalie-marillac.com","mail":"ce.0753827C@ac-paris.fr","ministere_tutelle":"\u00c9ducation nationale","internat":null,"annee_construction":null,"date_maj":"2026-03-12"}},{"type":"Feature","geometry":{"type":"Point","coordinates":[2.4272259797205877,48.84879538198755]},"properties":{"code_uai":"0941722L","num_siret":77574152300044,"code_academie":"024","academie":"Cr\u00e9teil","dep":"94","sigle_uai":"LP PR","nature_uai":"lyc\u00e9e professionnel","patronyme":"GREGOR-MENDEL (professionnel)","nom_etablissement":"Lyc\u00e9e professionnel priv\u00e9 Gr\u00e9gor Mendel","statut":"priv\u00e9","contrat_etablissement":"lyc\u00e9e priv\u00e9 sous contrat \u00c9ducation nationale","adresse_postale":"205 rue de Fontenay","code_postal":"94300","code_insee":"94080","libelle":"Vincennes","telephone":"0149579700","fax":null,"site_web":null,"mail":"ce.0941722L@ac-creteil.fr","ministere_tutelle":"\u00c9ducation nationale","internat":null,"annee_construction":null,"date_maj":"2026-03-12"}},{"type":"Feature","geometry":{"type":"Point","coordinates":[2.384799669472707,48.861325834815844]},"properties":{"code_uai":"0754089M","num_siret":78480867700057,"code_academie":"001","academie":"Paris","dep":"75","sigle_uai":"LH PR","nature_uai":"\u00e9cole secondaire sp\u00e9cialis\u00e9e (2nd cycle)","patronyme":"VOTRE-ECOLE-CHEZ-VOUS","nom_etablissement":"Lyc\u00e9e France Qu\u00e9r\u00e9 - Votre Ecole chez vous","statut":"priv\u00e9","contrat_etablissement":"lyc\u00e9e priv\u00e9 sous contrat \u00c9ducation nationale","adresse_postale":"29 rue Merlin","code_postal":"75011","code_insee":"75111","libelle":"Paris 11e Arrondissement","telephone":"0148067784","fax":"0148067786","site_web":"http:\/\/www.vecv.org\/v4\/","mail":"ce.0754089M@ac-paris.fr","ministere_tutelle":"\u00c9ducation nationale","internat":null,"annee_construction":null,"date_maj":"2026-03-12"}},{"type":"Feature","geometry":{"type":"Point","coordinates":[3.1503720861693494,48.81341738428854]},"properties":{"code_uai":"0771357G","num_siret":19771357100010,"code_academie":"024","academie":"Cr\u00e9teil","dep":"77","sigle_uai":"LEGTPA","nature_uai":"lyc\u00e9e d'enseignement g\u00e9n\u00e9ral, technologique et professionnel agricole","patronyme":"BRETONNI\u00c8RE (LA)","nom_etablissement":"Lyc\u00e9e d'enseignement g\u00e9n\u00e9ral, technologique et professionnel agricole de la Bretonni\u00e8re","statut":"public","contrat_etablissement":null,"adresse_postale":"La Bretonni\u00e8re","code_postal":"77120","code_insee":"77070","libelle":"Chailly-en-Brie","telephone":"0164758750","fax":null,"site_web":"http:\/\/www.labretonniere.fr","mail":"lpa.chailly-en-brie@educagri.fr","ministere_tutelle":"Agriculture","internat":"Oui","annee_construction":"1957","date_maj":"2026-01-23"}},{"type":"Feature","geometry":{"type":"Point","coordinates":[2.244618065081957,48.94379517462766]},"properties":{"code_uai":"0951998F","num_siret":77568811200033,"code_academie":"025","academie":"Versailles","dep":"95","sigle_uai":"LPO PR METIER","nature_uai":"lyc\u00e9e polyvalent","patronyme":"GARAC","nom_etablissement":"Lyc\u00e9e polyvalent priv\u00e9 de GARAC, lyc\u00e9e des m\u00e9tiers de la vente et de l'apr\u00e8s-vente auto, moto et v\u00e9hicule industriel","statut":"priv\u00e9","contrat_etablissement":"lyc\u00e9e priv\u00e9 sous contrat \u00c9ducation nationale","adresse_postale":"3 boulevard Galli\u00e9ni","code_postal":"95102","code_insee":"95018","libelle":"Argenteuil","telephone":"0134343740","fax":"0134343747","site_web":null,"mail":"ce.0951998F@ac-versailles.fr","ministere_tutelle":"\u00c9ducation nationale","internat":null,"annee_construction":null,"date_maj":"2026-03-12"}},{"type":"Feature","geometry":{"type":"Point","coordinates":[2.3499784057011697,48.87897208776352]},"properties":{"code_uai":"0750674A","num_siret":19750674400014,"code_academie":"001","academie":"Paris","dep":"75","sigle_uai":"LT","nature_uai":"lyc\u00e9e d'enseignement technologique","patronyme":"JULES-SIEGFRIED","nom_etablissement":"Lyc\u00e9e technologique Jules Siegfried","statut":"public","contrat_etablissement":null,"adresse_postale":"12 rue d'Abbeville","code_postal":"75010","code_insee":"75110","libelle":"Paris 10e Arrondissement","telephone":"0145265095","fax":"0145260560","site_web":"https:\/\/www.ac-paris.fr\/serail\/jcms\/s2_1662876\/fr\/lycee-jules-siegfried","mail":"ce.0750674A@ac-paris.fr","ministere_tutelle":"\u00c9ducation nationale","internat":null,"annee_construction":null,"date_maj":"2026-03-12"}},{"type":"Feature","geometry":{"type":"Point","coordinates":[2.154382324959962,48.80406812324078]},"properties":{"code_uai":"0783053V","num_siret":78515039200013,"code_academie":"025","academie":"Versailles","dep":"78","sigle_uai":"STS CPGE","nature_uai":"\u00e9cole compos\u00e9e uniquement de sections de technicien sup\u00e9rieur (STS) et\/ou de classes pr\u00e9paratoires aux grandes \u00e9coles (CPGE)","patronyme":"SAINTE-GENEVI\u00c8VE","nom_etablissement":"Ecole Sup\u00e9rieure Priv\u00e9e - Sainte Genevi\u00e8ve","statut":"priv\u00e9","contrat_etablissement":"lyc\u00e9e priv\u00e9 sous contrat \u00c9ducation nationale","adresse_postale":"2 rue de l'Ecole des Postes","code_postal":"78000","code_insee":"78646","libelle":"Versailles","telephone":"0130844600","fax":"0130844631","site_web":null,"mail":null,"ministere_tutelle":"\u00c9ducation nationale","internat":null,"annee_construction":null,"date_maj":"2026-03-12"}},{"type":"Feature","geometry":{"type":"Point","coordinates":[2.085126295580266,48.99018362113822]},"properties":{"code_uai":"0780486E","num_siret":19780486700012,"code_academie":"025","academie":"Versailles","dep":"78","sigle_uai":"E.R.P.D.PU","nature_uai":"\u00e9cole r\u00e9gionale du premier degr\u00e9","patronyme":"BATELLERIE (LA)","nom_etablissement":"Ecole r\u00e9gionale du premier degr\u00e9","statut":"public","contrat_etablissement":null,"adresse_postale":"36 quai de la R\u00e9publique","code_postal":"78700","code_insee":"78172","libelle":"Conflans-Sainte-Honorine","telephone":"0139721155","fax":"0139196000","site_web":"http:\/\/www.erpd-conflans.ac-versailles.fr\/","mail":"ce.0780486E@ac-versailles.fr","ministere_tutelle":"\u00c9ducation nationale","internat":"Oui","annee_construction":"1923","date_maj":"2026-03-05"}},{"type":"Feature","geometry":{"type":"Point","coordinates":[2.233578035914618,48.718964780351044]},"properties":{"code_uai":"0911938M","num_siret":19911938900013,"code_academie":"025","academie":"Versailles","dep":"91","sigle_uai":"LGT","nature_uai":"lyc\u00e9e d'enseignement g\u00e9n\u00e9ral et technologique","patronyme":"CAMILLE-CLAUDEL","nom_etablissement":"Lyc\u00e9e g\u00e9n\u00e9ral et technologique Camille Claudel","statut":"public","contrat_etablissement":null,"adresse_postale":"17 rue Robespierre","code_postal":"91120","code_insee":"91477","libelle":"Palaiseau","telephone":"0160142929","fax":"0169310265","site_web":"http:\/\/www.lyc-claudel-palaiseau.ac-versailles.fr\/","mail":"ce.0911938M@ac-versailles.fr","ministere_tutelle":"\u00c9ducation nationale","internat":null,"annee_construction":"1990","date_maj":"2026-03-12"}},{"type":"Feature","geometry":{"type":"Point","coordinates":[2.2377555858554516,48.83336175924513]},"properties":{"code_uai":"0920134W","num_siret":19920134400017,"code_academie":"025","academie":"Versailles","dep":"92","sigle_uai":"LGT","nature_uai":"lyc\u00e9e d'enseignement g\u00e9n\u00e9ral et technologique","patronyme":"JACQUES-PR\u00c9VERT","nom_etablissement":"Lyc\u00e9e g\u00e9n\u00e9ral et technologique Jacques Pr\u00e9vert","statut":"public","contrat_etablissement":null,"adresse_postale":"163 rue DE BILLANCOURT","code_postal":"92100","code_insee":"92012","libelle":"Boulogne-Billancourt","telephone":"0141318383","fax":"0141318388","site_web":null,"mail":"ce.0920134W@ac-versailles.fr","ministere_tutelle":"\u00c9ducation nationale","internat":null,"annee_construction":"1968","date_maj":"2024-05-31"}},{"type":"Feature","geometry":{"type":"Point","coordinates":[2.306685322621193,48.77746187786867]},"properties":{"code_uai":"0920145H","num_siret":19920145000012,"code_academie":"025","academie":"Versailles","dep":"92","sigle_uai":"LGT","nature_uai":"lyc\u00e9e d'enseignement g\u00e9n\u00e9ral et technologique","patronyme":"LAKANAL","nom_etablissement":"Lyc\u00e9e g\u00e9n\u00e9ral et technologique Lakanal","statut":"public","contrat_etablissement":null,"adresse_postale":"3 avenue PDT FRANKLIN ROOSEVELT","code_postal":"92331","code_insee":"92071","libelle":"Sceaux","telephone":"0141872000","fax":"0141872020","site_web":"http:\/\/www.lyc-lakanal-sceaux.ac-versailles.fr\/","mail":"ce.0920145H@ac-versailles.fr","ministere_tutelle":"\u00c9ducation nationale","internat":"Oui","annee_construction":"1881","date_maj":"2026-01-22"}},{"type":"Feature","geometry":{"type":"Point","coordinates":[2.470063843147651,48.810377748900095]},"properties":{"code_uai":"0940120V","num_siret":19940120900010,"code_academie":"024","academie":"Cr\u00e9teil","dep":"94","sigle_uai":"LGT","nature_uai":"lyc\u00e9e d'enseignement g\u00e9n\u00e9ral et technologique","patronyme":"MARCELIN-BERTHELOT","nom_etablissement":"Lyc\u00e9e g\u00e9n\u00e9ral et technologique Marcelin Berthelot","statut":"public","contrat_etablissement":null,"adresse_postale":"6 boulevard Maurice Berteaux","code_postal":"94100","code_insee":"94068","libelle":"Saint-Maur-des-Foss\u00e9s","telephone":"0145115111","fax":null,"site_web":"http:\/\/www.lycee-berthelot.fr\/","mail":"ce.0940120V@ac-creteil.fr","ministere_tutelle":"\u00c9ducation nationale","internat":"Oui","annee_construction":"1939","date_maj":"2026-03-12"}},{"type":"Feature","geometry":{"type":"Point","coordinates":[2.408337842697979,48.847671009915615]},"properties":{"code_uai":"0750715V","num_siret":19750715500012,"code_academie":"001","academie":"Paris","dep":"75","sigle_uai":"LGT","nature_uai":"lyc\u00e9e d'enseignement g\u00e9n\u00e9ral et technologique","patronyme":"MAURICE-RAVEL","nom_etablissement":"Lyc\u00e9e g\u00e9n\u00e9ral et technologique Maurice Ravel","statut":"public","contrat_etablissement":null,"adresse_postale":"89 cours DE VINCENNES","code_postal":"75020","code_insee":"75120","libelle":"Paris 20e Arrondissement","telephone":"0144648740","fax":"0143726421","site_web":"http:\/\/www.lycee-maurice-ravel.fr\/","mail":"ce.0750715V@ac-paris.fr","ministere_tutelle":"\u00c9ducation nationale","internat":"Oui","annee_construction":"1955","date_maj":"2026-02-06"}},{"type":"Feature","geometry":{"type":"Point","coordinates":[1.922362889113734,48.97699910971362]},"properties":{"code_uai":"0780422K","num_siret":19780422200028,"code_academie":"025","academie":"Versailles","dep":"78","sigle_uai":"LGT","nature_uai":"lyc\u00e9e d'enseignement g\u00e9n\u00e9ral et technologique","patronyme":"FRANCOIS-VILLON","nom_etablissement":"Lyc\u00e9e g\u00e9n\u00e9ral et technologique Fran\u00e7ois Villon","statut":"public","contrat_etablissement":null,"adresse_postale":"Rue Salvador Allende","code_postal":"78131","code_insee":"78440","libelle":"Les Mureaux","telephone":"0130992001","fax":"0134920326","site_web":"http:\/\/www.lyc-villon-mureaux.ac-versailles.fr\/","mail":"ce.0780422K@ac-versailles.fr","ministere_tutelle":"\u00c9ducation nationale","internat":null,"annee_construction":"1982","date_maj":"2026-03-12"}},{"type":"Feature","geometry":{"type":"Point","coordinates":[2.38490836087795,48.86551193424212]},"properties":{"code_uai":"0755025E","num_siret":49025488500018,"code_academie":"001","academie":"Paris","dep":"75","sigle_uai":"LG PR","nature_uai":"lyc\u00e9e d'enseignement g\u00e9n\u00e9ral","patronyme":"HEIKHAL-MENAHEM-SINAI","nom_etablissement":"Lyc\u00e9e g\u00e9n\u00e9ral priv\u00e9 Heikhal Menahem Sinai","statut":"priv\u00e9","contrat_etablissement":"lyc\u00e9e priv\u00e9 sous contrat \u00c9ducation nationale","adresse_postale":"110 boulevard de M\u00e9nilmontant","code_postal":"75020","code_insee":"75120","libelle":"Paris 20e Arrondissement","telephone":"0140338846","fax":"0140338867","site_web":null,"mail":"ce.0755025E@ac-paris.fr","ministere_tutelle":"\u00c9ducation nationale","internat":null,"annee_construction":null,"date_maj":"2026-03-12"}},{"type":"Feature","geometry":{"type":"Point","coordinates":[2.2840568034401647,48.89866728662469]},"properties":{"code_uai":"0923051S","num_siret":49025488500026,"code_academie":"025","academie":"Versailles","dep":"92","sigle_uai":"LG PR","nature_uai":"lyc\u00e9e d'enseignement g\u00e9n\u00e9ral","patronyme":"BETH HILEL","nom_etablissement":"Lyc\u00e9e g\u00e9n\u00e9ral priv\u00e9 Beth Hilel","statut":"priv\u00e9","contrat_etablissement":"lyc\u00e9e priv\u00e9 sous contrat \u00c9ducation nationale","adresse_postale":"18 rue Cl\u00e9ment Bayard","code_postal":"92300","code_insee":"92044","libelle":"Levallois-Perret","telephone":"0760368484","fax":null,"site_web":null,"mail":"collegebethhilel@gmail.com","ministere_tutelle":"\u00c9ducation nationale","internat":null,"annee_construction":null,"date_maj":"2026-03-12"}},{"type":"Feature","geometry":{"type":"Point","coordinates":[2.3703836823888307,48.84759510936236]},"properties":{"code_uai":"0750783U","num_siret":19750783300014,"code_academie":"001","academie":"Paris","dep":"75","sigle_uai":"LP","nature_uai":"lyc\u00e9e professionnel","patronyme":"CHENNEVIERE-MALEZIEUX","nom_etablissement":"Lyc\u00e9e professionnel Chennevi\u00e8re Malezieux","statut":"public","contrat_etablissement":null,"adresse_postale":"33 avenue Ledru-Rollin","code_postal":"75012","code_insee":"75112","libelle":"Paris 12e Arrondissement","telephone":"0143456130","fax":"0144689032","site_web":"http:\/\/www.lpcm12.fr\/","mail":"ce.0750783U@ac-paris.fr","ministere_tutelle":"\u00c9ducation nationale","internat":null,"annee_construction":null,"date_maj":"2026-03-12"}},{"type":"Feature","geometry":{"type":"Point","coordinates":[2.326302358789236,48.83332308596032]},"properties":{"code_uai":"0752846L","num_siret":19752846600018,"code_academie":"001","academie":"Paris","dep":"75","sigle_uai":"LP","nature_uai":"lyc\u00e9e professionnel","patronyme":"ERIK-SATIE","nom_etablissement":"Lyc\u00e9e Professionnel Erik Satie - Lyc\u00e9e des m\u00e9tiers de la gestion et de la transaction des professions immobili\u00e8res","statut":"public","contrat_etablissement":null,"adresse_postale":"2 rue PIERRE CASTAGNOU","code_postal":"75014","code_insee":"75114","libelle":"Paris 14e Arrondissement","telephone":"0156535232","fax":"0156535249","site_web":"lyc-erik-satie.ac-paris.fr\/","mail":"ce.0752846L@ac-paris.fr","ministere_tutelle":"\u00c9ducation nationale","internat":null,"annee_construction":"1850","date_maj":"2026-01-20"}},{"type":"Feature","geometry":{"type":"Point","coordinates":[2.412790953648731,48.8184186264776]},"properties":{"code_uai":"0941974K","num_siret":19941974800025,"code_academie":"024","academie":"Cr\u00e9teil","dep":"94","sigle_uai":"LPO","nature_uai":"lyc\u00e9e polyvalent","patronyme":"ROBERT-SCHUMAN","nom_etablissement":"Lyc\u00e9e polyvalent Robert Schuman","statut":"public","contrat_etablissement":null,"adresse_postale":"2 rue DE L'EMBARCADERE","code_postal":"94220","code_insee":"94018","libelle":"Charenton-le-Pont","telephone":"0143689559","fax":"0149776655","site_web":"https:\/\/lyceerobertschuman-charenton.fr\/","mail":"ce.0941974K@ac-creteil.fr","ministere_tutelle":"\u00c9ducation nationale","internat":null,"annee_construction":"2009","date_maj":"2026-01-13"}},{"type":"Feature","geometry":{"type":"Point","coordinates":[2.2147919198224715,48.99108067569529]},"properties":{"code_uai":"0951722F","num_siret":19951722800011,"code_academie":"025","academie":"Versailles","dep":"95","sigle_uai":"LPO","nature_uai":"lyc\u00e9e polyvalent","patronyme":"JEAN-MONNET","nom_etablissement":"Lyc\u00e9e polyvalent Jean Monnet","statut":"public","contrat_etablissement":null,"adresse_postale":"Rue JEAN MONNET","code_postal":"95131","code_insee":"95252","libelle":"Franconville","telephone":"0130724661","fax":"0130725136","site_web":"http:\/\/www.lyc-monnet-franconville.ac-versailles.fr\/","mail":"ce.0951722F@ac-versailles.fr","ministere_tutelle":"\u00c9ducation nationale","internat":null,"annee_construction":"1990","date_maj":"2026-01-26"}},{"type":"Feature","geometry":{"type":"Point","coordinates":[2.3267613725902385,48.7095922774075]},"properties":{"code_uai":"0911945V","num_siret":19911945400015,"code_academie":"025","academie":"Versailles","dep":"91","sigle_uai":"LPO","nature_uai":"lyc\u00e9e polyvalent","patronyme":"MARGUERITE-YOURCENAR","nom_etablissement":"Lyc\u00e9e polyvalent Marguerite Yourcenar","statut":"public","contrat_etablissement":null,"adresse_postale":"62 rue des Edouets","code_postal":"91421","code_insee":"91432","libelle":"Morangis","telephone":"0160491600","fax":"0164485081","site_web":"http:\/\/www.lyc-yourcenar-morangis.ac-versailles.fr\/","mail":"ce.0911945V@ac-versailles.fr","ministere_tutelle":"\u00c9ducation nationale","internat":null,"annee_construction":"1990","date_maj":"2026-03-12"}},{"type":"Feature","geometry":{"type":"Point","coordinates":[2.094249472902434,49.04102795695964]},"properties":{"code_uai":"0950762M","num_siret":39062446800018,"code_academie":"025","academie":"Versailles","dep":"95","sigle_uai":"LGT PR","nature_uai":"lyc\u00e9e d'enseignement g\u00e9n\u00e9ral et technologique","patronyme":"SAINT-MARTIN-DE-FRANCE","nom_etablissement":"Lyc\u00e9e g\u00e9n\u00e9ral et technologique priv\u00e9 Saint Martin de France","statut":"priv\u00e9","contrat_etablissement":"lyc\u00e9e priv\u00e9 sous contrat \u00c9ducation nationale","adresse_postale":"1 avenue de Verdun","code_postal":"95300","code_insee":"95500","libelle":"Pontoise","telephone":"0134254800","fax":"0130326250","site_web":null,"mail":"ce.0950762M@ac-versailles.fr","ministere_tutelle":"\u00c9ducation nationale","internat":null,"annee_construction":null,"date_maj":"2026-03-12"}},{"type":"Feature","geometry":{"type":"Point","coordinates":[2.2819497690204846,49.002273389132945]},"properties":{"code_uai":"0950759J","num_siret":31107901600029,"code_academie":"025","academie":"Versailles","dep":"95","sigle_uai":"LGT PR","nature_uai":"lyc\u00e9e d'enseignement g\u00e9n\u00e9ral et technologique","patronyme":"BURY-ROSAIRE","nom_etablissement":"Lyc\u00e9e g\u00e9n\u00e9ral et technologique priv\u00e9 Notre Dame de Bury","statut":"priv\u00e9","contrat_etablissement":"lyc\u00e9e priv\u00e9 sous contrat \u00c9ducation nationale","adresse_postale":"1 avenue Georges Pompidou","code_postal":"95580","code_insee":"95369","libelle":"Margency","telephone":"0134273800","fax":"0134273802","site_web":null,"mail":"ce.0950759J@ac-versailles.fr","ministere_tutelle":"\u00c9ducation nationale","internat":null,"annee_construction":null,"date_maj":"2026-03-12"}},{"type":"Feature","geometry":{"type":"Point","coordinates":[2.0699372042700968,49.059309455506416]},"properties":{"code_uai":"0950804H","num_siret":40351492000012,"code_academie":"025","academie":"Versailles","dep":"95","sigle_uai":"LP PR","nature_uai":"lyc\u00e9e professionnel","patronyme":"SAINT-STANISLAS (NOTRE-FAMILLE)","nom_etablissement":"Lyc\u00e9e professionnel priv\u00e9 Notre-Famille","statut":"priv\u00e9","contrat_etablissement":"lyc\u00e9e priv\u00e9 sous contrat \u00c9ducation nationale","adresse_postale":"2 rue des Patis","code_postal":"95520","code_insee":"95476","libelle":"Osny","telephone":"0134353120","fax":"0130383325","site_web":null,"mail":"ce.0950804H@ac-versailles.fr","ministere_tutelle":"\u00c9ducation nationale","internat":null,"annee_construction":null,"date_maj":"2026-03-12"}},{"type":"Feature","geometry":{"type":"Point","coordinates":[2.4004245248126694,48.80173033946394]},"properties":{"code_uai":"0940129E","num_siret":19940129000010,"code_academie":"024","academie":"Cr\u00e9teil","dep":"94","sigle_uai":"LPO LYC METIER","nature_uai":"lyc\u00e9e polyvalent","patronyme":"JEAN-MAC\u00c9","nom_etablissement":"Lyc\u00e9e polyvalent Jean Mac\u00e9 - Lyc\u00e9e des m\u00e9tiers de la M\u00e9tallurgie, de l'Electrotechnique et de la Maintenance Industrielle","statut":"public","contrat_etablissement":null,"adresse_postale":"34 Rue Jules Ferry","code_postal":"94407","code_insee":"94081","libelle":"Vitry-sur-Seine","telephone":"0145736300","fax":"0146822880","site_web":"https:\/\/lyceejeanmace-vitry.fr\/","mail":"ce.0940129E@ac-creteil.fr","ministere_tutelle":"\u00c9ducation nationale","internat":null,"annee_construction":"1967","date_maj":"2026-01-14"}},{"type":"Feature","geometry":{"type":"Point","coordinates":[2.4339103792224206,48.63762492459821]},"properties":{"code_uai":"0911254U","num_siret":19911254100016,"code_academie":"025","academie":"Versailles","dep":"91","sigle_uai":"LPO LYC METIER","nature_uai":"lyc\u00e9e polyvalent","patronyme":"CHARLES-BAUDELAIRE","nom_etablissement":"Lyc\u00e9e polyvalent Charles Baudelaire, lyc\u00e9e des m\u00e9tiers de la relation client, de la beaut\u00e9, du soin et des services \u00e0 la personne","statut":"public","contrat_etablissement":null,"adresse_postale":"Avenue de la Libert\u00e9","code_postal":"91000","code_insee":"91228","libelle":"\u00c9vry-Courcouronnes","telephone":"0160912700","fax":"0160771430","site_web":"http:\/\/www.lyc-baudelaire-evry.ac-versailles.fr\/","mail":"ce.0911254U@ac-versailles.fr","ministere_tutelle":"\u00c9ducation nationale","internat":null,"annee_construction":"1972","date_maj":"2026-03-12"}},{"type":"Feature","geometry":{"type":"Point","coordinates":[2.380199229318557,48.69576646792082]},"properties":{"code_uai":"0910631S","num_siret":19910631100012,"code_academie":"025","academie":"Versailles","dep":"91","sigle_uai":"LP LYC METIER","nature_uai":"lyc\u00e9e professionnel","patronyme":"JEAN-MONNET","nom_etablissement":"Lyc\u00e9e professionnel Jean Monnet - Lyc\u00e9e des m\u00e9tiers des services,  de la confection et de la maroquinerie","statut":"public","contrat_etablissement":null,"adresse_postale":"51 avenue du G\u00e9n\u00e9ral de Gaulle","code_postal":"91260","code_insee":"91326","libelle":"Juvisy-sur-Orge","telephone":"0169124450","fax":"0169124451","site_web":"http:\/\/www.lyc-monnet-juvisy.ac-versailles.fr\/","mail":"ce.0910631S@ac-versailles.fr","ministere_tutelle":"\u00c9ducation nationale","internat":null,"annee_construction":"1990","date_maj":"2026-03-12"}},{"type":"Feature","geometry":{"type":"Point","coordinates":[2.406968028836891,48.84781801734053]},"properties":{"code_uai":"0750714U","num_siret":19750714800017,"code_academie":"001","academie":"Paris","dep":"75","sigle_uai":"LG","nature_uai":"lyc\u00e9e d'enseignement g\u00e9n\u00e9ral","patronyme":"H\u00c9L\u00c8NE-BOUCHER","nom_etablissement":"Lyc\u00e9e g\u00e9n\u00e9ral et technologique H\u00e9l\u00e8ne Boucher","statut":"public","contrat_etablissement":null,"adresse_postale":"75 COURS DE VINCENNES","code_postal":"75020","code_insee":"75120","libelle":"Paris 20e Arrondissement","telephone":"0155256500","fax":"0143722044","site_web":"https:\/\/www.ac-paris.fr\/serail\/jcms\/s2_94920\/fr\/accueil","mail":"ce.0750714U@ac-paris.fr","ministere_tutelle":"\u00c9ducation nationale","internat":null,"annee_construction":"1938","date_maj":"2026-02-03"}},{"type":"Feature","geometry":{"type":"Point","coordinates":[2.2376805897512924,48.97057767554666]},"properties":{"code_uai":"0950983C","num_siret":19950983700027,"code_academie":"025","academie":"Versailles","dep":"95","sigle_uai":"EREA","nature_uai":"\u00e9tablissement r\u00e9gional d\u2019enseignement adapt\u00e9","patronyme":"TOUR-DU-MAIL (LA)","nom_etablissement":"Etablissement r\u00e9gional d'enseignement adapt\u00e9 La Tour du Mail","statut":"public","contrat_etablissement":null,"adresse_postale":"70 chemin de la Tour du Mail","code_postal":"95112","code_insee":"95582","libelle":"Sannois","telephone":"0139800154","fax":"0139800583","site_web":"http:\/\/www.erea-sannois.ac-versailles.fr\/","mail":"ce.0950983C@ac-versailles.fr","ministere_tutelle":"\u00c9ducation nationale","internat":"Oui","annee_construction":"1997","date_maj":"2026-03-12"}},{"type":"Feature","geometry":{"type":"Point","coordinates":[2.2556590694037655,48.7674608290212]},"properties":{"code_uai":"0921166T","num_siret":19921166500013,"code_academie":"025","academie":"Versailles","dep":"92","sigle_uai":"LPO","nature_uai":"lyc\u00e9e polyvalent","patronyme":"MISSAK-&-MELINEE-MANOUCHIAN","nom_etablissement":"Lyc\u00e9e polyvalent Missak et M\u00e9lin\u00e9e Manouchian","statut":"public","contrat_etablissement":null,"adresse_postale":"280 avenue Jean Jaur\u00e8s","code_postal":"92290","code_insee":"92019","libelle":"Ch\u00e2tenay-Malabry","telephone":"0140834000","fax":"0140834040","site_web":"http:\/\/www.lyc-jaures-chatenay.ac-versailles.fr\/","mail":"ce.0921166T@ac-versailles.fr","ministere_tutelle":"\u00c9ducation nationale","internat":null,"annee_construction":"1969","date_maj":"2026-03-12"}},{"type":"Feature","geometry":{"type":"Point","coordinates":[2.068838258222128,49.06969040308094]},"properties":{"code_uai":"0951937P","num_siret":19951937200015,"code_academie":"025","academie":"Versailles","dep":"95","sigle_uai":"LPO","nature_uai":"lyc\u00e9e polyvalent","patronyme":"PAUL-EMILE-VICTOR","nom_etablissement":"Lyc\u00e9e polyvalent Paul-Emile Victor","statut":"public","contrat_etablissement":null,"adresse_postale":"116 rue DE LIVILLIERS","code_postal":"95520","code_insee":"95476","libelle":"Osny","telephone":"0134351414","fax":"0134351400","site_web":"http:\/\/www.lyc-victor-osny.ac-versailles.fr\/wp\/","mail":"ce.0951937P@ac-versailles.fr","ministere_tutelle":"\u00c9ducation nationale","internat":null,"annee_construction":"1996","date_maj":"2026-01-29"}},{"type":"Feature","geometry":{"type":"Point","coordinates":[2.3750203307907487,48.85457591972869]},"properties":{"code_uai":"0750558Z","num_siret":19750558900030,"code_academie":"001","academie":"Paris","dep":"75","sigle_uai":"LPO","nature_uai":"lyc\u00e9e polyvalent","patronyme":"PAUL-POIRET","nom_etablissement":"Lyc\u00e9e polyvalent Paul Poiret","statut":"public","contrat_etablissement":null,"adresse_postale":"19 rue des Taillandiers","code_postal":"75011","code_insee":"75111","libelle":"Paris 11e Arrondissement","telephone":"0155288200","fax":"0155288219","site_web":"http:\/\/lycee-paul-poiret.org\/","mail":"ce.0750558Z@ac-paris.fr","ministere_tutelle":"\u00c9ducation nationale","internat":null,"annee_construction":null,"date_maj":"2026-03-12"}},{"type":"Feature","geometry":{"type":"Point","coordinates":[2.518773070699601,48.899692014794915]},"properties":{"code_uai":"0932222K","num_siret":19932222300017,"code_academie":"024","academie":"Cr\u00e9teil","dep":"93","sigle_uai":"LPO","nature_uai":"lyc\u00e9e polyvalent","patronyme":"REN\u00c9-CASSIN","nom_etablissement":"Lyc\u00e9e polyvalent Ren\u00e9 Cassin","statut":"public","contrat_etablissement":null,"adresse_postale":"16 all\u00e9e DES BOSQUETS","code_postal":"93340","code_insee":"93062","libelle":"Le Raincy","telephone":"0143013030","fax":"0143010462","site_web":"http:\/\/www.lyceecassin-leraincy.fr\/","mail":"ce.0932222K@ac-creteil.fr","ministere_tutelle":"\u00c9ducation nationale","internat":null,"annee_construction":"1880","date_maj":"2026-03-12"}},{"type":"Feature","geometry":{"type":"Point","coordinates":[1.824599290211812,48.640987015077634]},"properties":{"code_uai":"0782549X","num_siret":19782549000018,"code_academie":"025","academie":"Versailles","dep":"78","sigle_uai":"LPO","nature_uai":"lyc\u00e9e polyvalent","patronyme":"LOUIS-BASCAN","nom_etablissement":"Lyc\u00e9e polyvalent Louis Bascan","statut":"public","contrat_etablissement":null,"adresse_postale":"5 avenue du G\u00e9n\u00e9ral Leclerc","code_postal":"78513","code_insee":"78517","libelle":"Rambouillet","telephone":"0134836400","fax":"0134830566","site_web":"https:\/\/lyc-bascan.fr\/","mail":"ce.0782549X@ac-versailles.fr","ministere_tutelle":"\u00c9ducation nationale","internat":"Oui","annee_construction":"1960","date_maj":"2026-03-12"}},{"type":"Feature","geometry":{"type":"Point","coordinates":[2.5465449256491284,48.96013097773987]},"properties":{"code_uai":"0931584S","num_siret":19931584700012,"code_academie":"024","academie":"Cr\u00e9teil","dep":"93","sigle_uai":"LPO","nature_uai":"lyc\u00e9e polyvalent","patronyme":"JEAN-ROSTAND","nom_etablissement":"Lyc\u00e9e polyvalent Jean Rostand","statut":"public","contrat_etablissement":null,"adresse_postale":"8 rue PIERRE AUDAT","code_postal":"93420","code_insee":"93078","libelle":"Villepinte","telephone":"0149362444","fax":"0143847063","site_web":"http:\/\/lycee-jeanrostand.fr\/","mail":"ce.0931584S@ac-creteil.fr","ministere_tutelle":"\u00c9ducation nationale","internat":null,"annee_construction":"1977","date_maj":"2026-03-12"}},{"type":"Feature","geometry":{"type":"Point","coordinates":[2.9657519883324985,49.02049045715237]},"properties":{"code_uai":"0771658J","num_siret":19771658200014,"code_academie":"024","academie":"Cr\u00e9teil","dep":"77","sigle_uai":"LPO","nature_uai":"lyc\u00e9e polyvalent","patronyme":"GU\u00c9-A-TRESMES (DU)","nom_etablissement":"Lyc\u00e9e polyvalent du Gu\u00e9 \u00e0 Tresmes","statut":"public","contrat_etablissement":null,"adresse_postale":"1 ROUTE DE CONGIS","code_postal":"77440","code_insee":"77126","libelle":"Congis-sur-Th\u00e9rouanne","telephone":"0164355256","fax":"0164355956","site_web":"http:\/\/gueatres.cluster014.ovh.net\/","mail":"ce.0771658J@ac-creteil.fr","ministere_tutelle":"\u00c9ducation nationale","internat":"Oui","annee_construction":null,"date_maj":"2026-03-12"}},{"type":"Feature","geometry":{"type":"Point","coordinates":[2.7119741963317705,48.26198129575448]},"properties":{"code_uai":"0770940D","num_siret":19770940500017,"code_academie":"024","academie":"Cr\u00e9teil","dep":"77","sigle_uai":"LPO","nature_uai":"lyc\u00e9e polyvalent","patronyme":"\u00c9TIENNE-BEZOUT","nom_etablissement":"Lyc\u00e9e polyvalent Etienne Bezout","statut":"public","contrat_etablissement":null,"adresse_postale":"31 avenue ETIENNE DAILLY","code_postal":"77791","code_insee":"77333","libelle":"Nemours","telephone":"0164455030","fax":"0164455028","site_web":"http:\/\/lyceebezout77.fr\/","mail":"ce.0770940D@ac-creteil.fr","ministere_tutelle":"\u00c9ducation nationale","internat":null,"annee_construction":"1992","date_maj":"2026-03-12"}},{"type":"Feature","geometry":{"type":"Point","coordinates":[2.39587754134031,48.88151208852299]},"properties":{"code_uai":"0750712S","num_siret":19750712200038,"code_academie":"001","academie":"Paris","dep":"75","sigle_uai":"LPO","nature_uai":"lyc\u00e9e polyvalent","patronyme":"DIDEROT","nom_etablissement":"Lyc\u00e9e polyvalent Diderot - Lyc\u00e9e des m\u00e9tiers de l'ing\u00e9nierie industrielle et de l'horlogerie","statut":"public","contrat_etablissement":null,"adresse_postale":"61 rue DAVID D'ANGERS","code_postal":"75019","code_insee":"75119","libelle":"Paris 19e Arrondissement","telephone":"0140403636","fax":"0140403674","site_web":"http:\/\/www.diderot.org\/","mail":"ce.0750712S@ac-paris.fr","ministere_tutelle":"\u00c9ducation nationale","internat":null,"annee_construction":"1873","date_maj":"2026-01-14"}},{"type":"Feature","geometry":{"type":"Point","coordinates":[2.3726972336203542,48.89267490133086]},"properties":{"code_uai":"0750802P","num_siret":19750802100015,"code_academie":"001","academie":"Paris","dep":"75","sigle_uai":"LP LYC METIER","nature_uai":"lyc\u00e9e professionnel","patronyme":"HECTOR-GUIMARD","nom_etablissement":"Lyc\u00e9e professionnel Hector Guimard","statut":"public","contrat_etablissement":null,"adresse_postale":"19 RUE CURIAL","code_postal":"75019","code_insee":"75119","libelle":"Paris 19e Arrondissement","telephone":"0140377447","fax":"0140355353","site_web":"https:\/\/www.ac-paris.fr\/serail\/jcms\/s2_1680000\/fr\/lycee-hector-guimard-paris","mail":"ce.0750802P@ac-paris.fr","ministere_tutelle":"\u00c9ducation nationale","internat":"Oui","annee_construction":"1962","date_maj":"2026-01-19"}},{"type":"Feature","geometry":{"type":"Point","coordinates":[2.433930396204496,48.68169682267596]},"properties":{"code_uai":"0910755B","num_siret":19910755800025,"code_academie":"025","academie":"Versailles","dep":"91","sigle_uai":"LPO LYC METIER","nature_uai":"lyc\u00e9e polyvalent","patronyme":"NADAR","nom_etablissement":"Lyc\u00e9e polyvalent Nadar","statut":"public","contrat_etablissement":null,"adresse_postale":"42 bis rue Charles Mory","code_postal":"91210","code_insee":"91201","libelle":"Draveil","telephone":"0169403810","fax":"0169033946","site_web":"http:\/\/www.lyc-nadar-draveil.ac-versailles.fr","mail":"ce.0910755B@ac-versailles.fr","ministere_tutelle":"\u00c9ducation nationale","internat":null,"annee_construction":"2002","date_maj":"2026-03-12"}},{"type":"Feature","geometry":{"type":"Point","coordinates":[2.226456400265103,48.9515948936067]},"properties":{"code_uai":"0951811C","num_siret":19951811900011,"code_academie":"025","academie":"Versailles","dep":"95","sigle_uai":"LPO LYC METIER","nature_uai":"lyc\u00e9e polyvalent","patronyme":"FERNAND-ET-NADIA-L\u00c9GER","nom_etablissement":"Lyc\u00e9e polyvalent Fernand et Nadia L\u00e9ger, lyc\u00e9e des m\u00e9tiers du social, de la sant\u00e9, des services","statut":"public","contrat_etablissement":null,"adresse_postale":"7 all\u00e9e F ET N LEGER","code_postal":"95104","code_insee":"95018","libelle":"Argenteuil","telephone":"0139984343","fax":"0139984364","site_web":"http:\/\/www.lyc-leger-argenteuil.ac-versailles.fr\/","mail":"ce.0951811C@ac-versailles.fr","ministere_tutelle":"\u00c9ducation nationale","internat":null,"annee_construction":"1969","date_maj":"2026-02-05"}},{"type":"Feature","geometry":{"type":"Point","coordinates":[2.2337704545450974,48.83217609213943]},"properties":{"code_uai":"0922443F","num_siret":19920152600027,"code_academie":"025","academie":"Versailles","dep":"92","sigle_uai":"LPO LYC METIER","nature_uai":"lyc\u00e9e polyvalent","patronyme":"ETIENNE-JULES-MAREY","nom_etablissement":"Lyc\u00e9e polyvalent Etienne-Jules Marey","statut":"public","contrat_etablissement":null,"adresse_postale":"154 rue DE SILLY","code_postal":"92100","code_insee":"92012","libelle":"Boulogne-Billancourt","telephone":"0146050126","fax":"0146050315","site_web":"http:\/\/www.lyc-marey-boulogne.ac-versailles.fr\/","mail":"ce.0922443F@ac-versailles.fr","ministere_tutelle":"\u00c9ducation nationale","internat":null,"annee_construction":"1991","date_maj":"2026-01-15"}},{"type":"Feature","geometry":{"type":"Point","coordinates":[2.3163135801524977,48.781713140539594]},"properties":{"code_uai":"0920906K","num_siret":77572280400017,"code_academie":"025","academie":"Versailles","dep":"92","sigle_uai":"LGT PR","nature_uai":"lyc\u00e9e d'enseignement g\u00e9n\u00e9ral et technologique","patronyme":"NOTRE-DAME","nom_etablissement":"Lyc\u00e9e g\u00e9n\u00e9ral et technologique priv\u00e9 Notre-Dame","statut":"priv\u00e9","contrat_etablissement":"lyc\u00e9e priv\u00e9 sous contrat \u00c9ducation nationale","adresse_postale":"65 avenue du G\u00e9n\u00e9ral Leclerc","code_postal":"92340","code_insee":"92014","libelle":"Bourg-la-Reine","telephone":"0141134242","fax":"0146608351","site_web":null,"mail":"ce.0920906K@ac-versailles.fr","ministere_tutelle":"\u00c9ducation nationale","internat":null,"annee_construction":null,"date_maj":"2026-03-12"}},{"type":"Feature","geometry":{"type":"Point","coordinates":[2.3310526394543585,48.84373834521648]},"properties":{"code_uai":"0753842U","num_siret":77566400600035,"code_academie":"001","academie":"Paris","dep":"75","sigle_uai":"LGT PR","nature_uai":"lyc\u00e9e d'enseignement g\u00e9n\u00e9ral et technologique","patronyme":"NOTRE-DAME-DE-SION","nom_etablissement":"Lyc\u00e9e g\u00e9n\u00e9ral et technologique priv\u00e9 Notre-Dame de Sion","statut":"priv\u00e9","contrat_etablissement":"lyc\u00e9e priv\u00e9 sous contrat \u00c9ducation nationale","adresse_postale":"61 rue Notre-Dame des Champs","code_postal":"75006","code_insee":"75106","libelle":"Paris 6e Arrondissement","telephone":"0144320670","fax":"0144320699","site_web":"http:\/\/www.sion-paris.fr\/accueil","mail":"ce.0753842U@ac-paris.fr","ministere_tutelle":"\u00c9ducation nationale","internat":null,"annee_construction":null,"date_maj":"2026-03-12"}},{"type":"Feature","geometry":{"type":"Point","coordinates":[2.3315946522333366,48.84556798059995]},"properties":{"code_uai":"0753838P","num_siret":78428091900019,"code_academie":"001","academie":"Paris","dep":"75","sigle_uai":"LGT PR","nature_uai":"lyc\u00e9e d'enseignement g\u00e9n\u00e9ral et technologique","patronyme":"SAINT-SULPICE","nom_etablissement":"Lyc\u00e9e priv\u00e9 Saint Sulpice","statut":"priv\u00e9","contrat_etablissement":"lyc\u00e9e priv\u00e9 sous contrat \u00c9ducation nationale","adresse_postale":"68 rue d'Assas","code_postal":"75006","code_insee":"75106","libelle":"Paris 6e Arrondissement","telephone":"0145498060","fax":"0142841198","site_web":"http:\/\/www.st-sulpice.fr\/","mail":"secretariat@st-sulpice.fr","ministere_tutelle":"\u00c9ducation nationale","internat":null,"annee_construction":null,"date_maj":"2026-03-12"}},{"type":"Feature","geometry":{"type":"Point","coordinates":[2.1905110839666717,48.69498793524664]},"properties":{"code_uai":"0910819W","num_siret":78522823000013,"code_academie":"025","academie":"Versailles","dep":"91","sigle_uai":"LGT PR","nature_uai":"lyc\u00e9e d'enseignement g\u00e9n\u00e9ral et technologique","patronyme":"COURS-SECONDAIRE-D'ORSAY","nom_etablissement":"Lyc\u00e9e priv\u00e9 du Cours Secondaire d'Orsay","statut":"priv\u00e9","contrat_etablissement":"lyc\u00e9e priv\u00e9 sous contrat \u00c9ducation nationale","adresse_postale":"11 rue de Courtaboeuf","code_postal":"91400","code_insee":"91471","libelle":"Orsay","telephone":"0169284372","fax":"0169289340","site_web":null,"mail":"ce.0910819W@ac-versailles.fr","ministere_tutelle":"\u00c9ducation nationale","internat":null,"annee_construction":null,"date_maj":"2026-03-12"}},{"type":"Feature","geometry":{"type":"Point","coordinates":[2.252634157627185,48.92492600399809]},"properties":{"code_uai":"0921663H","num_siret":78534628900016,"code_academie":"025","academie":"Versailles","dep":"92","sigle_uai":"LGT PR","nature_uai":"lyc\u00e9e d'enseignement g\u00e9n\u00e9ral et technologique","patronyme":"JEANNE-D'ARC","nom_etablissement":"Lyc\u00e9e g\u00e9n\u00e9ral et technologique priv\u00e9 Jeanne d'Arc","statut":"priv\u00e9","contrat_etablissement":"lyc\u00e9e priv\u00e9 sous contrat \u00c9ducation nationale","adresse_postale":"9 boulevard de Valmy","code_postal":"92700","code_insee":"92025","libelle":"Colombes","telephone":"0155669100","fax":"0141199022","site_web":null,"mail":"ce.0921663H@ac-versailles.fr","ministere_tutelle":"\u00c9ducation nationale","internat":null,"annee_construction":null,"date_maj":"2026-03-12"}},{"type":"Feature","geometry":{"type":"Point","coordinates":[1.8326077894107444,48.64550161124829]},"properties":{"code_uai":"0781664K","num_siret":30404870500012,"code_academie":"025","academie":"Versailles","dep":"78","sigle_uai":"LGT PR","nature_uai":"lyc\u00e9e d'enseignement g\u00e9n\u00e9ral et technologique","patronyme":"SAINTE-TH\u00c9R\u00c8SE","nom_etablissement":"Lyc\u00e9e g\u00e9n\u00e9ral et technologique priv\u00e9 Sainte Th\u00e9r\u00e8se","statut":"priv\u00e9","contrat_etablissement":"lyc\u00e9e priv\u00e9 sous contrat \u00c9ducation nationale","adresse_postale":"7 rue Beziel","code_postal":"78120","code_insee":"78517","libelle":"Rambouillet","telephone":"0161086460","fax":"0130887153","site_web":null,"mail":"ce.0781664k@ac-versailles.fr","ministere_tutelle":"\u00c9ducation nationale","internat":null,"annee_construction":null,"date_maj":"2026-03-12"}},{"type":"Feature","geometry":{"type":"Point","coordinates":[2.0753701866211363,48.89400203647947]},"properties":{"code_uai":"0783288A","num_siret":78512428000021,"code_academie":"025","academie":"Versailles","dep":"78","sigle_uai":"LGT PR","nature_uai":"lyc\u00e9e d'enseignement g\u00e9n\u00e9ral et technologique","patronyme":"NOTRE-DAME","nom_etablissement":"Lyc\u00e9e g\u00e9n\u00e9ral et technologique priv\u00e9 Notre Dame","statut":"priv\u00e9","contrat_etablissement":"lyc\u00e9e priv\u00e9 sous contrat \u00c9ducation nationale","adresse_postale":"3 rue de T\u00e9mara","code_postal":"78100","code_insee":"78551","libelle":"Saint-Germain-en-Laye","telephone":"0130871787","fax":"0130871780","site_web":null,"mail":"ce.0783288A@ac-versailles.fr","ministere_tutelle":"\u00c9ducation nationale","internat":null,"annee_construction":null,"date_maj":"2026-03-12"}},{"type":"Feature","geometry":{"type":"Point","coordinates":[2.2719440465256344,48.979719324103044]},"properties":{"code_uai":"0950657Y","num_siret":19950657700014,"code_academie":"025","academie":"Versailles","dep":"95","sigle_uai":"LP","nature_uai":"lyc\u00e9e professionnel","patronyme":"FERDINAND-BUISSON","nom_etablissement":"Lyc\u00e9e professionnel Ferdinand Buisson","statut":"public","contrat_etablissement":null,"adresse_postale":"245 RUE FERDINAND BUISSON","code_postal":"95120","code_insee":"95219","libelle":"Ermont","telephone":"0134157061","fax":"0134159457","site_web":"http:\/\/www.lyc-buisson-ermont.ac-versailles.fr\/","mail":"ce.0950657Y@ac-versailles.fr","ministere_tutelle":"\u00c9ducation nationale","internat":null,"annee_construction":"1964","date_maj":"2026-01-24"}},{"type":"Feature","geometry":{"type":"Point","coordinates":[2.254942359765863,48.8419754563088]},"properties":{"code_uai":"0750698B","num_siret":19750698300018,"code_academie":"001","academie":"Paris","dep":"75","sigle_uai":"LGT","nature_uai":"lyc\u00e9e d'enseignement g\u00e9n\u00e9ral et technologique","patronyme":"CLAUDE-BERNARD","nom_etablissement":"Lyc\u00e9e g\u00e9n\u00e9ral et technologique Claude Bernard","statut":"public","contrat_etablissement":null,"adresse_postale":"1 avenue DU PARC DES PRINCES","code_postal":"75016","code_insee":"75116","libelle":"Paris 16e Arrondissement","telephone":"0146511663","fax":"0146518240","site_web":"https:\/\/www.ac-paris.fr\/serail\/jcms\/s2_544112\/accueil","mail":"ce.0750698B@ac-paris.fr","ministere_tutelle":"\u00c9ducation nationale","internat":null,"annee_construction":"1938","date_maj":"2026-01-27"}},{"type":"Feature","geometry":{"type":"Point","coordinates":[2.2114089177302576,48.825277235824196]},"properties":{"code_uai":"0920802X","num_siret":19920802600021,"code_academie":"025","academie":"Versailles","dep":"92","sigle_uai":"LGT","nature_uai":"lyc\u00e9e d'enseignement g\u00e9n\u00e9ral et technologique","patronyme":"JEAN-PIERRE-VERNANT","nom_etablissement":"Lyc\u00e9e g\u00e9n\u00e9ral et technologique Jean-Pierre Vernant","statut":"public","contrat_etablissement":null,"adresse_postale":"21 RUE DU DR LEDERMANN","code_postal":"92310","code_insee":"92072","libelle":"S\u00e8vres","telephone":"0146266010","fax":"0146262012","site_web":"http:\/\/www.lyceevernant.fr","mail":"ce.0920802X@ac-versailles.fr","ministere_tutelle":"\u00c9ducation nationale","internat":null,"annee_construction":"1950","date_maj":"2026-03-23"}},{"type":"Feature","geometry":{"type":"Point","coordinates":[2.384525602087465,48.86352601850053]},"properties":{"code_uai":"0750675B","num_siret":19750675100019,"code_academie":"001","academie":"Paris","dep":"75","sigle_uai":"LGT","nature_uai":"lyc\u00e9e d'enseignement g\u00e9n\u00e9ral et technologique","patronyme":"VOLTAIRE","nom_etablissement":"Lyc\u00e9e g\u00e9n\u00e9ral et technologique Voltaire","statut":"public","contrat_etablissement":null,"adresse_postale":"101 avenue de la R\u00e9publique","code_postal":"75011","code_insee":"75111","libelle":"Paris 11e Arrondissement","telephone":"0155280808","fax":"0155281064","site_web":"https:\/\/www.ac-paris.fr\/serail\/jcms\/s2_101109\/accueil","mail":"ce.0750675B@ac-paris.fr","ministere_tutelle":"\u00c9ducation nationale","internat":null,"annee_construction":"1890","date_maj":"2026-01-19"}},{"type":"Feature","geometry":{"type":"Point","coordinates":[2.3936695095016853,48.80143544126474]},"properties":{"code_uai":"0940115P","num_siret":19940115900017,"code_academie":"024","academie":"Cr\u00e9teil","dep":"94","sigle_uai":"LGT","nature_uai":"lyc\u00e9e d'enseignement g\u00e9n\u00e9ral et technologique","patronyme":"ROMAIN-ROLLAND","nom_etablissement":"Lyc\u00e9e g\u00e9n\u00e9ral et technologique Romain Rolland","statut":"public","contrat_etablissement":null,"adresse_postale":"17 rue LUCIEN NADAIRE","code_postal":"94200","code_insee":"94041","libelle":"Ivry-sur-Seine","telephone":"0146801560","fax":"0145732380","site_web":"http:\/\/lycee-romainrolland-ivry.fr\/","mail":"ce.0940115P@ac-creteil.fr","ministere_tutelle":"\u00c9ducation nationale","internat":null,"annee_construction":"1950","date_maj":"2026-01-24"}},{"type":"Feature","geometry":{"type":"Point","coordinates":[2.4098589214490516,48.99431993894428]},"properties":{"code_uai":"0951994B","num_siret":77568810400121,"code_academie":"025","academie":"Versailles","dep":"95","sigle_uai":"LPO PR","nature_uai":"lyc\u00e9e polyvalent","patronyme":"ROBERT-BLUM (ORT)","nom_etablissement":"Lyc\u00e9e polyvalent priv\u00e9 ORT","statut":"priv\u00e9","contrat_etablissement":"lyc\u00e9e priv\u00e9 sous contrat \u00c9ducation nationale","adresse_postale":"32 avenue de Choiseul","code_postal":"95400","code_insee":"95680","libelle":"Villiers-le-Bel","telephone":"0139877140","fax":"0139871202","site_web":null,"mail":"ce.0951994B@ac-versailles.fr","ministere_tutelle":"\u00c9ducation nationale","internat":null,"annee_construction":null,"date_maj":"2026-03-12"}},{"type":"Feature","geometry":{"type":"Point","coordinates":[2.703049919317762,48.406182070760785]},"properties":{"code_uai":"0771200L","num_siret":78494236900025,"code_academie":"024","academie":"Cr\u00e9teil","dep":"77","sigle_uai":"LPO PR","nature_uai":"lyc\u00e9e polyvalent","patronyme":"BLANCHE-DE-CASTILLE","nom_etablissement":"ICEF Lyc\u00e9e polyvalent priv\u00e9 Blanche de Castille","statut":"priv\u00e9","contrat_etablissement":"lyc\u00e9e priv\u00e9 sous contrat \u00c9ducation nationale","adresse_postale":"42 bis rue du Ch\u00e2teau","code_postal":"77300","code_insee":"77186","libelle":"Fontainebleau","telephone":"0164223007","fax":null,"site_web":null,"mail":"ce.0771200l@ac-creteil.fr","ministere_tutelle":"\u00c9ducation nationale","internat":null,"annee_construction":null,"date_maj":"2026-03-12"}},{"type":"Feature","geometry":{"type":"Point","coordinates":[2.879744147846858,48.963587083679414]},"properties":{"code_uai":"0772153X","num_siret":78496247400010,"code_academie":"024","academie":"Cr\u00e9teil","dep":"77","sigle_uai":"LPO PR","nature_uai":"lyc\u00e9e polyvalent","patronyme":"JEAN-ROSE","nom_etablissement":"Lyc\u00e9e polyvalent priv\u00e9 Jean Rose","statut":"priv\u00e9","contrat_etablissement":"lyc\u00e9e priv\u00e9 sous contrat \u00c9ducation nationale","adresse_postale":"20 rue de Chaage","code_postal":"77109","code_insee":"77284","libelle":"Meaux","telephone":"0160098850","fax":null,"site_web":null,"mail":"ce.0772153x@ac-creteil.fr","ministere_tutelle":"\u00c9ducation nationale","internat":null,"annee_construction":null,"date_maj":"2026-03-12"}},{"type":"Feature","geometry":{"type":"Point","coordinates":[2.2556102795283532,48.89137296187969]},"properties":{"code_uai":"0922615T","num_siret":20000906600024,"code_academie":"025","academie":"Versailles","dep":"92","sigle_uai":"LG","nature_uai":"lyc\u00e9e d'enseignement g\u00e9n\u00e9ral","patronyme":"LUCIE-AUBRAC","nom_etablissement":"Lyc\u00e9e g\u00e9n\u00e9ral et technologique Lucie Aubrac","statut":"public","contrat_etablissement":null,"adresse_postale":"13 RUE DE L'INDUSTRIE","code_postal":"92400","code_insee":"92026","libelle":"Courbevoie","telephone":"0149050250","fax":"0147736650","site_web":"http:\/\/www.lyc-aubrac-courbevoie.ac-versailles.fr\/","mail":"ce.0922615T@ac-versailles.fr","ministere_tutelle":"\u00c9ducation nationale","internat":null,"annee_construction":"2018","date_maj":"2026-01-14"}},{"type":"Feature","geometry":{"type":"Point","coordinates":[2.344176457952448,48.84801821932347]},"properties":{"code_uai":"0750655E","num_siret":19750655300019,"code_academie":"001","academie":"Paris","dep":"75","sigle_uai":"LG","nature_uai":"lyc\u00e9e d'enseignement g\u00e9n\u00e9ral","patronyme":"LOUIS-LE-GRAND","nom_etablissement":"Lyc\u00e9e g\u00e9n\u00e9ral et technologique publique Louis Le Grand","statut":"public","contrat_etablissement":null,"adresse_postale":"123 rue SAINT JACQUES","code_postal":"75005","code_insee":"75105","libelle":"Paris 5e Arrondissement","telephone":"0144328200","fax":"0144328233","site_web":"www.louislegrand.org","mail":"ce.0750655E@ac-paris.fr","ministere_tutelle":"\u00c9ducation nationale","internat":"Oui","annee_construction":"1563","date_maj":"2026-01-21"}},{"type":"Feature","geometry":{"type":"Point","coordinates":[2.6958841068316453,48.409272245652154]},"properties":{"code_uai":"0770927P","num_siret":19770927200011,"code_academie":"024","academie":"Cr\u00e9teil","dep":"77","sigle_uai":"LG","nature_uai":"lyc\u00e9e d'enseignement g\u00e9n\u00e9ral","patronyme":"INTERNATIONAL-FRAN\u00c7OIS-1ER","nom_etablissement":"Lyc\u00e9e g\u00e9n\u00e9ral international Fran\u00e7ois 1er","statut":"public","contrat_etablissement":null,"adresse_postale":"11 rue Victor Hugo","code_postal":"77300","code_insee":"77186","libelle":"Fontainebleau","telephone":"0160745830","fax":"0164227124","site_web":"http:\/\/www.lyceefrancois1.net\/","mail":"ce.0770927P@ac-creteil.fr","ministere_tutelle":"\u00c9ducation nationale","internat":"Oui","annee_construction":"1965","date_maj":"2026-03-12"}},{"type":"Feature","geometry":{"type":"Point","coordinates":[2.2969840860656223,48.84299077854994]},"properties":{"code_uai":"0750694X","num_siret":19750694200014,"code_academie":"001","academie":"Paris","dep":"75","sigle_uai":"LG","nature_uai":"lyc\u00e9e d'enseignement g\u00e9n\u00e9ral","patronyme":"CAMILLE-SEE","nom_etablissement":"Lyc\u00e9e g\u00e9n\u00e9ral Camille S\u00e9e","statut":"public","contrat_etablissement":null,"adresse_postale":"11 rue LEON LHERMITTE","code_postal":"75015","code_insee":"75115","libelle":"Paris 15e Arrondissement","telephone":"0148281337","fax":"0145332854","site_web":"http:\/\/www.ac-paris.fr\/serail\/jcms\/s1_110167\/ee-lg-clg-camille-see-portail","mail":"ce.0750694X@ac-paris.fr","ministere_tutelle":"\u00c9ducation nationale","internat":null,"annee_construction":"1935","date_maj":"2026-01-14"}},{"type":"Feature","geometry":{"type":"Point","coordinates":[2.2788444527680047,48.86156884589767]},"properties":{"code_uai":"0753943D","num_siret":78466215700022,"code_academie":"001","academie":"Paris","dep":"75","sigle_uai":"LG PR","nature_uai":"lyc\u00e9e d'enseignement g\u00e9n\u00e9ral","patronyme":"INSTITUT-DE-LA-TOUR","nom_etablissement":"Institut La Tour (Ecole secondaire priv\u00e9e)","statut":"priv\u00e9","contrat_etablissement":"lyc\u00e9e priv\u00e9 sous contrat \u00c9ducation nationale","adresse_postale":"86 rue de la Tour","code_postal":"75016","code_insee":"75116","libelle":"Paris 16e Arrondissement","telephone":"0145047335","fax":"0145042798","site_web":"http:\/\/www.institutdelatour.com\/","mail":"ce.0753943D@ac-paris.fr","ministere_tutelle":"\u00c9ducation nationale","internat":null,"annee_construction":null,"date_maj":"2026-03-12"}},{"type":"Feature","geometry":{"type":"Point","coordinates":[3.1269035942807966,48.94941720744787]},"properties":{"code_uai":"0772602K","num_siret":32882511200027,"code_academie":"024","academie":"Cr\u00e9teil","dep":"77","sigle_uai":"LG PR","nature_uai":"lyc\u00e9e d'enseignement g\u00e9n\u00e9ral","patronyme":"SAINTE-C\u00c9LINE","nom_etablissement":"Lyc\u00e9e priv\u00e9 Sainte C\u00e9line","statut":"priv\u00e9","contrat_etablissement":"lyc\u00e9e priv\u00e9 sous contrat \u00c9ducation nationale","adresse_postale":"29 rue Pierre Marx","code_postal":"77260","code_insee":"77183","libelle":"La Fert\u00e9-sous-Jouarre","telephone":"0160220592","fax":null,"site_web":null,"mail":"ce.0772602K@ac-creteil.fr","ministere_tutelle":"\u00c9ducation nationale","internat":null,"annee_construction":null,"date_maj":"2026-03-12"}},{"type":"Feature","geometry":{"type":"Point","coordinates":[2.349311375979885,48.87866628811133]},"properties":{"code_uai":"0753885R","num_siret":59200229900010,"code_academie":"001","academie":"Paris","dep":"75","sigle_uai":"LG PR","nature_uai":"lyc\u00e9e d'enseignement g\u00e9n\u00e9ral","patronyme":"ROCROY-SAINT-VINCENT-DE-PAUL","nom_etablissement":"Institut Rocroy Saint-Vincent de Paul (Ecole secondaire priv\u00e9e)","statut":"priv\u00e9","contrat_etablissement":"lyc\u00e9e priv\u00e9 sous contrat \u00c9ducation nationale","adresse_postale":"106 rue du Faubourg Poissonni\u00e8re","code_postal":"75010","code_insee":"75110","libelle":"Paris 10e Arrondissement","telephone":"0144631800","fax":"0144630129","site_web":"http:\/\/rocroysvp.fr\/informations-generales-2","mail":"secretariat.direction@rocroysvp.fr","ministere_tutelle":"\u00c9ducation nationale","internat":null,"annee_construction":null,"date_maj":"2026-03-12"}},{"type":"Feature","geometry":{"type":"Point","coordinates":[2.1239771030962764,48.793335807314556]},"properties":{"code_uai":"0781582W","num_siret":78515045900044,"code_academie":"025","academie":"Versailles","dep":"78","sigle_uai":"LP PR","nature_uai":"lyc\u00e9e professionnel","patronyme":"NOTRE-DAME-DU-GRANDCHAMP (PROFESSIONNEL)","nom_etablissement":"Lyc\u00e9e professionnel priv\u00e9 Notre-Dame du Grandchamp","statut":"priv\u00e9","contrat_etablissement":"lyc\u00e9e priv\u00e9 sous contrat \u00c9ducation nationale","adresse_postale":"97 rue Royale","code_postal":"78000","code_insee":"78646","libelle":"Versailles","telephone":"0139241280","fax":"0130211700","site_web":null,"mail":"ce.0781582W@ac-versailles.fr","ministere_tutelle":"\u00c9ducation nationale","internat":null,"annee_construction":null,"date_maj":"2026-03-12"}},{"type":"Feature","geometry":{"type":"Point","coordinates":[2.1672427994698094,48.83782203643828]},"properties":{"code_uai":"0920810F","num_siret":19920810900017,"code_academie":"025","academie":"Versailles","dep":"92","sigle_uai":"EREA","nature_uai":"\u00e9tablissement r\u00e9gional d\u2019enseignement adapt\u00e9","patronyme":"JEAN-MONNET-EREA","nom_etablissement":"Etablissement r\u00e9gional d'enseignement adapt\u00e9 Jean Monnet","statut":"public","contrat_etablissement":null,"adresse_postale":"106 boulevard Raymond Poincar\u00e9","code_postal":"92380","code_insee":"92033","libelle":"Garches","telephone":"0147956500","fax":"0147415385","site_web":"http:\/\/www.erea-monnet-garches.ac-versailles.fr\/","mail":"ce.0920810F@ac-versailles.fr","ministere_tutelle":"\u00c9ducation nationale","internat":"Oui","annee_construction":null,"date_maj":"2026-03-12"}},{"type":"Feature","geometry":{"type":"Point","coordinates":[2.3964094321162124,48.85609140615537]},"properties":{"code_uai":"0753537M","num_siret":78449031000025,"code_academie":"001","academie":"Paris","dep":"75","sigle_uai":"LT PR","nature_uai":"lyc\u00e9e d'enseignement technologique","patronyme":"\u00c9COLE-SUP-TECHNIQUES-BIOLOGIE-APPLIQU\u00c9E","nom_etablissement":"Ecole Sup\u00e9rieure Technique de Biologie Appliqu\u00e9e","statut":"priv\u00e9","contrat_etablissement":"lyc\u00e9e priv\u00e9 sous contrat \u00c9ducation nationale","adresse_postale":"56 rue Planchat","code_postal":"75020","code_insee":"75120","libelle":"Paris 20e Arrondissement","telephone":"0143714740","fax":"0143712299","site_web":"http:\/\/www.estba.org\/ac_est.html","mail":"direction@estba.org","ministere_tutelle":"\u00c9ducation nationale","internat":null,"annee_construction":null,"date_maj":"2026-03-12"}},{"type":"Feature","geometry":{"type":"Point","coordinates":[2.5112323841622235,48.8987046198562]},"properties":{"code_uai":"0930830X","num_siret":19930830500010,"code_academie":"024","academie":"Cr\u00e9teil","dep":"93","sigle_uai":"LGT","nature_uai":"lyc\u00e9e d'enseignement g\u00e9n\u00e9ral et technologique","patronyme":"ALBERT-SCHWEITZER","nom_etablissement":"Lyc\u00e9e g\u00e9n\u00e9ral et technologique Albert Schweitzer","statut":"public","contrat_etablissement":null,"adresse_postale":"11 all\u00e9e Val\u00e8re Lefebvre","code_postal":"93342","code_insee":"93062","libelle":"Le Raincy","telephone":"0141531150","fax":null,"site_web":"https:\/\/lyceeschweitzer.fr\/","mail":"ce.0930830X@ac-creteil.fr","ministere_tutelle":"\u00c9ducation nationale","internat":null,"annee_construction":"1956","date_maj":"2026-03-12"}},{"type":"Feature","geometry":{"type":"Point","coordinates":[1.9850027963924524,48.78165962034209]},"properties":{"code_uai":"0781297L","num_siret":19781297700019,"code_academie":"025","academie":"Versailles","dep":"78","sigle_uai":"LGT","nature_uai":"lyc\u00e9e d'enseignement g\u00e9n\u00e9ral et technologique","patronyme":"PLAINE-DE-NEAUPHLE (LA)","nom_etablissement":"Lyc\u00e9e g\u00e9n\u00e9ral et technologique Plaine de Neauphle","statut":"public","contrat_etablissement":null,"adresse_postale":"3 place Naguib Mahfouz","code_postal":"78190","code_insee":"78621","libelle":"Trappes","telephone":"0130160820","fax":"0130160829","site_web":"http:\/\/www.lyc-plaineneauphle-trappes.ac-versailles.fr\/","mail":"ce.0781297L@ac-versailles.fr","ministere_tutelle":"\u00c9ducation nationale","internat":null,"annee_construction":"1979","date_maj":"2026-03-12"}},{"type":"Feature","geometry":{"type":"Point","coordinates":[2.0640573006596874,48.804784616480546]},"properties":{"code_uai":"0783140P","num_siret":19783140700014,"code_academie":"025","academie":"Versailles","dep":"78","sigle_uai":"LGT","nature_uai":"lyc\u00e9e d'enseignement g\u00e9n\u00e9ral et technologique","patronyme":"JULES-HARDOUIN-MANSART","nom_etablissement":"Lyc\u00e9e g\u00e9n\u00e9ral et technologique Mansart","statut":"public","contrat_etablissement":null,"adresse_postale":"26 rue Victorien Sardou","code_postal":"78210","code_insee":"78545","libelle":"Saint-Cyr-l'\u00c9cole","telephone":"0130451234","fax":"0130455106","site_web":"http:\/\/www.lyc-mansart-st-cyr.ac-versailles.fr\/","mail":"ce.0783140P@ac-versailles.fr","ministere_tutelle":"\u00c9ducation nationale","internat":null,"annee_construction":"1966","date_maj":"2026-03-12"}},{"type":"Feature","geometry":{"type":"Point","coordinates":[2.419802820395747,48.934753151970135]},"properties":{"code_uai":"0932577W","num_siret":20004552400010,"code_academie":"024","academie":"Cr\u00e9teil","dep":"93","sigle_uai":"LGT","nature_uai":"lyc\u00e9e d'enseignement g\u00e9n\u00e9ral et technologique","patronyme":"GERMAINE-TILLION","nom_etablissement":"Lyc\u00e9e Germaine Tillion","statut":"public","contrat_etablissement":null,"adresse_postale":"48 bis rue ANIZAN CAVILLON","code_postal":"93350","code_insee":"93013","libelle":"Le Bourget","telephone":"01.43.11.26.10","fax":null,"site_web":"http:\/\/germainetillionlycee.fr\/","mail":"ce.0932577W@ac-creteil.fr","ministere_tutelle":"\u00c9ducation nationale","internat":null,"annee_construction":"2014","date_maj":"2026-03-12"}},{"type":"Feature","geometry":{"type":"Point","coordinates":[2.3856901542627416,48.87747442064632]},"properties":{"code_uai":"0754015G","num_siret":78477853200019,"code_academie":"001","academie":"Paris","dep":"75","sigle_uai":"LPO PR","nature_uai":"lyc\u00e9e polyvalent","patronyme":"JULES-RICHARD-MICROTECHNIQUE","nom_etablissement":"Lyc\u00e9e polyvalent priv\u00e9 Jules Richard Microtechniques","statut":"priv\u00e9","contrat_etablissement":"lyc\u00e9e priv\u00e9 sous contrat \u00c9ducation nationale","adresse_postale":"21 rue Carducci","code_postal":"75019","code_insee":"75119","libelle":"Paris 19e Arrondissement","telephone":"0153728360","fax":"0153728370","site_web":"http:\/\/www.lyceejulesrichard.fr","mail":"secretariat@lyceejulesrichard.fr","ministere_tutelle":"\u00c9ducation nationale","internat":null,"annee_construction":null,"date_maj":"2026-03-12"}},{"type":"Feature","geometry":{"type":"Point","coordinates":[2.48962070496612,48.949788241300666]},"properties":{"code_uai":"0931026K","num_siret":78548496500013,"code_academie":"024","academie":"Cr\u00e9teil","dep":"93","sigle_uai":"LPO PR","nature_uai":"lyc\u00e9e polyvalent","patronyme":"PROTECTORAT-SAINT-JOSEPH","nom_etablissement":"Lyc\u00e9e polyvalent priv\u00e9 Protectorat Saint Joseph","statut":"priv\u00e9","contrat_etablissement":"lyc\u00e9e priv\u00e9 sous contrat \u00c9ducation nationale","adresse_postale":"36 rue Jacques Duclos","code_postal":"93600","code_insee":"93005","libelle":"Aulnay-sous-Bois","telephone":"0148661041","fax":null,"site_web":null,"mail":"ce.0931026k@ac-creteil.fr","ministere_tutelle":"\u00c9ducation nationale","internat":null,"annee_construction":null,"date_maj":"2026-03-12"}},{"type":"Feature","geometry":{"type":"Point","coordinates":[2.483327899047391,48.60889389138185]},"properties":{"code_uai":"0912161E","num_siret":78518352600025,"code_academie":"025","academie":"Versailles","dep":"91","sigle_uai":"LPO PR","nature_uai":"lyc\u00e9e polyvalent","patronyme":"SAINT-L\u00c9ON","nom_etablissement":"Lyc\u00e9e polyvalent priv\u00e9 Saint L\u00e9on","statut":"priv\u00e9","contrat_etablissement":"lyc\u00e9e priv\u00e9 sous contrat \u00c9ducation nationale","adresse_postale":"4 quai de l'Essonne","code_postal":"91100","code_insee":"91174","libelle":"Corbeil-Essonnes","telephone":"0160884868","fax":"0160880054","site_web":null,"mail":"ce.0912161E@ac-versailles.fr","ministere_tutelle":"\u00c9ducation nationale","internat":null,"annee_construction":null,"date_maj":"2026-03-12"}},{"type":"Feature","geometry":{"type":"Point","coordinates":[2.3056237464442653,48.85938980542361]},"properties":{"code_uai":"0753851D","num_siret":78430847000029,"code_academie":"001","academie":"Paris","dep":"75","sigle_uai":"LG PR","nature_uai":"lyc\u00e9e d'enseignement g\u00e9n\u00e9ral","patronyme":"ROCHEFOUCAULD (LA)","nom_etablissement":"Lyc\u00e9e g\u00e9n\u00e9ral priv\u00e9 La Rochefoucauld","statut":"priv\u00e9","contrat_etablissement":"lyc\u00e9e priv\u00e9 sous contrat \u00c9ducation nationale","adresse_postale":"90 bis rue Saint Dominique","code_postal":"75007","code_insee":"75107","libelle":"Paris 7e Arrondissement","telephone":"0145558020","fax":"0145555384","site_web":"http:\/\/www.laroche.org\/","mail":"ce.0753851D@ac-paris.fr","ministere_tutelle":"\u00c9ducation nationale","internat":null,"annee_construction":null,"date_maj":"2026-03-12"}},{"type":"Feature","geometry":{"type":"Point","coordinates":[2.4138367640629395,48.89148490542102]},"properties":{"code_uai":"0932653D","num_siret":78558906000025,"code_academie":"024","academie":"Cr\u00e9teil","dep":"93","sigle_uai":"LG PR","nature_uai":"lyc\u00e9e d'enseignement g\u00e9n\u00e9ral","patronyme":"SAINT-JOSEPH (La salle)","nom_etablissement":"Saint Joseph La Salle","statut":"priv\u00e9","contrat_etablissement":"lyc\u00e9e priv\u00e9 sous contrat \u00c9ducation nationale","adresse_postale":"12 avenue du 8 Mai 1945","code_postal":"93500","code_insee":"93055","libelle":"Pantin","telephone":"0148458560","fax":null,"site_web":null,"mail":"ce.0932653d@ac-creteil.fr","ministere_tutelle":"\u00c9ducation nationale","internat":null,"annee_construction":null,"date_maj":"2026-03-12"}},{"type":"Feature","geometry":{"type":"Point","coordinates":[2.375166781718904,48.825315026327196]},"properties":{"code_uai":"0750785W","num_siret":19750785800029,"code_academie":"001","academie":"Paris","dep":"75","sigle_uai":"LP","nature_uai":"lyc\u00e9e professionnel","patronyme":"GALIL\u00c9E","nom_etablissement":"Lyc\u00e9e professionnel Galil\u00e9e","statut":"public","contrat_etablissement":null,"adresse_postale":"28 RUE DE PATAY","code_postal":"75013","code_insee":"75113","libelle":"Paris 13e Arrondissement","telephone":"0145826550","fax":"0145707901","site_web":"https:\/\/www.ac-paris.fr\/serail\/jcms\/s2_1474520\/fr\/lycee-professionnel-galilee","mail":"ce.0750785W@ac-paris.fr","ministere_tutelle":"\u00c9ducation nationale","internat":null,"annee_construction":"1985","date_maj":"2026-01-21"}},{"type":"Feature","geometry":{"type":"Point","coordinates":[2.345249314396558,48.86024181705473]},"properties":{"code_uai":"0752388N","num_siret":19752388900016,"code_academie":"001","academie":"Paris","dep":"75","sigle_uai":"LP","nature_uai":"lyc\u00e9e professionnel","patronyme":"PIERRE-LESCOT","nom_etablissement":"Lyc\u00e9e professionnel Pierre Lescot","statut":"public","contrat_etablissement":null,"adresse_postale":"35 rue des Bourdonnais","code_postal":"75001","code_insee":"75101","libelle":"Paris 1er Arrondissement","telephone":"0142363483","fax":"0140399914","site_web":"https:\/\/www.ac-paris.fr\/serail\/jcms\/s2_162052\/fr\/accueil","mail":"ce.0752388N@ac-paris.fr","ministere_tutelle":"\u00c9ducation nationale","internat":null,"annee_construction":"1870","date_maj":"2026-03-12"}},{"type":"Feature","geometry":{"type":"Point","coordinates":[2.299976821470368,48.90331195768135]},"properties":{"code_uai":"0922149L","num_siret":19922149000022,"code_academie":"025","academie":"Versailles","dep":"92","sigle_uai":"LPO","nature_uai":"lyc\u00e9e polyvalent","patronyme":"REN\u00c9-AUFFRAY","nom_etablissement":"Lyc\u00e9e polyvalent  Auffray","statut":"public","contrat_etablissement":null,"adresse_postale":"23 rue Fernand Pelloutier","code_postal":"92582","code_insee":"92024","libelle":"Clichy","telephone":"0149689000","fax":"0149689001","site_web":"http:\/\/www.lyc-auffray-clichy.ac-versailles.fr\/","mail":"ce.0922149L@ac-versailles.fr","ministere_tutelle":"\u00c9ducation nationale","internat":null,"annee_construction":"1989","date_maj":"2026-03-12"}},{"type":"Feature","geometry":{"type":"Point","coordinates":[2.3308747727381802,48.83933765515541]},"properties":{"code_uai":"0754476H","num_siret":19750447500025,"code_academie":"001","academie":"Paris","dep":"75","sigle_uai":"LPO","nature_uai":"lyc\u00e9e polyvalent","patronyme":"GUILLAUME-TIREL","nom_etablissement":"Lyc\u00e9e polyvalent Guillaume Tirel - Lyc\u00e9e des m\u00e9tiers de l'excellence de la gastronomie et de l'h\u00f4tellerie \u00e0 rayonnement international","statut":"public","contrat_etablissement":null,"adresse_postale":"237 boulevard Raspail","code_postal":"75014","code_insee":"75114","libelle":"Paris 14e Arrondissement","telephone":"0144841900","fax":"0144841949","site_web":"http:\/\/www.lyceeguillaumetirel.fr\/","mail":"ce.0754476H@ac-paris.fr","ministere_tutelle":"\u00c9ducation nationale","internat":"Oui","annee_construction":"2006","date_maj":"2026-03-12"}},{"type":"Feature","geometry":{"type":"Point","coordinates":[2.3935769740693646,48.8661902056673]},"properties":{"code_uai":"0754530S","num_siret":19750453300013,"code_academie":"001","academie":"Paris","dep":"75","sigle_uai":"LPO","nature_uai":"lyc\u00e9e polyvalent","patronyme":"MARTIN-NADAUD","nom_etablissement":"Lyc\u00e9e polyvalent Martin Nadaud","statut":"public","contrat_etablissement":null,"adresse_postale":"23 rue de la Bidassoa","code_postal":"75020","code_insee":"75120","libelle":"Paris 20e Arrondissement","telephone":"0140338050","fax":"0146367117","site_web":"https:\/\/www.ac-paris.fr\/serail\/jcms\/s1_1562765\/fr\/lycee-polyvalent-martin-nadaud","mail":"ce.0754530S@ac-paris.fr","ministere_tutelle":"\u00c9ducation nationale","internat":null,"annee_construction":null,"date_maj":"2026-03-12"}},{"type":"Feature","geometry":{"type":"Point","coordinates":[2.193706007677247,48.88960963090465]},"properties":{"code_uai":"0922464D","num_siret":19920165800010,"code_academie":"025","academie":"Versailles","dep":"92","sigle_uai":"LPO","nature_uai":"lyc\u00e9e polyvalent","patronyme":"LOUISE-MICHEL","nom_etablissement":"Lyc\u00e9e polyvalent Louise Michel","statut":"public","contrat_etablissement":null,"adresse_postale":"11 boulevard du Midi","code_postal":"92000","code_insee":"92050","libelle":"Nanterre","telephone":"0147240086","fax":"0147298801","site_web":"http:\/\/www.lyc-michel-nanterre.ac-versailles.fr\/","mail":"ce.0922464D@ac-versailles.fr","ministere_tutelle":"\u00c9ducation nationale","internat":null,"annee_construction":"1874","date_maj":"2026-03-12"}},{"type":"Feature","geometry":{"type":"Point","coordinates":[2.333941143279612,48.90303260775702]},"properties":{"code_uai":"0930126G","num_siret":19930126800025,"code_academie":"024","academie":"Cr\u00e9teil","dep":"93","sigle_uai":"LPO","nature_uai":"lyc\u00e9e polyvalent","patronyme":"AUGUSTE-BLANQUI","nom_etablissement":"Lyc\u00e9e polyvalent Auguste Blanqui","statut":"public","contrat_etablissement":null,"adresse_postale":"54 rue Charles Schmidt","code_postal":"93404","code_insee":"93070","libelle":"Saint-Ouen-sur-Seine","telephone":"0149181680","fax":null,"site_web":"http:\/\/lyceeaugusteblanqui.fr\/web\/","mail":"ce.0930126G@ac-creteil.fr","ministere_tutelle":"\u00c9ducation nationale","internat":null,"annee_construction":null,"date_maj":"2026-03-12"}},{"type":"Feature","geometry":{"type":"Point","coordinates":[2.215410435206164,48.921607913195224]},"properties":{"code_uai":"0952173W","num_siret":20004601900010,"code_academie":"025","academie":"Versailles","dep":"95","sigle_uai":"LPO","nature_uai":"lyc\u00e9e polyvalent","patronyme":"PAULETTE-NARDAL","nom_etablissement":"Lyc\u00e9e polyvalent Paulette Nardal","statut":"public","contrat_etablissement":null,"adresse_postale":"5 rue MARCEL LANGLOIS","code_postal":"95875","code_insee":"95063","libelle":"Bezons","telephone":"0134343600","fax":"0134343607","site_web":"http:\/\/lyceebezons.fr\/spip\/","mail":"ce.0952173W@ac-versailles.fr","ministere_tutelle":"\u00c9ducation nationale","internat":"Oui","annee_construction":"1944","date_maj":"2026-02-04"}},{"type":"Feature","geometry":{"type":"Point","coordinates":[2.6554008685423067,48.542187019437556]},"properties":{"code_uai":"0772629P","num_siret":35319145500016,"code_academie":"024","academie":"Cr\u00e9teil","dep":"77","sigle_uai":"SEP PR","nature_uai":"Section d\u2019enseignement professionnel","patronyme":"INSTITUTION-SAINT-ASPAIS (SEP)","nom_etablissement":"Section d'Enseignement Professionnel Saint Aspais","statut":"priv\u00e9","contrat_etablissement":"autres \u00e9tablissements","adresse_postale":"36 rue Saint Barth\u00e9l\u00e9my","code_postal":"77007","code_insee":"77288","libelle":"Melun","telephone":"0160565959","fax":null,"site_web":null,"mail":"ce.0772629P@ac-creteil.fr","ministere_tutelle":"\u00c9ducation nationale","internat":null,"annee_construction":null,"date_maj":"2026-03-12"}},{"type":"Feature","geometry":{"type":"Point","coordinates":[2.2368573271502044,48.84604983184579]},"properties":{"code_uai":"0920897A","num_siret":78530717400017,"code_academie":"025","academie":"Versailles","dep":"92","sigle_uai":"LGT PR","nature_uai":"lyc\u00e9e d'enseignement g\u00e9n\u00e9ral et technologique","patronyme":"NOTRE-DAME-DE-BOULOGNE","nom_etablissement":"Lyc\u00e9e g\u00e9n\u00e9ral et technologique priv\u00e9 Notre Dame","statut":"priv\u00e9","contrat_etablissement":"lyc\u00e9e priv\u00e9 sous contrat \u00c9ducation nationale","adresse_postale":"1 avenue Charles de Gaulle","code_postal":"92100","code_insee":"92012","libelle":"Boulogne-Billancourt","telephone":"0146999575","fax":"0146990490","site_web":null,"mail":"ce.0920897A@ac-versailles.fr","ministere_tutelle":"\u00c9ducation nationale","internat":null,"annee_construction":null,"date_maj":"2026-03-12"}},{"type":"Feature","geometry":{"type":"Point","coordinates":[1.7114321486935469,48.99136827493984]},"properties":{"code_uai":"0783537W","num_siret":78508797400016,"code_academie":"025","academie":"Versailles","dep":"78","sigle_uai":"LP PR","nature_uai":"lyc\u00e9e professionnel","patronyme":"NOTRE-DAME (PROFESSIONNEL)","nom_etablissement":"Lyc\u00e9e professionnel priv\u00e9 Notre Dame","statut":"priv\u00e9","contrat_etablissement":"lyc\u00e9e priv\u00e9 sous contrat \u00c9ducation nationale","adresse_postale":"15 rue de Strasbourg","code_postal":"78200","code_insee":"78361","libelle":"Mantes-la-Jolie","telephone":"0134977603","fax":"0134978072","site_web":null,"mail":"ce.0783537W@ac-versailles.fr","ministere_tutelle":"\u00c9ducation nationale","internat":null,"annee_construction":null,"date_maj":"2026-03-12"}},{"type":"Feature","geometry":{"type":"Point","coordinates":[2.41462548035602,48.9489464222051]},"properties":{"code_uai":"0931573E","num_siret":78475424400035,"code_academie":"024","academie":"Cr\u00e9teil","dep":"93","sigle_uai":"LP PR","nature_uai":"lyc\u00e9e professionnel","patronyme":"ROBERT-SCHUMAN (PRO)","nom_etablissement":"Lyc\u00e9e professionnel priv\u00e9 Robert Schuman","statut":"priv\u00e9","contrat_etablissement":"lyc\u00e9e priv\u00e9 sous contrat \u00c9ducation nationale","adresse_postale":"7 avenue du G\u00e9n\u00e9ral de Gaulle","code_postal":"93440","code_insee":"93030","libelle":"Dugny","telephone":"0148377426","fax":null,"site_web":null,"mail":"ce.0931573E@ac-creteil.fr","ministere_tutelle":"\u00c9ducation nationale","internat":null,"annee_construction":null,"date_maj":"2026-03-12"}},{"type":"Feature","geometry":{"type":"Point","coordinates":[2.945380298354958,48.37742624453432]},"properties":{"code_uai":"0772312V","num_siret":19772312500013,"code_academie":"024","academie":"Cr\u00e9teil","dep":"77","sigle_uai":"LPO LYC METIER","nature_uai":"lyc\u00e9e polyvalent","patronyme":"FLORA-TRISTAN","nom_etablissement":"Lyc\u00e9e polyvalent Flora-Tristan - Lyc\u00e9e des m\u00e9tiers de la mode et de l'administration de la PME-PMI","statut":"public","contrat_etablissement":null,"adresse_postale":"12 avenue du 8 Mai 1945","code_postal":"77130","code_insee":"77305","libelle":"Montereau-Fault-Yonne","telephone":"0164325062","fax":"0164324492","site_web":"http:\/\/www.lyceefloratristan77.com\/","mail":"ce.0772312V@ac-creteil.fr","ministere_tutelle":"\u00c9ducation nationale","internat":null,"annee_construction":"1992","date_maj":"2026-03-12"}},{"type":"Feature","geometry":{"type":"Point","coordinates":[1.7162483232833152,48.9640880760075]},"properties":{"code_uai":"0783533S","num_siret":19780272100013,"code_academie":"025","academie":"Versailles","dep":"78","sigle_uai":"LPO LYC METIER","nature_uai":"lyc\u00e9e polyvalent","patronyme":"CAMILLE-CLAUDEL","nom_etablissement":"Lyc\u00e9e C. Claudel - Lyc. m\u00e9tiers du commerce, de la vente, des m\u00e9tiers de la restauration, de l'aide \u00e0 la personne et de la gestion administrative","statut":"public","contrat_etablissement":null,"adresse_postale":"20 rue de la Lyre","code_postal":"78711","code_insee":"78362","libelle":"Mantes-la-Ville","telephone":"0134979210","fax":"0134979215","site_web":"http:\/\/www.lyc-metiers-mantes.ac-versailles.fr\/","mail":"ce.0783533S@ac-versailles.fr","ministere_tutelle":"\u00c9ducation nationale","internat":null,"annee_construction":"1970","date_maj":"2026-03-12"}},{"type":"Feature","geometry":{"type":"Point","coordinates":[2.3735896106155514,48.85523125977415]},"properties":{"code_uai":"0750788Z","num_siret":19750788200011,"code_academie":"001","academie":"Paris","dep":"75","sigle_uai":"LP LYC METIER","nature_uai":"lyc\u00e9e professionnel","patronyme":"MARCEL-DEPREZ","nom_etablissement":"Lyc\u00e9e professionnel Marcel Deprez - Lyc\u00e9e des m\u00e9tiers de l'\u00e9lectricit\u00e9 et de ses environnements connect\u00e9s","statut":"public","contrat_etablissement":null,"adresse_postale":"39 rue de la Roquette","code_postal":"75011","code_insee":"75111","libelle":"Paris 11e Arrondissement","telephone":"0156984700","fax":"0156984701","site_web":"http:\/\/lyc-marcel-deprez.scola.ac-paris.fr\/","mail":"ce.0750788Z@ac-paris.fr","ministere_tutelle":"\u00c9ducation nationale","internat":null,"annee_construction":null,"date_maj":"2026-03-12"}},{"type":"Feature","geometry":{"type":"Point","coordinates":[2.3623234040857297,48.82743361046444]},"properties":{"code_uai":"0750683K","num_siret":19750683500010,"code_academie":"001","academie":"Paris","dep":"75","sigle_uai":"LG","nature_uai":"lyc\u00e9e d'enseignement g\u00e9n\u00e9ral","patronyme":"CLAUDE-MONET","nom_etablissement":"Lyc\u00e9e g\u00e9n\u00e9ral Claude Monet","statut":"public","contrat_etablissement":null,"adresse_postale":"1 rue DU DOCTEUR MAGNAN","code_postal":"75013","code_insee":"75113","libelle":"Paris 13e Arrondissement","telephone":"0156619025","fax":"0156619002","site_web":"https:\/\/lyc-claude-monet.ac-paris.fr","mail":"ce.0750683K@ac-paris.fr","ministere_tutelle":"\u00c9ducation nationale","internat":null,"annee_construction":"1955","date_maj":"2026-01-16"}},{"type":"Feature","geometry":{"type":"Point","coordinates":[2.230244049583227,48.988313983161426]},"properties":{"code_uai":"0950812S","num_siret":78586494300036,"code_academie":"025","academie":"Versailles","dep":"95","sigle_uai":"LPO PR METIER","nature_uai":"lyc\u00e9e polyvalent","patronyme":"JEANNE-D'ARC","nom_etablissement":"Lyc\u00e9e polyvalent priv\u00e9 Jeanne d'Arc - Lyc\u00e9e des m\u00e9tiers du commerce, de la gestion et des services aux entreprises","statut":"priv\u00e9","contrat_etablissement":"lyc\u00e9e priv\u00e9 sous contrat \u00c9ducation nationale","adresse_postale":"2 bis boulevard Toussaint Lucas","code_postal":"95130","code_insee":"95252","libelle":"Franconville","telephone":"0134137556","fax":"0134139980","site_web":null,"mail":"ce.0950812S@ac-versailles.fr","ministere_tutelle":"\u00c9ducation nationale","internat":null,"annee_construction":null,"date_maj":"2026-03-12"}},{"type":"Feature","geometry":{"type":"Point","coordinates":[2.4870864032837714,48.774946732869964]},"properties":{"code_uai":"0940171A","num_siret":19940171200013,"code_academie":"024","academie":"Cr\u00e9teil","dep":"94","sigle_uai":"EREA","nature_uai":"\u00e9tablissement r\u00e9gional d\u2019enseignement adapt\u00e9","patronyme":"STENDHAL","nom_etablissement":"Etablissement r\u00e9gional d'enseignement adapt\u00e9 Stendhal","statut":"public","contrat_etablissement":null,"adresse_postale":"6 rue D\u00e9sir\u00e9 Dautier","code_postal":"94380","code_insee":"94011","libelle":"Bonneuil-sur-Marne","telephone":"0180918630","fax":null,"site_web":"http:\/\/www.erea-stendhal.websco.fr\/","mail":"ce.0940171A@ac-creteil.fr","ministere_tutelle":"\u00c9ducation nationale","internat":"Oui","annee_construction":"1623","date_maj":"2026-03-12"}},{"type":"Feature","geometry":{"type":"Point","coordinates":[2.2875516643717564,48.995629923259834]},"properties":{"code_uai":"0951974E","num_siret":19951398700016,"code_academie":"025","academie":"Versailles","dep":"95","sigle_uai":"LPO","nature_uai":"lyc\u00e9e polyvalent","patronyme":"LOUIS-ARMAND","nom_etablissement":"Lyc\u00e9e polyvalent Louis Armand","statut":"public","contrat_etablissement":null,"adresse_postale":"32 rue St\u00e9phane Proust","code_postal":"95600","code_insee":"95203","libelle":"Eaubonne","telephone":"0134061030","fax":"0134166319","site_web":"http:\/\/www.lycee-louis-armand-eaubonne.fr\/","mail":"ce.0951974E@ac-versailles.fr","ministere_tutelle":"\u00c9ducation nationale","internat":null,"annee_construction":"1979","date_maj":"2026-03-12"}},{"type":"Feature","geometry":{"type":"Point","coordinates":[2.498317131240832,48.816826741365325]},"properties":{"code_uai":"0940113M","num_siret":19940113400010,"code_academie":"024","academie":"Cr\u00e9teil","dep":"94","sigle_uai":"LPO","nature_uai":"lyc\u00e9e polyvalent","patronyme":"LANGEVIN-WALLON","nom_etablissement":"Lyc\u00e9e polyvalent Langevin-Wallon","statut":"public","contrat_etablissement":null,"adresse_postale":"126 avenue Roger Salengro","code_postal":"94507","code_insee":"94017","libelle":"Champigny-sur-Marne","telephone":"0148812833","fax":null,"site_web":"http:\/\/www.lycee-langevin-wallon.com\/","mail":"ce.0940113M@ac-creteil.fr","ministere_tutelle":"\u00c9ducation nationale","internat":null,"annee_construction":null,"date_maj":"2026-03-12"}},{"type":"Feature","geometry":{"type":"Point","coordinates":[2.4579412438695334,48.730784017182465]},"properties":{"code_uai":"0941952L","num_siret":19941952400012,"code_academie":"024","academie":"Cr\u00e9teil","dep":"94","sigle_uai":"LPO","nature_uai":"lyc\u00e9e polyvalent","patronyme":"FRANCOIS-ARAGO","nom_etablissement":"Lyc\u00e9e polyvalent Fran\u00e7ois Arago","statut":"public","contrat_etablissement":null,"adresse_postale":"36 avenue de l'Europe","code_postal":"94190","code_insee":"94078","libelle":"Villeneuve-Saint-Georges","telephone":"0145108700","fax":null,"site_web":"http:\/\/lycee-arago.fr\/","mail":"ce.0941952L@ac-creteil.fr","ministere_tutelle":"\u00c9ducation nationale","internat":"Oui","annee_construction":"1992","date_maj":"2026-03-12"}},{"type":"Feature","geometry":{"type":"Point","coordinates":[2.516878385669346,48.769902945113586]},"properties":{"code_uai":"0942130E","num_siret":19941303000016,"code_academie":"024","academie":"Cr\u00e9teil","dep":"94","sigle_uai":"LPO","nature_uai":"lyc\u00e9e polyvalent","patronyme":"PARC-MONTALEAU","nom_etablissement":"Lyc\u00e9e polyvalent Montaleau","statut":"public","contrat_etablissement":null,"adresse_postale":"2 bis rue Pierre Semard","code_postal":"94371","code_insee":"94071","libelle":"Sucy-en-Brie","telephone":"0145902513","fax":null,"site_web":"http:\/\/lyceemontaleau.fr\/","mail":"ce.0942130E@ac-creteil.fr","ministere_tutelle":"\u00c9ducation nationale","internat":null,"annee_construction":null,"date_maj":"2026-03-12"}},{"type":"Feature","geometry":{"type":"Point","coordinates":[2.300680870404728,48.69217496336768]},"properties":{"code_uai":"0910715H","num_siret":19910715200019,"code_academie":"025","academie":"Versailles","dep":"91","sigle_uai":"LP LYC METIER","nature_uai":"lyc\u00e9e professionnel","patronyme":"JEAN-PERRIN","nom_etablissement":"Lyc\u00e9e professionnel Jean Perrin - Lyc\u00e9e des m\u00e9tiers de l'industrie, des services \u00e0 la personne et aux entreprises","statut":"public","contrat_etablissement":null,"adresse_postale":"26 rue L\u00e9ontine Sohier","code_postal":"91163","code_insee":"91345","libelle":"Longjumeau","telephone":"0169091973","fax":"0164540231","site_web":"http:\/\/www.lyc-perrin-longjumeau.ac-versailles.fr\/","mail":"ce.0910715H@ac-versailles.fr","ministere_tutelle":"\u00c9ducation nationale","internat":null,"annee_construction":"1966","date_maj":"2026-03-12"}},{"type":"Feature","geometry":{"type":"Point","coordinates":[2.2638473716260283,48.839902671715976]},"properties":{"code_uai":"0750588G","num_siret":19750588600014,"code_academie":"001","academie":"Paris","dep":"75","sigle_uai":"LP LYC METIER","nature_uai":"lyc\u00e9e professionnel","patronyme":"REN\u00c9-CASSIN","nom_etablissement":"Lyc\u00e9e professionnel Ren\u00e9 Cassin - Lyc\u00e9e des m\u00e9tiers supports, du conseil et du num\u00e9rique","statut":"public","contrat_etablissement":null,"adresse_postale":"185 avenue de Versailles","code_postal":"75016","code_insee":"75116","libelle":"Paris 16e Arrondissement","telephone":"0142883366","fax":"0140508870","site_web":"https:\/\/pia.ac-paris.fr\/serail\/jcms\/s1_2378173\/fr\/lycee-professionnel-rene-cassin","mail":"ce.0750588G@ac-paris.fr","ministere_tutelle":"\u00c9ducation nationale","internat":null,"annee_construction":"1917","date_maj":"2026-03-12"}},{"type":"Feature","geometry":{"type":"Point","coordinates":[2.4528491810601567,49.03008843579929]},"properties":{"code_uai":"0950667J","num_siret":19950667600014,"code_academie":"025","academie":"Versailles","dep":"95","sigle_uai":"LPO LYC METIER","nature_uai":"lyc\u00e9e polyvalent","patronyme":"ROMAIN-ROLLAND","nom_etablissement":"Lyc\u00e9e polyvalent Romain Rolland","statut":"public","contrat_etablissement":null,"adresse_postale":"21 avenue DE MONTMORENCY","code_postal":"95190","code_insee":"95280","libelle":"Goussainville","telephone":"0139339555","fax":"0139885794","site_web":"http:\/\/www.lyc-rolland-goussainville.ac-versailles.fr\/","mail":"ce.0950667J@ac-versailles.fr","ministere_tutelle":"\u00c9ducation nationale","internat":null,"annee_construction":"1960","date_maj":"2025-04-14"}},{"type":"Feature","geometry":{"type":"Point","coordinates":[2.302861248134882,48.920889618228884]},"properties":{"code_uai":"0921156G","num_siret":19921156600013,"code_academie":"025","academie":"Versailles","dep":"92","sigle_uai":"LPO LYC METIER","nature_uai":"lyc\u00e9e polyvalent","patronyme":"GALIL\u00c9E","nom_etablissement":"Lyc\u00e9e polyvalent Galil\u00e9e - Lyc\u00e9e des m\u00e9tiers de la chimie et des biotechnologies","statut":"public","contrat_etablissement":null,"adresse_postale":"79 avenue Chandon","code_postal":"92230","code_insee":"92036","libelle":"Gennevilliers","telephone":"0147333020","fax":"0147933844","site_web":"http:\/\/www.lyc-galilee-gennevilliers.ac-versailles.fr\/","mail":"ce.0921156G@ac-versailles.fr","ministere_tutelle":"\u00c9ducation nationale","internat":"Oui","annee_construction":"2005","date_maj":"2026-03-12"}},{"type":"Feature","geometry":{"type":"Point","coordinates":[2.5112979907000073,48.882270887269236]},"properties":{"code_uai":"0932221J","num_siret":19930142500013,"code_academie":"024","academie":"Cr\u00e9teil","dep":"93","sigle_uai":"LPO LYC METIER","nature_uai":"lyc\u00e9e polyvalent","patronyme":"BLAISE-PASCAL","nom_etablissement":"Lyc\u00e9e polyvalent Blaise Pascal","statut":"public","contrat_etablissement":null,"adresse_postale":"18 rue MARC VIEVILLE","code_postal":"93250","code_insee":"93077","libelle":"Villemomble","telephone":"0148547961","fax":"0148943631","site_web":"http:\/\/lyceeblaisepascal.fr\/","mail":"ce.0932221J@ac-creteil.fr","ministere_tutelle":"\u00c9ducation nationale","internat":null,"annee_construction":"1970","date_maj":"2024-05-31"}},{"type":"Feature","geometry":{"type":"Point","coordinates":[2.237389426947363,48.70361532889546]},"properties":{"code_uai":"0912251C","num_siret":19911033900017,"code_academie":"025","academie":"Versailles","dep":"91","sigle_uai":"LPO LYC METIER","nature_uai":"lyc\u00e9e polyvalent","patronyme":"HENRI-POINCAR\u00c9","nom_etablissement":"Lyc\u00e9e polyvalent Henri Poincare - Lyc\u00e9e des m\u00e9tiers de l'aide \u00e0 la personne","statut":"public","contrat_etablissement":null,"adresse_postale":"36 rue LEON BOURGEOIS","code_postal":"91122","code_insee":"91477","libelle":"Palaiseau","telephone":"0169317530","fax":"0169317540","site_web":"http:\/\/www.lyc-poincare-palaiseau.ac-versailles.fr\/","mail":"ce.0912251C@ac-versailles.fr","ministere_tutelle":"\u00c9ducation nationale","internat":null,"annee_construction":"2005","date_maj":"2026-01-14"}},{"type":"Feature","geometry":{"type":"Point","coordinates":[2.0638646686638684,48.89145201051931]},"properties":{"code_uai":"0782556E","num_siret":19782556500017,"code_academie":"025","academie":"Versailles","dep":"78","sigle_uai":"LPO LYC METIER","nature_uai":"lyc\u00e9e polyvalent","patronyme":"LEONARD-DE-VINCI","nom_etablissement":"Lyc\u00e9e polyvalent L\u00e9onard de Vinci - Lyc\u00e9e des m\u00e9tiers de l'\u00e9lectrotechnique et de la maintenance industrielle","statut":"public","contrat_etablissement":null,"adresse_postale":"2 boulevard Hector Berlioz","code_postal":"78100","code_insee":"78551","libelle":"Saint-Germain-en-Laye","telephone":"0139102525","fax":"0139102535","site_web":"http:\/\/www.lyc-vinci-saint-germain.ac-versailles.fr\/","mail":"ce.0782556E@ac-versailles.fr","ministere_tutelle":"\u00c9ducation nationale","internat":null,"annee_construction":"1974","date_maj":"2026-03-05"}},{"type":"Feature","geometry":{"type":"Point","coordinates":[2.465733598651929,48.830184203953856]},"properties":{"code_uai":"0940137N","num_siret":19940137300014,"code_academie":"024","academie":"Cr\u00e9teil","dep":"94","sigle_uai":"LPO LYC METIER","nature_uai":"lyc\u00e9e polyvalent","patronyme":"SOURCE (LA)","nom_etablissement":"Lyc\u00e9e polyvalent la Source - Lyc\u00e9e des m\u00e9tiers des services et de la cr\u00e9ation","statut":"public","contrat_etablissement":null,"adresse_postale":"54 avenue de la Source","code_postal":"94130","code_insee":"94052","libelle":"Nogent-sur-Marne","telephone":"0148732298","fax":null,"site_web":"http:\/\/lasource-nogent.fr\/","mail":"ce.0940137N@ac-creteil.fr","ministere_tutelle":"\u00c9ducation nationale","internat":null,"annee_construction":"1960","date_maj":"2026-03-12"}},{"type":"Feature","geometry":{"type":"Point","coordinates":[2.5082096202110216,49.043675463365545]},"properties":{"code_uai":"0952158E","num_siret":50862650400015,"code_academie":"025","academie":"Versailles","dep":"95","sigle_uai":"LGT PR","nature_uai":"lyc\u00e9e d'enseignement g\u00e9n\u00e9ral et technologique","patronyme":"INSTITUT-PAUL-RICOEUR","nom_etablissement":"Lyc\u00e9e g\u00e9n\u00e9ral et technologique priv\u00e9 Paul Ricoeur","statut":"priv\u00e9","contrat_etablissement":"lyc\u00e9e priv\u00e9 sous contrat \u00c9ducation nationale","adresse_postale":"85 rue de Paris","code_postal":"95380","code_insee":"95351","libelle":"Louvres","telephone":"0130353985","fax":"0134318105","site_web":null,"mail":"ce.0952158E@ac-versailles.fr","ministere_tutelle":"\u00c9ducation nationale","internat":null,"annee_construction":null,"date_maj":"2026-03-12"}},{"type":"Feature","geometry":{"type":"Point","coordinates":[2.281168543435465,48.88468159851701]},"properties":{"code_uai":"0920875B","num_siret":77572829800016,"code_academie":"025","academie":"Versailles","dep":"92","sigle_uai":"LGT PR","nature_uai":"lyc\u00e9e d'enseignement g\u00e9n\u00e9ral et technologique","patronyme":"SAINTE-MARIE","nom_etablissement":"Lyc\u00e9e g\u00e9n\u00e9ral et technologique priv\u00e9 Sainte Marie","statut":"priv\u00e9","contrat_etablissement":"lyc\u00e9e priv\u00e9 sous contrat \u00c9ducation nationale","adresse_postale":"24 boulevard Victor Hugo","code_postal":"92200","code_insee":"92051","libelle":"Neuilly-sur-Seine","telephone":"0147575858","fax":"0147574247","site_web":null,"mail":"ce.0920875B@ac-versailles.fr","ministere_tutelle":"\u00c9ducation nationale","internat":null,"annee_construction":null,"date_maj":"2026-03-12"}},{"type":"Feature","geometry":{"type":"Point","coordinates":[2.3763765131614325,48.87973125043814]},"properties":{"code_uai":"0754965P","num_siret":78477860700027,"code_academie":"001","academie":"Paris","dep":"75","sigle_uai":"LGT PR","nature_uai":"lyc\u00e9e d'enseignement g\u00e9n\u00e9ral et technologique","patronyme":"LUCIEN-DE-HIRSCH","nom_etablissement":"Lyc\u00e9e g\u00e9n\u00e9ral et technologique priv\u00e9 Lucien de Hirsh","statut":"priv\u00e9","contrat_etablissement":"lyc\u00e9e priv\u00e9 sous contrat \u00c9ducation nationale","adresse_postale":"70 avenue Secr\u00e9tan","code_postal":"75019","code_insee":"75119","libelle":"Paris 19e Arrondissement","telephone":"0142088414","fax":"0142415448","site_web":"http:\/\/www.luciendehirsch.fr\/","mail":"ce.0754965P@ac-paris.fr","ministere_tutelle":"\u00c9ducation nationale","internat":null,"annee_construction":null,"date_maj":"2026-03-12"}},{"type":"Feature","geometry":{"type":"Point","coordinates":[2.4272259797205877,48.84879538198755]},"properties":{"code_uai":"0940821G","num_siret":77574152300010,"code_academie":"024","academie":"Cr\u00e9teil","dep":"94","sigle_uai":"LGT PR","nature_uai":"lyc\u00e9e d'enseignement g\u00e9n\u00e9ral et technologique","patronyme":"GREGOR-MENDEL","nom_etablissement":"Lyc\u00e9e g\u00e9n\u00e9ral et technologique priv\u00e9 Gr\u00e9gor Mendel","statut":"priv\u00e9","contrat_etablissement":"lyc\u00e9e priv\u00e9 sous contrat \u00c9ducation nationale","adresse_postale":"205 rue de Fontenay","code_postal":"94300","code_insee":"94080","libelle":"Vincennes","telephone":"0149579700","fax":null,"site_web":null,"mail":"ce.0940821G@ac-creteil.fr","ministere_tutelle":"\u00c9ducation nationale","internat":null,"annee_construction":null,"date_maj":"2026-03-12"}},{"type":"Feature","geometry":{"type":"Point","coordinates":[2.697458430950195,48.75766772337333]},"properties":{"code_uai":"0772324H","num_siret":78498956800034,"code_academie":"024","academie":"Cr\u00e9teil","dep":"77","sigle_uai":"LGT PR","nature_uai":"lyc\u00e9e d'enseignement g\u00e9n\u00e9ral et technologique","patronyme":"SAINTE-TH\u00c9R\u00c8SE","nom_etablissement":"Lyc\u00e9e g\u00e9n\u00e9ral et technologique priv\u00e9 Campus Sainte Th\u00e9r\u00e8se","statut":"priv\u00e9","contrat_etablissement":"lyc\u00e9e priv\u00e9 sous contrat \u00c9ducation nationale","adresse_postale":"Avenue Erasme- Ront point de l'E","code_postal":"77330","code_insee":"77350","libelle":"Ozoir-la-Ferri\u00e8re","telephone":"0164431000","fax":null,"site_web":null,"mail":"ce.0772324H@ac-creteil.fr","ministere_tutelle":"\u00c9ducation nationale","internat":null,"annee_construction":null,"date_maj":"2026-03-12"}},{"type":"Feature","geometry":{"type":"Point","coordinates":[2.3000400788258974,48.75382931490658]},"properties":{"code_uai":"0920904H","num_siret":30154650300014,"code_academie":"025","academie":"Versailles","dep":"92","sigle_uai":"LGT PR","nature_uai":"lyc\u00e9e d'enseignement g\u00e9n\u00e9ral et technologique","patronyme":"SAINTE-MARIE","nom_etablissement":"Lyc\u00e9e g\u00e9n\u00e9ral et technologique priv\u00e9 Sainte Marie La Croix","statut":"priv\u00e9","contrat_etablissement":"lyc\u00e9e priv\u00e9 sous contrat \u00c9ducation nationale","adresse_postale":"2 rue de l'Abbaye","code_postal":"92160","code_insee":"92002","libelle":"Antony","telephone":"0146115800","fax":"0146115810","site_web":null,"mail":"ce.0920904H@ac-versailles.fr","ministere_tutelle":"\u00c9ducation nationale","internat":null,"annee_construction":null,"date_maj":"2026-03-12"}},{"type":"Feature","geometry":{"type":"Point","coordinates":[2.099642839310491,48.89599108673565]},"properties":{"code_uai":"0783286Y","num_siret":39062446800026,"code_academie":"025","academie":"Versailles","dep":"78","sigle_uai":"LGT PR","nature_uai":"lyc\u00e9e d'enseignement g\u00e9n\u00e9ral et technologique","patronyme":"SAINT-EREMBERT","nom_etablissement":"Lyc\u00e9e g\u00e9n\u00e9ral et technologique priv\u00e9 Saint Erembert","statut":"priv\u00e9","contrat_etablissement":"lyc\u00e9e priv\u00e9 sous contrat \u00c9ducation nationale","adresse_postale":"5 rue Salomon Reinach","code_postal":"78100","code_insee":"78551","libelle":"Saint-Germain-en-Laye","telephone":"0139215858","fax":"0139215828","site_web":"www.saint-erembert.fr","mail":"ce.0783816Z@ac-versailles.fr","ministere_tutelle":"\u00c9ducation nationale","internat":null,"annee_construction":null,"date_maj":"2026-03-12"}},{"type":"Feature","geometry":{"type":"Point","coordinates":[2.361191067765284,48.89260687899484]},"properties":{"code_uai":"0754086J","num_siret":33875689300016,"code_academie":"001","academie":"Paris","dep":"75","sigle_uai":"LGT PR","nature_uai":"lyc\u00e9e d'enseignement g\u00e9n\u00e9ral et technologique","patronyme":"CHARLES-DE-FOUCAULD","nom_etablissement":"Lyc\u00e9e g\u00e9n\u00e9ral et technologique priv\u00e9 Charles de Foucauld","statut":"priv\u00e9","contrat_etablissement":"lyc\u00e9e priv\u00e9 sous contrat \u00c9ducation nationale","adresse_postale":"5 rue de la Madone","code_postal":"75018","code_insee":"75118","libelle":"Paris 18e Arrondissement","telephone":"0146077259","fax":"0146072841","site_web":"http:\/\/www.lyceecharlesdefoucauld.fr\/","mail":"ce.0754086J@ac-paris.fr","ministere_tutelle":"\u00c9ducation nationale","internat":null,"annee_construction":null,"date_maj":"2026-03-12"}},{"type":"Feature","geometry":{"type":"Point","coordinates":[2.3625406958730264,48.89265633917477]},"properties":{"code_uai":"0750800M","num_siret":19750800500018,"code_academie":"001","academie":"Paris","dep":"75","sigle_uai":"LP","nature_uai":"lyc\u00e9e professionnel","patronyme":"EDMOND-ROSTAND","nom_etablissement":"Lyc\u00e9e professionnel Edmond Rostand","statut":"public","contrat_etablissement":null,"adresse_postale":"15 RUE DE L'EVANGILE","code_postal":"75018","code_insee":"75118","libelle":"Paris 18e Arrondissement","telephone":"0153358181","fax":"0153358180","site_web":"https:\/\/www.ac-paris.fr\/serail\/jcms\/s1_819728\/fr\/accueil","mail":"ce.0750800M@ac-paris.fr","ministere_tutelle":"\u00c9ducation nationale","internat":null,"annee_construction":"1968","date_maj":"2026-01-14"}},{"type":"Feature","geometry":{"type":"Point","coordinates":[2.392590514011896,48.79927411894196]},"properties":{"code_uai":"0940145X","num_siret":19940145600017,"code_academie":"024","academie":"Cr\u00e9teil","dep":"94","sigle_uai":"LP","nature_uai":"lyc\u00e9e professionnel","patronyme":"CAMILLE-CLAUDEL","nom_etablissement":"Lyc\u00e9e professionnel Camille Claudel","statut":"public","contrat_etablissement":null,"adresse_postale":"4 rue des carri\u00e8res","code_postal":"94400","code_insee":"94081","libelle":"Vitry-sur-Seine","telephone":"0147181660","fax":null,"site_web":"https:\/\/lyceecamilleclaudel-vitry.fr\/","mail":"ce.0940145X@ac-creteil.fr","ministere_tutelle":"\u00c9ducation nationale","internat":null,"annee_construction":"1965","date_maj":"2026-03-12"}},{"type":"Feature","geometry":{"type":"Point","coordinates":[2.5454130479978945,48.80639438892424]},"properties":{"code_uai":"0940132H","num_siret":19940132400017,"code_academie":"024","academie":"Cr\u00e9teil","dep":"94","sigle_uai":"LP","nature_uai":"lyc\u00e9e professionnel","patronyme":"GABRIEL-P\u00c9RI","nom_etablissement":"Lyc\u00e9e professionnel Gabriel P\u00e9ri","statut":"public","contrat_etablissement":null,"adresse_postale":"41 avenue Boileau","code_postal":"94500","code_insee":"94017","libelle":"Champigny-sur-Marne","telephone":"0148804324","fax":null,"site_web":"http:\/\/lpgabrielperivaldemarne.info\/wordpress\/","mail":"ce.0940132H@ac-creteil.fr","ministere_tutelle":"\u00c9ducation nationale","internat":null,"annee_construction":null,"date_maj":"2026-03-12"}},{"type":"Feature","geometry":{"type":"Point","coordinates":[2.287063145552871,48.82495893858087]},"properties":{"code_uai":"0920149M","num_siret":19920149200014,"code_academie":"025","academie":"Versailles","dep":"92","sigle_uai":"LGT","nature_uai":"lyc\u00e9e d'enseignement g\u00e9n\u00e9ral et technologique","patronyme":"JULES-MICHELET","nom_etablissement":"Lyc\u00e9e g\u00e9n\u00e9ral et technologique Michelet","statut":"public","contrat_etablissement":null,"adresse_postale":"5 RUE JULLIEN","code_postal":"92174","code_insee":"92075","libelle":"Vanves","telephone":"0146426150","fax":"0146426663","site_web":"http:\/\/www.cite-scolaire-michelet-vanves.ac-versailles.fr\/","mail":"ce.0920149M@ac-versailles.fr","ministere_tutelle":"\u00c9ducation nationale","internat":"Oui","annee_construction":"1695","date_maj":"2026-03-05"}},{"type":"Feature","geometry":{"type":"Point","coordinates":[2.2447813766054168,48.58009042813943]},"properties":{"code_uai":"0911632E","num_siret":19911632800014,"code_academie":"025","academie":"Versailles","dep":"91","sigle_uai":"LGT","nature_uai":"lyc\u00e9e d'enseignement g\u00e9n\u00e9ral et technologique","patronyme":"REN\u00c9-CASSIN","nom_etablissement":"Lyc\u00e9e g\u00e9n\u00e9ral et technologique Ren\u00e9 Cassin","statut":"public","contrat_etablissement":null,"adresse_postale":"17 rue Jean Moulin","code_postal":"91294","code_insee":"91021","libelle":"Arpajon","telephone":"0160832909","fax":"0164902929","site_web":"http:\/\/www.lyc-cassin-arpajon.ac-versailles.fr\/","mail":"ce.0911632E@ac-versailles.fr","ministere_tutelle":"\u00c9ducation nationale","internat":null,"annee_construction":"1978","date_maj":"2026-03-12"}},{"type":"Feature","geometry":{"type":"Point","coordinates":[2.440758244161289,48.902080737124066]},"properties":{"code_uai":"0931613Y","num_siret":19931613400014,"code_academie":"024","academie":"Cr\u00e9teil","dep":"93","sigle_uai":"LGT","nature_uai":"lyc\u00e9e d'enseignement g\u00e9n\u00e9ral et technologique","patronyme":"LOUISE-MICHEL","nom_etablissement":"Lyc\u00e9e g\u00e9n\u00e9ral et technologique Louise Michel","statut":"public","contrat_etablissement":null,"adresse_postale":"70 avenue Jean Jaur\u00e8s","code_postal":"93000","code_insee":"93008","libelle":"Bobigny","telephone":"0148102244","fax":"0148102255","site_web":"http:\/\/louisemichelbobigny.fr\/","mail":"ce.0931613Y@ac-creteil.fr","ministere_tutelle":"\u00c9ducation nationale","internat":null,"annee_construction":"1976","date_maj":"2026-03-12"}},{"type":"Feature","geometry":{"type":"Point","coordinates":[2.3902951798257757,48.91446163195137]},"properties":{"code_uai":"0930117X","num_siret":19930117700010,"code_academie":"024","academie":"Cr\u00e9teil","dep":"93","sigle_uai":"LGT","nature_uai":"lyc\u00e9e d'enseignement g\u00e9n\u00e9ral et technologique","patronyme":"LE-CORBUSIER","nom_etablissement":"Lyc\u00e9e g\u00e9n\u00e9ral et Technologique Le Corbusier","statut":"public","contrat_etablissement":null,"adresse_postale":"44 rue L\u00e9opold Rechossi\u00e8re","code_postal":"93533","code_insee":"93001","libelle":"Aubervilliers","telephone":"0148337457","fax":null,"site_web":"https:\/\/www.lgtlecorbusier.org\/","mail":"ce.0930117X@ac-creteil.fr","ministere_tutelle":"\u00c9ducation nationale","internat":null,"annee_construction":"1965","date_maj":"2026-03-12"}},{"type":"Feature","geometry":{"type":"Point","coordinates":[2.364486504485791,48.9412972594893]},"properties":{"code_uai":"0930125F","num_siret":19930125000015,"code_academie":"024","academie":"Cr\u00e9teil","dep":"93","sigle_uai":"LGT","nature_uai":"lyc\u00e9e d'enseignement g\u00e9n\u00e9ral et technologique","patronyme":"PAUL-ELUARD","nom_etablissement":"Lyc\u00e9e enseignement g\u00e9n\u00e9ral et technologique Paul Eluard","statut":"public","contrat_etablissement":null,"adresse_postale":"15 avenue Jean Moulin","code_postal":"93206","code_insee":"93066","libelle":"Saint-Denis","telephone":"0149717000","fax":"0149400309","site_web":"http:\/\/www.suger.fr\/","mail":"ce.0930125F@ac-creteil.fr","ministere_tutelle":"\u00c9ducation nationale","internat":null,"annee_construction":"1957","date_maj":"2026-03-25"}},{"type":"Feature","geometry":{"type":"Point","coordinates":[2.574112902703786,48.84372546299013]},"properties":{"code_uai":"0931565W","num_siret":19931565600017,"code_academie":"024","academie":"Cr\u00e9teil","dep":"93","sigle_uai":"LGT","nature_uai":"lyc\u00e9e d'enseignement g\u00e9n\u00e9ral et technologique","patronyme":"FLORA-TRISTAN","nom_etablissement":"Lyc\u00e9e g\u00e9n\u00e9ral et technologique Flora Tristan","statut":"public","contrat_etablissement":null,"adresse_postale":"27 RUE DES HAUTS ROSEAUX","code_postal":"93166","code_insee":"93051","libelle":"Noisy-le-Grand","telephone":"0148151660","fax":"0148151661","site_web":null,"mail":"ce.0931565W@ac-creteil.fr","ministere_tutelle":"\u00c9ducation nationale","internat":null,"annee_construction":"1980","date_maj":"2026-01-30"}},{"type":"Feature","geometry":{"type":"Point","coordinates":[2.389553325621402,48.61869307584424]},"properties":{"code_uai":"0911937L","num_siret":19911937100011,"code_academie":"025","academie":"Versailles","dep":"91","sigle_uai":"LGT","nature_uai":"lyc\u00e9e d'enseignement g\u00e9n\u00e9ral et technologique","patronyme":"FRANCOIS-TRUFFAUT","nom_etablissement":"Lyc\u00e9e g\u00e9n\u00e9ral et technologique Fran\u00e7ois Truffaut","statut":"public","contrat_etablissement":null,"adresse_postale":"Rue Georges Pompidou","code_postal":"91072","code_insee":"91086","libelle":"Bondoufle","telephone":"0169113540","fax":"0160868752","site_web":"http:\/\/www.lyc-truffaut-bondoufle.ac-versailles.fr\/","mail":"ce.0911937L@ac-versailles.fr","ministere_tutelle":"\u00c9ducation nationale","internat":null,"annee_construction":"1991","date_maj":"2026-03-12"}},{"type":"Feature","geometry":{"type":"Point","coordinates":[2.097018853452311,49.05127565077627]},"properties":{"code_uai":"0951221L","num_siret":87826127000010,"code_academie":"025","academie":"Versailles","dep":"95","sigle_uai":"LPO PR","nature_uai":"lyc\u00e9e polyvalent","patronyme":"VAUBAN","nom_etablissement":"Lyc\u00e9e polyvalent priv\u00e9 Vauban","statut":"priv\u00e9","contrat_etablissement":"lyc\u00e9e priv\u00e9 sous contrat \u00c9ducation nationale","adresse_postale":"23 place de Petit Martroy","code_postal":"95300","code_insee":"95500","libelle":"Pontoise","telephone":"0134201313","fax":"0134201314","site_web":null,"mail":"ce.0951221L@ac-versailles.fr","ministere_tutelle":"\u00c9ducation nationale","internat":null,"annee_construction":null,"date_maj":"2026-03-12"}},{"type":"Feature","geometry":{"type":"Point","coordinates":[2.374606140786948,48.88147660729707]},"properties":{"code_uai":"0754016H","num_siret":93266389100012,"code_academie":"001","academie":"Paris","dep":"75","sigle_uai":"LPO PR","nature_uai":"lyc\u00e9e polyvalent","patronyme":"INITIATIVE (L')","nom_etablissement":"Lyc\u00e9e polyvalent priv\u00e9 L'Initiative","statut":"priv\u00e9","contrat_etablissement":"lyc\u00e9e priv\u00e9 sous contrat \u00c9ducation nationale","adresse_postale":"24 rue Bouret","code_postal":"75019","code_insee":"75119","libelle":"Paris 19e Arrondissement","telephone":"0153384410","fax":"0142415942","site_web":"www.lyceelinitiative.com","mail":"information-lyceelinitiative@wanadoo.fr","ministere_tutelle":"\u00c9ducation nationale","internat":null,"annee_construction":null,"date_maj":"2026-03-12"}},{"type":"Feature","geometry":{"type":"Point","coordinates":[2.2794516898235146,48.86556113280372]},"properties":{"code_uai":"0750699C","num_siret":19750699100011,"code_academie":"001","academie":"Paris","dep":"75","sigle_uai":"LG","nature_uai":"lyc\u00e9e d'enseignement g\u00e9n\u00e9ral","patronyme":"JANSON-DE-SAILLY","nom_etablissement":"Lyc\u00e9e g\u00e9n\u00e9ral et technologique Janson de Sailly","statut":"public","contrat_etablissement":null,"adresse_postale":"106 rue DE LA POMPE","code_postal":"75016","code_insee":"75116","libelle":"Paris 16e Arrondissement","telephone":"0155732800","fax":"0145534390","site_web":"http:\/\/www.janson-de-sailly.fr\/lycee\/","mail":"ce.0750699C@ac-paris.fr","ministere_tutelle":"\u00c9ducation nationale","internat":"Oui","annee_construction":"1884","date_maj":"2026-01-23"}},{"type":"Feature","geometry":{"type":"Point","coordinates":[2.274384237955365,48.88595460363033]},"properties":{"code_uai":"0920142E","num_siret":19920142700010,"code_academie":"025","academie":"Versailles","dep":"92","sigle_uai":"LG","nature_uai":"lyc\u00e9e d'enseignement g\u00e9n\u00e9ral","patronyme":"LOUIS-PASTEUR","nom_etablissement":"Lyc\u00e9e d'enseignement g\u00e9n\u00e9ral Louis Pasteur","statut":"public","contrat_etablissement":null,"adresse_postale":"17 boulevard D'INKERMANN","code_postal":"92200","code_insee":"92051","libelle":"Neuilly-sur-Seine","telephone":"0146241501","fax":"0147222128","site_web":"http:\/\/www.lyc-pasteur-neuilly.ac-versailles.fr\/","mail":"ce.0920142E@ac-versailles.fr","ministere_tutelle":"\u00c9ducation nationale","internat":null,"annee_construction":"1923","date_maj":"2026-02-09"}},{"type":"Feature","geometry":{"type":"Point","coordinates":[2.2721249445436613,48.855000626527904]},"properties":{"code_uai":"0750703G","num_siret":19750703100015,"code_academie":"001","academie":"Paris","dep":"75","sigle_uai":"LG","nature_uai":"lyc\u00e9e d'enseignement g\u00e9n\u00e9ral","patronyme":"MOLIERE","nom_etablissement":"Lyc\u00e9e g\u00e9n\u00e9ral Moli\u00e8re","statut":"public","contrat_etablissement":null,"adresse_postale":"71 RUE DU RANELAGH","code_postal":"75016","code_insee":"75116","libelle":"Paris 16e Arrondissement","telephone":"0142881427","fax":"0142249831","site_web":"http:\/\/www.lycee-moliere.fr\/","mail":"ce.0750703G@ac-paris.fr","ministere_tutelle":"\u00c9ducation nationale","internat":null,"annee_construction":"1888","date_maj":"2026-01-16"}},{"type":"Feature","geometry":{"type":"Point","coordinates":[2.333815334284292,48.841017895179036]},"properties":{"code_uai":"0753647G","num_siret":78428085100014,"code_academie":"001","academie":"Paris","dep":"75","sigle_uai":"LG PR","nature_uai":"lyc\u00e9e d'enseignement g\u00e9n\u00e9ral","patronyme":"ALSACIENNE","nom_etablissement":"Ecole Alsacienne (Lyc\u00e9e g\u00e9n\u00e9ral priv\u00e9)","statut":"priv\u00e9","contrat_etablissement":"lyc\u00e9e priv\u00e9 sous contrat \u00c9ducation nationale","adresse_postale":"109 rue Notre-Dame des Champs","code_postal":"75006","code_insee":"75106","libelle":"Paris 6e Arrondissement","telephone":"0144320470","fax":"0143290284","site_web":"http:\/\/www.ecole-alsacienne.org\/spip\/","mail":"ce.0753647G@ac-paris.fr","ministere_tutelle":"\u00c9ducation nationale","internat":null,"annee_construction":null,"date_maj":"2026-03-12"}},{"type":"Feature","geometry":{"type":"Point","coordinates":[2.3856562924528557,48.88554661371878]},"properties":{"code_uai":"0754325U","num_siret":78441431000101,"code_academie":"001","academie":"Paris","dep":"75","sigle_uai":"LG PR","nature_uai":"lyc\u00e9e d'enseignement g\u00e9n\u00e9ral","patronyme":"BETH-HANNA","nom_etablissement":"Lyc\u00e9e g\u00e9n\u00e9ral priv\u00e9 Beth Hanna","statut":"priv\u00e9","contrat_etablissement":"lyc\u00e9e priv\u00e9 sous contrat \u00c9ducation nationale","adresse_postale":"49 rue Petit","code_postal":"75019","code_insee":"75119","libelle":"Paris 19e Arrondissement","telephone":"0144527253","fax":"0140036573","site_web":"http:\/\/leslycees.fr\/paris-75000\/lycee-prive-beth-hanna-2vl.html","mail":"ce.0754325U@ac-paris.fr","ministere_tutelle":"\u00c9ducation nationale","internat":null,"annee_construction":null,"date_maj":"2026-03-12"}},{"type":"Feature","geometry":{"type":"Point","coordinates":[2.3965184529444565,48.84232465809332]},"properties":{"code_uai":"0753897D","num_siret":3401389570055,"code_academie":"001","academie":"Paris","dep":"75","sigle_uai":"LG PR","nature_uai":"lyc\u00e9e d'enseignement g\u00e9n\u00e9ral","patronyme":"SAINT-MICHEL-DE-PICPUS","nom_etablissement":"Lyc\u00e9e g\u00e9n\u00e9ral priv\u00e9 Saint Michel de Picpus","statut":"priv\u00e9","contrat_etablissement":"lyc\u00e9e priv\u00e9 sous contrat \u00c9ducation nationale","adresse_postale":"53 rue de la Gare de Reuilly","code_postal":"75012","code_insee":"75112","libelle":"Paris 12e Arrondissement","telephone":"0143445556","fax":"0143430834","site_web":"stmicheldepicpus.fr","mail":"contact@saintmicheldepicpus.fr","ministere_tutelle":"\u00c9ducation nationale","internat":null,"annee_construction":null,"date_maj":"2026-03-12"}},{"type":"Feature","geometry":{"type":"Point","coordinates":[2.884409769397849,48.965240864630644]},"properties":{"code_uai":"0771246L","num_siret":30410077900046,"code_academie":"024","academie":"Cr\u00e9teil","dep":"77","sigle_uai":"LG PR","nature_uai":"lyc\u00e9e d'enseignement g\u00e9n\u00e9ral","patronyme":"INSTITUT-BOSSUET","nom_etablissement":"Lyc\u00e9e g\u00e9n\u00e9ral Bossuet","statut":"priv\u00e9","contrat_etablissement":"lyc\u00e9e priv\u00e9 sous contrat \u00c9ducation nationale","adresse_postale":"12 rue de la Visitation","code_postal":"77109","code_insee":"77284","libelle":"Meaux","telephone":"0164363535","fax":null,"site_web":null,"mail":"ce.0771246l@ac-creteil.fr","ministere_tutelle":"\u00c9ducation nationale","internat":null,"annee_construction":null,"date_maj":"2026-03-12"}},{"type":"Feature","geometry":{"type":"Point","coordinates":[2.511523065375592,48.90668439959775]},"properties":{"code_uai":"0931813R","num_siret":31532018400015,"code_academie":"024","academie":"Cr\u00e9teil","dep":"93","sigle_uai":"LG PR","nature_uai":"lyc\u00e9e d'enseignement g\u00e9n\u00e9ral","patronyme":"GROUPE-SCOLAIRE-ALLIANCE","nom_etablissement":"Lyc\u00e9e g\u00e9n\u00e9ral priv\u00e9 Alliance","statut":"priv\u00e9","contrat_etablissement":"lyc\u00e9e priv\u00e9 sous contrat \u00c9ducation nationale","adresse_postale":"35 all\u00e9e Robert Estienne","code_postal":"93320","code_insee":"93057","libelle":"Les Pavillons-sous-Bois","telephone":"0148481617","fax":null,"site_web":null,"mail":"ce.0931813R@ac-creteil.fr","ministere_tutelle":"\u00c9ducation nationale","internat":null,"annee_construction":null,"date_maj":"2026-03-12"}},{"type":"Feature","geometry":{"type":"Point","coordinates":[2.4720808599421282,48.83859441464278]},"properties":{"code_uai":"0940881X","num_siret":30413578300013,"code_academie":"024","academie":"Cr\u00e9teil","dep":"94","sigle_uai":"LG PR","nature_uai":"lyc\u00e9e d'enseignement g\u00e9n\u00e9ral","patronyme":"MONTALEMBERT","nom_etablissement":"Lyc\u00e9e g\u00e9n\u00e9ral priv\u00e9 Montalembert","statut":"priv\u00e9","contrat_etablissement":"lyc\u00e9e priv\u00e9 sous contrat \u00c9ducation nationale","adresse_postale":"28 boulevard Gambetta","code_postal":"94736","code_insee":"94052","libelle":"Nogent-sur-Marne","telephone":"0148737646","fax":null,"site_web":null,"mail":"ce.0940881X@ac-creteil.fr","ministere_tutelle":"\u00c9ducation nationale","internat":null,"annee_construction":null,"date_maj":"2026-03-12"}},{"type":"Feature","geometry":{"type":"Point","coordinates":[2.33938047906221,48.840756464239895]},"properties":{"code_uai":"0753598D","num_siret":78425936800032,"code_academie":"001","academie":"Paris","dep":"75","sigle_uai":"LG PR","nature_uai":"lyc\u00e9e d'enseignement g\u00e9n\u00e9ral","patronyme":"S\u00c9VIGN\u00c9","nom_etablissement":"Coll\u00e8ge S\u00e9vign\u00e9 (Ecole secondaire priv\u00e9e)","statut":"priv\u00e9","contrat_etablissement":"lyc\u00e9e priv\u00e9 sous contrat \u00c9ducation nationale","adresse_postale":"28 rue Pierre Nicole","code_postal":"75005","code_insee":"75105","libelle":"Paris 5e Arrondissement","telephone":"0153101414","fax":"0153101415","site_web":"http:\/\/www.collegesevigne.org\/","mail":"ce.0753598D@ac-paris.fr","ministere_tutelle":"\u00c9ducation nationale","internat":null,"annee_construction":null,"date_maj":"2026-03-12"}},{"type":"Feature","geometry":{"type":"Point","coordinates":[2.2942747896366904,48.86687437031992]},"properties":{"code_uai":"0753948J","num_siret":77568888000035,"code_academie":"001","academie":"Paris","dep":"75","sigle_uai":"LG PR","nature_uai":"lyc\u00e9e d'enseignement g\u00e9n\u00e9ral","patronyme":"ASSOMPTION-LUBECK","nom_etablissement":"Institut de l'Assomption (Ecole secondaire priv\u00e9e)","statut":"priv\u00e9","contrat_etablissement":"lyc\u00e9e priv\u00e9 sous contrat \u00c9ducation nationale","adresse_postale":"6 rue de Lubeck","code_postal":"75016","code_insee":"75116","libelle":"Paris 16e Arrondissement","telephone":"0147209183","fax":"0147200198","site_web":"http:\/\/www.assomption-lubeck.com\/","mail":"ce.0753948J@ac-paris.fr","ministere_tutelle":"\u00c9ducation nationale","internat":null,"annee_construction":null,"date_maj":"2026-03-12"}},{"type":"Feature","geometry":{"type":"Point","coordinates":[2.2720404805383816,48.85109598228065]},"properties":{"code_uai":"0753217P","num_siret":77568879900615,"code_academie":"001","academie":"Paris","dep":"75","sigle_uai":"LP PR","nature_uai":"lyc\u00e9e professionnel","patronyme":"SAINTE-TH\u00c9R\u00c8SE-FONDATION-D'AUTEUIL","nom_etablissement":"Lyc\u00e9e polyvalent priv\u00e9 Sainte Th\u00e9r\u00e8se","statut":"priv\u00e9","contrat_etablissement":"lyc\u00e9e priv\u00e9 sous contrat \u00c9ducation nationale","adresse_postale":"40 rue Jean de la Fontaine","code_postal":"75016","code_insee":"75116","libelle":"Paris 16e Arrondissement","telephone":"0144147304","fax":"0144147365","site_web":"http:\/\/lycee-sainte-therese.blog.apprentis-auteuil.org","mail":"ce.0753217P@ac-paris.fr","ministere_tutelle":"\u00c9ducation nationale","internat":null,"annee_construction":null,"date_maj":"2026-03-12"}},{"type":"Feature","geometry":{"type":"Point","coordinates":[2.099642839310491,48.89599108673565]},"properties":{"code_uai":"0781856U","num_siret":3906244680001,"code_academie":"025","academie":"Versailles","dep":"78","sigle_uai":"LP PR","nature_uai":"lyc\u00e9e professionnel","patronyme":"SAINT-EREMBERT (PROFESSIONNEL)","nom_etablissement":"Lyc\u00e9e professionnel priv\u00e9 Saint Erembert","statut":"priv\u00e9","contrat_etablissement":"lyc\u00e9e priv\u00e9 sous contrat \u00c9ducation nationale","adresse_postale":"5 rue Salomon Reinach","code_postal":"78100","code_insee":"78551","libelle":"Saint-Germain-en-Laye","telephone":"0139215858","fax":"0139215828","site_web":"www.saint-erembert.fr","mail":"ce.0781856U@ac-versailles.fr","ministere_tutelle":"\u00c9ducation nationale","internat":null,"annee_construction":null,"date_maj":"2026-03-12"}},{"type":"Feature","geometry":{"type":"Point","coordinates":[2.1441671016364316,48.81688127983218]},"properties":{"code_uai":"0782100J","num_siret":78515055800019,"code_academie":"025","academie":"Versailles","dep":"78","sigle_uai":"LP PR","nature_uai":"lyc\u00e9e professionnel","patronyme":"CHATAIGNIERS (LES) (PROFESSIONNEL)","nom_etablissement":"Lyc\u00e9e professionnel priv\u00e9 Les Ch\u00e2taigniers","statut":"priv\u00e9","contrat_etablissement":"lyc\u00e9e priv\u00e9 sous contrat \u00c9ducation nationale","adresse_postale":"11 bis avenue Jean Jaur\u00e8s","code_postal":"78000","code_insee":"78646","libelle":"Versailles","telephone":"0139559504","fax":"0139231819","site_web":null,"mail":"ce.0782100J@ac-versailles.fr","ministere_tutelle":"\u00c9ducation nationale","internat":null,"annee_construction":null,"date_maj":"2026-03-12"}},{"type":"Feature","geometry":{"type":"Point","coordinates":[2.359138732052198,48.93801248587419]},"properties":{"code_uai":"0930946Y","num_siret":78562098000017,"code_academie":"024","academie":"Cr\u00e9teil","dep":"93","sigle_uai":"LP PR","nature_uai":"lyc\u00e9e professionnel","patronyme":"SAINT-VINCENT-DE-PAUL","nom_etablissement":"Lyc\u00e9e professionnel priv\u00e9 Saint Vincent de Paul","statut":"priv\u00e9","contrat_etablissement":"lyc\u00e9e priv\u00e9 sous contrat \u00c9ducation nationale","adresse_postale":"25 rue Albert Walter","code_postal":"93200","code_insee":"93066","libelle":"Saint-Denis","telephone":"0148223456","fax":null,"site_web":null,"mail":"ce.0930946Y@ac-creteil.fr","ministere_tutelle":"\u00c9ducation nationale","internat":null,"annee_construction":null,"date_maj":"2026-03-12"}},{"type":"Feature","geometry":{"type":"Point","coordinates":[2.879744147846858,48.963587083679414]},"properties":{"code_uai":"0772631S","num_siret":78496247400010,"code_academie":"024","academie":"Cr\u00e9teil","dep":"77","sigle_uai":"SEP PR","nature_uai":"Section d\u2019enseignement professionnel","patronyme":"JEAN-ROSE (SEP)","nom_etablissement":"Section d'Enseignement Professionnel Jean Ros\u00e9","statut":"priv\u00e9","contrat_etablissement":"autres \u00e9tablissements","adresse_postale":"20 rue de Chaage","code_postal":"77109","code_insee":"77284","libelle":"Meaux","telephone":"0160098850","fax":null,"site_web":null,"mail":"ce.0772631S@ac-creteil.fr","ministere_tutelle":"\u00c9ducation nationale","internat":null,"annee_construction":null,"date_maj":"2026-03-12"}},{"type":"Feature","geometry":{"type":"Point","coordinates":[2.377938887612686,48.88112074883683]},"properties":{"code_uai":"0750711R","num_siret":19750711400019,"code_academie":"001","academie":"Paris","dep":"75","sigle_uai":"LGT","nature_uai":"lyc\u00e9e d'enseignement g\u00e9n\u00e9ral et technologique","patronyme":"HENRI-BERGSON","nom_etablissement":"Lyc\u00e9e g\u00e9n\u00e9ral et technologique Henri Bergson","statut":"public","contrat_etablissement":null,"adresse_postale":"27 RUE EDOUARD PAILLERON","code_postal":"75019","code_insee":"75119","libelle":"Paris 19e Arrondissement","telephone":"0142020636","fax":"0142028352","site_web":"https:\/\/www.ac-paris.fr\/serail\/jcms\/s2_1614337\/fr\/cite-scolaire-henri-bergson-jacquard","mail":"ce.0750711R@ac-paris.fr","ministere_tutelle":"\u00c9ducation nationale","internat":null,"annee_construction":"1967","date_maj":"2026-01-14"}},{"type":"Feature","geometry":{"type":"Point","coordinates":[2.3229896222976945,48.81052663525963]},"properties":{"code_uai":"0921399W","num_siret":19921399200019,"code_academie":"025","academie":"Versailles","dep":"92","sigle_uai":"LGT","nature_uai":"lyc\u00e9e d'enseignement g\u00e9n\u00e9ral et technologique","patronyme":"MAURICE-GENEVOIX","nom_etablissement":"Lyc\u00e9e g\u00e9n\u00e9ral et technologique Maurice Genevoix","statut":"public","contrat_etablissement":null,"adresse_postale":"29 avenue DU FORT","code_postal":"92120","code_insee":"92049","libelle":"Montrouge","telephone":"0149656500","fax":"0147352845","site_web":"http:\/\/www.lyc-genevoix-montrouge.ac-versailles.fr\/","mail":"ce.0921399W@ac-versailles.fr","ministere_tutelle":"\u00c9ducation nationale","internat":null,"annee_construction":"1998","date_maj":"2026-01-16"}},{"type":"Feature","geometry":{"type":"Point","coordinates":[2.6868318330322696,48.39905368078548]},"properties":{"code_uai":"0770926N","num_siret":19770926400018,"code_academie":"024","academie":"Cr\u00e9teil","dep":"77","sigle_uai":"LGT","nature_uai":"lyc\u00e9e d'enseignement g\u00e9n\u00e9ral et technologique","patronyme":"FRANCOIS-COUPERIN","nom_etablissement":"Lyc\u00e9e g\u00e9n\u00e9ral et technologique Fran\u00e7ois Couperin","statut":"public","contrat_etablissement":null,"adresse_postale":"Route HURTAULT","code_postal":"77305","code_insee":"77186","libelle":"Fontainebleau","telephone":"0160395500","fax":"0160395501","site_web":"http:\/\/www.francoiscouperin.fr\/","mail":"ce.0770926N@ac-creteil.fr","ministere_tutelle":"\u00c9ducation nationale","internat":"Oui","annee_construction":"1967","date_maj":"2026-01-21"}},{"type":"Feature","geometry":{"type":"Point","coordinates":[2.0847198446121924,49.03466919679982]},"properties":{"code_uai":"0951399E","num_siret":19951399500019,"code_academie":"025","academie":"Versailles","dep":"95","sigle_uai":"LGT","nature_uai":"lyc\u00e9e d'enseignement g\u00e9n\u00e9ral et technologique","patronyme":"ALFRED-KASTLER","nom_etablissement":"Lyc\u00e9e g\u00e9n\u00e9ral et technologique Alfred Kastler","statut":"public","contrat_etablissement":null,"adresse_postale":"26 avenue de la Palette","code_postal":"95000","code_insee":"95127","libelle":"Cergy","telephone":"0130324747","fax":"0130323392","site_web":"http:\/\/www.lyc-kastler-cergy.ac-versailles.fr\/","mail":"ce.0951399E@ac-versailles.fr","ministere_tutelle":"\u00c9ducation nationale","internat":null,"annee_construction":"1978","date_maj":"2026-03-12"}},{"type":"Feature","geometry":{"type":"Point","coordinates":[2.146164327176315,48.99997501055952]},"properties":{"code_uai":"0951723G","num_siret":19951723600014,"code_academie":"025","academie":"Versailles","dep":"95","sigle_uai":"LGT","nature_uai":"lyc\u00e9e d'enseignement g\u00e9n\u00e9ral et technologique","patronyme":"MONTESQUIEU","nom_etablissement":"Lyc\u00e9e g\u00e9n\u00e9ral et technologique Montesquieu","statut":"public","contrat_etablissement":null,"adresse_postale":"165 rue Emile Zola","code_postal":"95220","code_insee":"95306","libelle":"Herblay-sur-Seine","telephone":"0134507100","fax":"0139781349","site_web":"http:\/\/www.lyc-montesquieu-herblay.ac-versailles.fr\/","mail":"ce.0951723G@ac-versailles.fr","ministere_tutelle":"\u00c9ducation nationale","internat":null,"annee_construction":"1990","date_maj":"2026-01-29"}},{"type":"Feature","geometry":{"type":"Point","coordinates":[2.409565936765306,48.96682862588183]},"properties":{"code_uai":"0951766D","num_siret":19951766500014,"code_academie":"025","academie":"Versailles","dep":"95","sigle_uai":"LGT","nature_uai":"lyc\u00e9e d'enseignement g\u00e9n\u00e9ral et technologique","patronyme":"SIMONE-DE-BEAUVOIR","nom_etablissement":"Lyc\u00e9e g\u00e9n\u00e9ral et technologique Simone de Beauvoir","statut":"public","contrat_etablissement":null,"adresse_postale":"171 avenue de Stalingrad","code_postal":"95141","code_insee":"95268","libelle":"Garges-l\u00e8s-Gonesse","telephone":"0139930990","fax":"0139930999","site_web":"http:\/\/www.lyc-beauvoir.ac-versailles.fr\/index.php","mail":"ce.0951766D@ac-versailles.fr","ministere_tutelle":"\u00c9ducation nationale","internat":null,"annee_construction":"1992","date_maj":"2026-03-12"}},{"type":"Feature","geometry":{"type":"Point","coordinates":[2.242575313116032,48.709422133906465]},"properties":{"code_uai":"0912321D","num_siret":78523116800010,"code_academie":"025","academie":"Versailles","dep":"91","sigle_uai":"LPO PR","nature_uai":"lyc\u00e9e polyvalent","patronyme":"SAINT-MARTIN","nom_etablissement":"Lyc\u00e9e polyvalent priv\u00e9 Saint-Martin","statut":"priv\u00e9","contrat_etablissement":"lyc\u00e9e priv\u00e9 sous contrat \u00c9ducation nationale","adresse_postale":"36 avenue du 8 Mai 1945","code_postal":"91120","code_insee":"91477","libelle":"Palaiseau","telephone":"0176471550","fax":"0169315109","site_web":null,"mail":"ce.0912321D@ac-versailles.fr","ministere_tutelle":"\u00c9ducation nationale","internat":null,"annee_construction":null,"date_maj":"2026-03-12"}},{"type":"Feature","geometry":{"type":"Point","coordinates":[1.9932748290075384,48.781960766559784]},"properties":{"code_uai":"0780584L","num_siret":19780584900019,"code_academie":"025","academie":"Versailles","dep":"78","sigle_uai":"LP","nature_uai":"lyc\u00e9e professionnel","patronyme":"HENRI-MATISSE","nom_etablissement":"Lyc\u00e9e professionnel Henri Matisse","statut":"public","contrat_etablissement":null,"adresse_postale":"92 rue de Montfort","code_postal":"78196","code_insee":"78621","libelle":"Trappes","telephone":"0130628742","fax":"0130626424","site_web":"http:\/\/www.lycee-henri-matisse.fr\/","mail":"ce.0780584L@ac-versailles.fr","ministere_tutelle":"\u00c9ducation nationale","internat":null,"annee_construction":"1972","date_maj":"2026-03-12"}},{"type":"Feature","geometry":{"type":"Point","coordinates":[2.2114494917885015,48.883562811153844]},"properties":{"code_uai":"0921626T","num_siret":19921626800011,"code_academie":"025","academie":"Versailles","dep":"92","sigle_uai":"LP","nature_uai":"lyc\u00e9e professionnel","patronyme":"CLAUDE-CHAPPE","nom_etablissement":"Lyc\u00e9e professionnel Claude Chappe","statut":"public","contrat_etablissement":null,"adresse_postale":"54 rue des Alouettes","code_postal":"92000","code_insee":"92050","libelle":"Nanterre","telephone":"0146250580","fax":"0147725660","site_web":"http:\/\/www.lyc-claudechappe-nanterre.ac-versailles.fr\/","mail":"ce.0921626T@ac-versailles.fr","ministere_tutelle":"\u00c9ducation nationale","internat":null,"annee_construction":"1979","date_maj":"2026-03-12"}},{"type":"Feature","geometry":{"type":"Point","coordinates":[2.959274568126143,48.3940334599328]},"properties":{"code_uai":"0770938B","num_siret":19770938900013,"code_academie":"024","academie":"Cr\u00e9teil","dep":"77","sigle_uai":"LPO","nature_uai":"lyc\u00e9e polyvalent","patronyme":"ANDR\u00c9-MALRAUX","nom_etablissement":"Lyc\u00e9e polyvalent Andr\u00e9 Malraux","statut":"public","contrat_etablissement":null,"adresse_postale":"4 avenue du Lyc\u00e9e","code_postal":"77130","code_insee":"77305","libelle":"Montereau-Fault-Yonne","telephone":"0164707171","fax":null,"site_web":"https:\/\/devwp.lycee-andre-malraux.org\/","mail":"ce.0770938B@ac-creteil.fr","ministere_tutelle":"\u00c9ducation nationale","internat":"Oui","annee_construction":null,"date_maj":"2026-03-12"}},{"type":"Feature","geometry":{"type":"Point","coordinates":[2.3396725120879878,49.027078954616286]},"properties":{"code_uai":"0951788C","num_siret":19951788900010,"code_academie":"025","academie":"Versailles","dep":"95","sigle_uai":"LPO","nature_uai":"lyc\u00e9e polyvalent","patronyme":"GEORGE-SAND","nom_etablissement":"Lyc\u00e9e polyvalent George Sand","statut":"public","contrat_etablissement":null,"adresse_postale":"Avenue du Lyc\u00e9e","code_postal":"95331","code_insee":"95199","libelle":"Domont","telephone":"0139350213","fax":"0139351397","site_web":"https:\/\/www.lyc-sand-domont.fr\/","mail":"ce.0951788C@ac-versailles.fr","ministere_tutelle":"\u00c9ducation nationale","internat":null,"annee_construction":"1992","date_maj":"2026-03-12"}},{"type":"Feature","geometry":{"type":"Point","coordinates":[1.9521663410362289,48.76423591028176]},"properties":{"code_uai":"0781883Y","num_siret":19781883400024,"code_academie":"025","academie":"Versailles","dep":"78","sigle_uai":"LPO","nature_uai":"lyc\u00e9e polyvalent","patronyme":"DUMONT-D'URVILLE","nom_etablissement":"Lyc\u00e9e polyvalent Dumont d'Urville","statut":"public","contrat_etablissement":null,"adresse_postale":"2 avenue de Franche Comt\u00e9","code_postal":"78310","code_insee":"78383","libelle":"Maurepas","telephone":"0130164610","fax":"0130164619","site_web":"http:\/\/www.lyc-dumont-maurepas.ac-versailles.fr\/","mail":"ce.0781883Y@ac-versailles.fr","ministere_tutelle":"\u00c9ducation nationale","internat":null,"annee_construction":"1991","date_maj":"2026-03-12"}},{"type":"Feature","geometry":{"type":"Point","coordinates":[2.283993031617917,48.90786604728012]},"properties":{"code_uai":"0920889S","num_siret":78528304500041,"code_academie":"025","academie":"Versailles","dep":"92","sigle_uai":"LGT PR","nature_uai":"lyc\u00e9e d'enseignement g\u00e9n\u00e9ral et technologique","patronyme":"SAINTE-GENEVI\u00c8VE","nom_etablissement":"Lyc\u00e9e g\u00e9n\u00e9ral et technologique priv\u00e9 Sainte Genevi\u00e8ve","statut":"priv\u00e9","contrat_etablissement":"lyc\u00e9e priv\u00e9 sous contrat \u00c9ducation nationale","adresse_postale":"48 AVENUE DE LA MARNE","code_postal":"92600","code_insee":"92004","libelle":"Asni\u00e8res-sur-Seine","telephone":"0147930528","fax":"0147912875","site_web":null,"mail":"ce.0920889S@ac-versailles.fr","ministere_tutelle":"\u00c9ducation nationale","internat":null,"annee_construction":null,"date_maj":"2026-03-12"}},{"type":"Feature","geometry":{"type":"Point","coordinates":[2.186537750453322,48.80798604716082]},"properties":{"code_uai":"0920908M","num_siret":78531918700015,"code_academie":"025","academie":"Versailles","dep":"92","sigle_uai":"LGT PR","nature_uai":"lyc\u00e9e d'enseignement g\u00e9n\u00e9ral et technologique","patronyme":"SAINT-THOMAS-DE-VILLENEUVE","nom_etablissement":"Lyc\u00e9e g\u00e9n\u00e9ral et technologique priv\u00e9 Saint Thomas de Villeneuve","statut":"priv\u00e9","contrat_etablissement":"lyc\u00e9e priv\u00e9 sous contrat \u00c9ducation nationale","adresse_postale":"1646 avenue Roger Salengro","code_postal":"92370","code_insee":"92022","libelle":"Chaville","telephone":"0141159515","fax":"0141159500","site_web":null,"mail":"ce.0920908M@ac-versailles.fr","ministere_tutelle":"\u00c9ducation nationale","internat":null,"annee_construction":null,"date_maj":"2026-03-12"}},{"type":"Feature","geometry":{"type":"Point","coordinates":[2.302697837523065,48.605234854524156]},"properties":{"code_uai":"0912384X","num_siret":78516972300018,"code_academie":"025","academie":"Versailles","dep":"91","sigle_uai":"LGT PR","nature_uai":"lyc\u00e9e d'enseignement g\u00e9n\u00e9ral et technologique","patronyme":"JEANNE-D'ARC","nom_etablissement":"Lyc\u00e9e g\u00e9n\u00e9ral et technologique priv\u00e9 Jeanne d'Arc","statut":"priv\u00e9","contrat_etablissement":"lyc\u00e9e priv\u00e9 sous contrat \u00c9ducation nationale","adresse_postale":"31 rue Alfred Leblanc","code_postal":"91220","code_insee":"91103","libelle":"Br\u00e9tigny-sur-Orge","telephone":"0160841124","fax":"0160850021","site_web":"www.jeannedarc-bretigny.fr","mail":"ce.0912384X@ac-versailles.fr","ministere_tutelle":"\u00c9ducation nationale","internat":null,"annee_construction":null,"date_maj":"2026-03-12"}},{"type":"Feature","geometry":{"type":"Point","coordinates":[2.2213265281765295,48.7947301776672]},"properties":{"code_uai":"0921592F","num_siret":19921592200014,"code_academie":"025","academie":"Versailles","dep":"92","sigle_uai":"LPO LYC METIER","nature_uai":"lyc\u00e9e polyvalent","patronyme":"LYCEE-DE-L'OBSERVATOIRE","nom_etablissement":"Lyc\u00e9e polyvalent de l'Observatoire - Lyc\u00e9e des m\u00e9tiers \u00e9co-citoyen pour le num\u00e9rique, le commerce, la restauration et l'alimentation","statut":"public","contrat_etablissement":null,"adresse_postale":"3 rue Henri Etlin","code_postal":"92360","code_insee":"92048","libelle":"Meudon","telephone":"0146015500","fax":null,"site_web":"http:\/\/www.lyc-cotesdevillebon-meudon.ac-versailles.fr\/","mail":"ce.0921592F@ac-versailles.fr","ministere_tutelle":"\u00c9ducation nationale","internat":null,"annee_construction":"1974","date_maj":"2026-03-12"}},{"type":"Feature","geometry":{"type":"Point","coordinates":[2.4369279971695375,48.866878653427094]},"properties":{"code_uai":"0932116V","num_siret":19932116700017,"code_academie":"024","academie":"Cr\u00e9teil","dep":"93","sigle_uai":"LPO LYC METIER","nature_uai":"lyc\u00e9e polyvalent","patronyme":"EUGENIE-COTTON","nom_etablissement":"Lyc\u00e9e polyvalent Eug\u00e9nie Cotton - Lyc\u00e9e des m\u00e9tiers de la cr\u00e9ation graphique, du num\u00e9rique et des services de l'entreprise","statut":"public","contrat_etablissement":null,"adresse_postale":"58 avenue FAIDHERBE","code_postal":"93100","code_insee":"93048","libelle":"Montreuil","telephone":"0148587997","fax":"0148585695","site_web":"http:\/\/lyceecotton.net\/joom3\/index.php\/fr\/","mail":"ce.0932116V@ac-creteil.fr","ministere_tutelle":"\u00c9ducation nationale","internat":null,"annee_construction":"1972","date_maj":"2026-03-12"}},{"type":"Feature","geometry":{"type":"Point","coordinates":[2.456572927550601,48.85968843096663]},"properties":{"code_uai":"0931779D","num_siret":19931779300016,"code_academie":"024","academie":"Cr\u00e9teil","dep":"93","sigle_uai":"LPO LYC METIER","nature_uai":"lyc\u00e9e polyvalent","patronyme":"HORTICULTURE-ET-DU-PAYSAGE-JEANNE-BARET","nom_etablissement":"Lyc\u00e9e polyvalent Jeanne Baret - Lyc\u00e9e des m\u00e9tiers de l'horticulture et du paysage","statut":"public","contrat_etablissement":null,"adresse_postale":"16 rue PAUL DOUMER","code_postal":"93512","code_insee":"93048","libelle":"Montreuil","telephone":"0148704110","fax":null,"site_web":"http:\/\/www.lyceehorticulture93.fr\/","mail":"ce.0931779D@ac-creteil.fr","ministere_tutelle":"\u00c9ducation nationale","internat":null,"annee_construction":"1954","date_maj":"2026-03-12"}},{"type":"Feature","geometry":{"type":"Point","coordinates":[2.497342821197465,48.790607475928766]},"properties":{"code_uai":"0940585A","num_siret":19940585300011,"code_academie":"024","academie":"Cr\u00e9teil","dep":"94","sigle_uai":"LPO LYC METIER","nature_uai":"lyc\u00e9e polyvalent","patronyme":"FRANCOIS-MANSART","nom_etablissement":"Lyc\u00e9e polyvalent Fran\u00e7ois Mansart - Lyc\u00e9e des m\u00e9tiers du bois, de l'habitat et du design","statut":"public","contrat_etablissement":null,"adresse_postale":"25 avenue de la banque","code_postal":"94100","code_insee":"94068","libelle":"Saint-Maur-des-Foss\u00e9s","telephone":"0148834880","fax":null,"site_web":"http:\/\/lyceemansart.fr\/","mail":"ce.0940585A@ac-creteil.fr","ministere_tutelle":"\u00c9ducation nationale","internat":null,"annee_construction":"1990","date_maj":"2026-03-12"}},{"type":"Feature","geometry":{"type":"Point","coordinates":[3.0929269915167716,48.824500986490555]},"properties":{"code_uai":"0770924L","num_siret":19770924900019,"code_academie":"024","academie":"Cr\u00e9teil","dep":"77","sigle_uai":"LPO LYC METIER","nature_uai":"lyc\u00e9e polyvalent","patronyme":"JULES-FERRY Campus de Coulommiers\"\"","nom_etablissement":"Lyc\u00e9e Polyvalent de Coulomiers - Lyc\u00e9e des m\u00e9tiers de l'automobile et des engins motoris\u00e9s","statut":"public","contrat_etablissement":null,"adresse_postale":"6 rue des Templiers","code_postal":"77527","code_insee":"77131","libelle":"Coulommiers","telephone":"0164758844","fax":"0164753000","site_web":"https:\/\/www.campus-coulommiers.eu\/","mail":"ce.0770924L@ac-creteil.fr","ministere_tutelle":"\u00c9ducation nationale","internat":"Oui","annee_construction":"1967","date_maj":"2026-01-14"}},{"type":"Feature","geometry":{"type":"Point","coordinates":[2.2957339788768523,48.97199644141401]},"properties":{"code_uai":"0952196W","num_siret":20006116600019,"code_academie":"025","academie":"Versailles","dep":"95","sigle_uai":"LPO LYC METIER","nature_uai":"lyc\u00e9e polyvalent","patronyme":"GUSTAVE-MONOD","nom_etablissement":"Lyc\u00e9e polyvalent Gustave Monod, lyc\u00e9e des m\u00e9tiers de l'ing\u00e9nierie industrielle","statut":"public","contrat_etablissement":null,"adresse_postale":"71 avenue de Ceinture","code_postal":"95880","code_insee":"95210","libelle":"Enghien-les-Bains","telephone":"0139893241","fax":"0134170929","site_web":"http:\/\/www.lyc-polyvalent-monod-enghien.ac-versailles.fr\/","mail":"ce.0952196W@ac-versailles.fr","ministere_tutelle":"\u00c9ducation nationale","internat":null,"annee_construction":"1955","date_maj":"2026-03-12"}},{"type":"Feature","geometry":{"type":"Point","coordinates":[2.1326553990732626,48.826174606347394]},"properties":{"code_uai":"0782602E","num_siret":19782602700017,"code_academie":"025","academie":"Versailles","dep":"78","sigle_uai":"LP LYC METIER","nature_uai":"lyc\u00e9e professionnel","patronyme":"JEAN-MOULIN","nom_etablissement":"Lyc\u00e9e polyvalent Jean Moulin - Lyc\u00e9e des m\u00e9tiers de l'\u00e9lectro-\u00e9nerg\u00e9tique","statut":"public","contrat_etablissement":null,"adresse_postale":"18 RUE DU DOCTEUR AUDIGIER","code_postal":"78150","code_insee":"78158","libelle":"Le Chesnay-Rocquencourt","telephone":"0139231680","fax":"0139231689","site_web":"http:\/\/www.lyc-moulin-lechesnay.ac-versailles.fr\/","mail":"ce.0782602E@ac-versailles.fr","ministere_tutelle":"\u00c9ducation nationale","internat":null,"annee_construction":"1971","date_maj":"2026-03-05"}},{"type":"Feature","geometry":{"type":"Point","coordinates":[2.92676770386737,48.37385618033897]},"properties":{"code_uai":"0770945J","num_siret":19770945400015,"code_academie":"024","academie":"Cr\u00e9teil","dep":"77","sigle_uai":"LP LYC METIER","nature_uai":"lyc\u00e9e professionnel","patronyme":"GUSTAVE-EIFFEL","nom_etablissement":"Lyc\u00e9e professionnel Gustave Eiffel - Lyc\u00e9e des m\u00e9tiers","statut":"public","contrat_etablissement":null,"adresse_postale":"4 avenue D'ORMES","code_postal":"77130","code_insee":"77482","libelle":"Varennes-sur-Seine","telephone":"0164705280","fax":"0164705286","site_web":"http:\/\/lyceegustaveeiffel77.fr\/","mail":"ce.0770945J@ac-creteil.fr","ministere_tutelle":"\u00c9ducation nationale","internat":"Oui","annee_construction":"1949","date_maj":"2026-01-16"}},{"type":"Feature","geometry":{"type":"Point","coordinates":[2.2942799253642345,49.136638719481795]},"properties":{"code_uai":"0950164M","num_siret":19950164400017,"code_academie":"025","academie":"Versailles","dep":"95","sigle_uai":"EREA","nature_uai":"\u00e9tablissement r\u00e9gional d\u2019enseignement adapt\u00e9","patronyme":"FRANCOISE-DOLTO","nom_etablissement":"Etablissement r\u00e9gional d'enseignement adapt\u00e9 Fran\u00e7oise Dolto","statut":"public","contrat_etablissement":null,"adresse_postale":"106 rue Roussel","code_postal":"95260","code_insee":"95052","libelle":"Beaumont-sur-Oise","telephone":"0139374260","fax":"0134701409","site_web":"http:\/\/www.erea-dolto-beaumont.ac-versailles.fr\/","mail":"ce.0950164M@ac-versailles.fr","ministere_tutelle":"\u00c9ducation nationale","internat":"Oui","annee_construction":null,"date_maj":"2026-03-12"}},{"type":"Feature","geometry":{"type":"Point","coordinates":[2.1370639634984654,48.846219749553725]},"properties":{"code_uai":"0782822U","num_siret":19782822100014,"code_academie":"025","academie":"Versailles","dep":"78","sigle_uai":"LPO","nature_uai":"lyc\u00e9e polyvalent","patronyme":"CORNEILLE","nom_etablissement":"Lyc\u00e9e polyvalent Pierre Corneille","statut":"public","contrat_etablissement":null,"adresse_postale":"4 avenue Pierre Cormeille","code_postal":"78170","code_insee":"78126","libelle":"La Celle-Saint-Cloud","telephone":"0139694003","fax":"0139183937","site_web":"http:\/\/www.lyc-corneille-lacelle.ac-versailles.fr\/","mail":"ce.0782822U@ac-versailles.fr","ministere_tutelle":"\u00c9ducation nationale","internat":null,"annee_construction":"1965","date_maj":"2026-03-12"}},{"type":"Feature","geometry":{"type":"Point","coordinates":[1.7509844529392136,48.986012883327085]},"properties":{"code_uai":"0781884Z","num_siret":19781884200019,"code_academie":"025","academie":"Versailles","dep":"78","sigle_uai":"LPO","nature_uai":"lyc\u00e9e polyvalent","patronyme":"CONDORCET","nom_etablissement":"Lyc\u00e9e polyvalent Condorcet","statut":"public","contrat_etablissement":null,"adresse_postale":"All\u00e9e Condorcet","code_postal":"78520","code_insee":"78335","libelle":"Limay","telephone":"0130927272","fax":"0130924546","site_web":"http:\/\/www.lyc-condorcet-limay.ac-versailles.fr\/","mail":"ce.0781884Z@ac-versailles.fr","ministere_tutelle":"\u00c9ducation nationale","internat":null,"annee_construction":"1991","date_maj":"2026-03-12"}},{"type":"Feature","geometry":{"type":"Point","coordinates":[2.4669439734030068,48.783884965626555]},"properties":{"code_uai":"0941018W","num_siret":19941019200017,"code_academie":"024","academie":"Cr\u00e9teil","dep":"94","sigle_uai":"LPO","nature_uai":"lyc\u00e9e polyvalent","patronyme":"EDOUARD-BRANLY","nom_etablissement":"Lyc\u00e9e polyvalent Edouard Branly","statut":"public","contrat_etablissement":null,"adresse_postale":"33 rue DU PETIT BOIS","code_postal":"94000","code_insee":"94028","libelle":"Cr\u00e9teil","telephone":"0143393475","fax":"0143394534","site_web":"http:\/\/www.branly.fr\/","mail":"ce.0941018W@ac-creteil.fr","ministere_tutelle":"\u00c9ducation nationale","internat":null,"annee_construction":"1969","date_maj":"2026-01-26"}},{"type":"Feature","geometry":{"type":"Point","coordinates":[2.445193431335082,48.77979890015114]},"properties":{"code_uai":"0941413A","num_siret":19941413700018,"code_academie":"024","academie":"Cr\u00e9teil","dep":"94","sigle_uai":"LPO","nature_uai":"lyc\u00e9e polyvalent","patronyme":"L\u00c9ON-BLUM","nom_etablissement":"Lyc\u00e9e polyvalent L\u00e9on Blum","statut":"public","contrat_etablissement":null,"adresse_postale":"5 rue JEAN GABIN","code_postal":"94000","code_insee":"94028","libelle":"Cr\u00e9teil","telephone":"0148992248","fax":"0148999980","site_web":"http:\/\/lyceeblumcreteil.over-blog.com\/","mail":"ce.0941413A@ac-creteil.fr","ministere_tutelle":"\u00c9ducation nationale","internat":null,"annee_construction":"1977","date_maj":"2026-01-24"}},{"type":"Feature","geometry":{"type":"Point","coordinates":[2.324774506773462,48.78867682535173]},"properties":{"code_uai":"0940580V","num_siret":19940580400014,"code_academie":"024","academie":"Cr\u00e9teil","dep":"94","sigle_uai":"LPO","nature_uai":"lyc\u00e9e polyvalent","patronyme":"LYCEE-POLYVALENT-DIT-CAMPUS\"\"","nom_etablissement":"Lyc\u00e9e Polyvalent de Cachan","statut":"public","contrat_etablissement":null,"adresse_postale":"63 avenue du Pr\u00e9sident Wilson","code_postal":"94230","code_insee":"94016","libelle":"Cachan","telephone":"0147404720","fax":null,"site_web":"http:\/\/lyceedecachan.fr\/","mail":"ce.0940580V@ac-creteil.fr","ministere_tutelle":"\u00c9ducation nationale","internat":null,"annee_construction":null,"date_maj":"2026-03-12"}},{"type":"Feature","geometry":{"type":"Point","coordinates":[2.5387766314700504,48.939573054461775]},"properties":{"code_uai":"0932048W","num_siret":19932048200011,"code_academie":"024","academie":"Cr\u00e9teil","dep":"93","sigle_uai":"LPO","nature_uai":"lyc\u00e9e polyvalent","patronyme":"BLAISE-CENDRARS","nom_etablissement":"Lyc\u00e9e polyvalent Blaise Cendrars","statut":"public","contrat_etablissement":null,"adresse_postale":"12 avenue LEON JOUHAUX","code_postal":"93270","code_insee":"93071","libelle":"Sevran","telephone":"0149362050","fax":"0143856131","site_web":"http:\/\/lyceeblaisecendrars.blogspot.com\/","mail":"ce.0932048W@ac-creteil.fr","ministere_tutelle":"\u00c9ducation nationale","internat":null,"annee_construction":"1993","date_maj":"2026-03-12"}},{"type":"Feature","geometry":{"type":"Point","coordinates":[2.3640346171235267,48.86135218900356]},"properties":{"code_uai":"0750651A","num_siret":19750651200015,"code_academie":"001","academie":"Paris","dep":"75","sigle_uai":"LPO","nature_uai":"lyc\u00e9e polyvalent","patronyme":"SIMONE-WEIL","nom_etablissement":"Lyc\u00e9e polyvalent Simone Weil","statut":"public","contrat_etablissement":null,"adresse_postale":"7 rue de Poitou","code_postal":"75003","code_insee":"75103","libelle":"Paris 3e Arrondissement","telephone":"0148873774","fax":"0148871535","site_web":"https:\/\/lyc-simone-weil.ac-paris.fr\/","mail":"ce.0750651A@ac-paris.fr","ministere_tutelle":"\u00c9ducation nationale","internat":null,"annee_construction":"1720","date_maj":"2026-03-12"}},{"type":"Feature","geometry":{"type":"Point","coordinates":[2.3455129989799697,48.657926614138525]},"properties":{"code_uai":"0911037H","num_siret":19911037000020,"code_academie":"025","academie":"Versailles","dep":"91","sigle_uai":"LP LYC METIER","nature_uai":"lyc\u00e9e professionnel","patronyme":"ANDR\u00c9-MARIE-AMP\u00c8RE","nom_etablissement":"Lyc\u00e9e professionnel Andr\u00e9-Marie Amp\u00e8re, Lyc\u00e9e des m\u00e9tiers du num\u00e9rique et de la transition \u00e9nerg\u00e9tique","statut":"public","contrat_etablissement":null,"adresse_postale":"12 bis route du Bois Pommier","code_postal":"91390","code_insee":"91434","libelle":"Morsang-sur-Orge","telephone":"0169040434","fax":"0169049056","site_web":"http:\/\/www.lyc-ampere-morsang.ac-versailles.fr\/","mail":"ce.0911037H@ac-versailles.fr","ministere_tutelle":"\u00c9ducation nationale","internat":null,"annee_construction":"2001","date_maj":"2026-03-12"}},{"type":"Feature","geometry":{"type":"Point","coordinates":[2.5082514034395587,48.94454426421222]},"properties":{"code_uai":"0930846P","num_siret":19930846100011,"code_academie":"024","academie":"Cr\u00e9teil","dep":"93","sigle_uai":"LP LYC METIER","nature_uai":"lyc\u00e9e professionnel","patronyme":"VOILLAUME (PROFESSIONNEL)","nom_etablissement":"Lyc\u00e9e professionnel Voillaume","statut":"public","contrat_etablissement":null,"adresse_postale":"136 rue DE MITRY","code_postal":"93601","code_insee":"93005","libelle":"Aulnay-sous-Bois","telephone":"0148193193","fax":"0148694573","site_web":"https:\/\/www.lyceevoillaume.fr","mail":"ce.0930846P@ac-creteil.fr","ministere_tutelle":"\u00c9ducation nationale","internat":null,"annee_construction":"1962","date_maj":"2026-02-22"}},{"type":"Feature","geometry":{"type":"Point","coordinates":[2.4919661979623395,48.913886445675615]},"properties":{"code_uai":"0930136T","num_siret":19930136700017,"code_academie":"024","academie":"Cr\u00e9teil","dep":"93","sigle_uai":"LP LYC METIER","nature_uai":"lyc\u00e9e professionnel","patronyme":"CLAUDE-NICOLAS-LEDOUX","nom_etablissement":"Lyc\u00e9e polyvalent Claude-Nicolas Ledoux - Lyc\u00e9e des m\u00e9tiers du b\u00e2timent, des travaux publics et de la menuiserie","statut":"public","contrat_etablissement":null,"adresse_postale":"1 boulevard de Paris","code_postal":"93320","code_insee":"93057","libelle":"Les Pavillons-sous-Bois","telephone":"0148503200","fax":"0148503201","site_web":"http:\/\/ledoux-ebtp.com\/","mail":"ce.0930136T@ac-creteil.fr","ministere_tutelle":"\u00c9ducation nationale","internat":null,"annee_construction":"1950","date_maj":"2026-01-13"}},{"type":"Feature","geometry":{"type":"Point","coordinates":[2.254524266984075,48.73154786458686]},"properties":{"code_uai":"0910727W","num_siret":19910727700014,"code_academie":"025","academie":"Versailles","dep":"91","sigle_uai":"LPO LYC METIER","nature_uai":"lyc\u00e9e polyvalent","patronyme":"PARC-DE-VILG\u00c9NIS","nom_etablissement":"Lyc\u00e9e polyvalent Parc de Vilgenis, lyc\u00e9e des m\u00e9tiers du num\u00e9rique, de l'industrie et des services","statut":"public","contrat_etablissement":null,"adresse_postale":"80 rue de Versailles","code_postal":"91300","code_insee":"91377","libelle":"Massy","telephone":"0169537400","fax":"0169537427","site_web":"http:\/\/www.lyc-vilgenis-massy.ac-versailles.fr\/","mail":"ce.0910727W@ac-versailles.fr","ministere_tutelle":"\u00c9ducation nationale","internat":null,"annee_construction":"1967","date_maj":"2026-03-12"}},{"type":"Feature","geometry":{"type":"Point","coordinates":[2.3754744706076707,48.98121393079114]},"properties":{"code_uai":"0951048Y","num_siret":77567877400156,"code_academie":"025","academie":"Versailles","dep":"95","sigle_uai":"LGT PR","nature_uai":"lyc\u00e9e d'enseignement g\u00e9n\u00e9ral et technologique","patronyme":"TORAT-EMET","nom_etablissement":"Lyc\u00e9e g\u00e9n\u00e9ral et technologique priv\u00e9 Torat Emet","statut":"priv\u00e9","contrat_etablissement":"lyc\u00e9e priv\u00e9 sous contrat \u00c9ducation nationale","adresse_postale":"14 avenue Charles P\u00e9guy","code_postal":"95200","code_insee":"95585","libelle":"Sarcelles","telephone":"0139909628","fax":"0134192509","site_web":null,"mail":"ilana.bueno@ozarhatorah.com","ministere_tutelle":"\u00c9ducation nationale","internat":null,"annee_construction":null,"date_maj":"2026-03-12"}},{"type":"Feature","geometry":{"type":"Point","coordinates":[2.389436317382865,48.98278214553531]},"properties":{"code_uai":"0951940T","num_siret":83111242000011,"code_academie":"025","academie":"Versailles","dep":"95","sigle_uai":"LGT PR","nature_uai":"lyc\u00e9e d'enseignement g\u00e9n\u00e9ral et technologique","patronyme":"OZAR-HATORAH","nom_etablissement":"Lyc\u00e9e g\u00e9n\u00e9ral et technologique priv\u00e9 Ozar Hatorah","statut":"priv\u00e9","contrat_etablissement":"lyc\u00e9e priv\u00e9 sous contrat \u00c9ducation nationale","adresse_postale":"1 rue Jean Lurcat","code_postal":"95200","code_insee":"95585","libelle":"Sarcelles","telephone":"0139907989","fax":"0139900066","site_web":null,"mail":"directeur.osg@gmail.com","ministere_tutelle":"\u00c9ducation nationale","internat":null,"annee_construction":null,"date_maj":"2026-03-12"}},{"type":"Feature","geometry":{"type":"Point","coordinates":[2.2757668561162783,48.90302861967005]},"properties":{"code_uai":"0921484N","num_siret":78535510800016,"code_academie":"025","academie":"Versailles","dep":"92","sigle_uai":"LGT PR","nature_uai":"lyc\u00e9e d'enseignement g\u00e9n\u00e9ral et technologique","patronyme":"MONTALEMBERT","nom_etablissement":"Lyc\u00e9e g\u00e9n\u00e9ral et technologique priv\u00e9 Montalembert","statut":"priv\u00e9","contrat_etablissement":"lyc\u00e9e priv\u00e9 sous contrat \u00c9ducation nationale","adresse_postale":"238 boulevard Saint Denis","code_postal":"92400","code_insee":"92026","libelle":"Courbevoie","telephone":"0146671300","fax":"0143338302","site_web":null,"mail":"ce.0921484N@ac-versailles.fr","ministere_tutelle":"\u00c9ducation nationale","internat":null,"annee_construction":null,"date_maj":"2026-03-12"}},{"type":"Feature","geometry":{"type":"Point","coordinates":[2.05957275024228,48.802860621963646]},"properties":{"code_uai":"0782593V","num_siret":19782593800016,"code_academie":"025","academie":"Versailles","dep":"78","sigle_uai":"LP","nature_uai":"lyc\u00e9e professionnel","patronyme":"JEAN-PERRIN","nom_etablissement":"Lyc\u00e9e professionnel Jean Perrin","statut":"public","contrat_etablissement":null,"adresse_postale":"1 rue LUCIEN SAMPAIX","code_postal":"78210","code_insee":"78545","libelle":"Saint-Cyr-l'\u00c9cole","telephone":"0130451012","fax":"0130458177","site_web":"http:\/\/www.lyc-perrin-st-cyr.ac-versailles.fr\/","mail":"ce.0782593V@ac-versailles.fr","ministere_tutelle":"\u00c9ducation nationale","internat":null,"annee_construction":"1963","date_maj":"2026-03-05"}},{"type":"Feature","geometry":{"type":"Point","coordinates":[2.2878443117179637,48.82002327168077]},"properties":{"code_uai":"0921505L","num_siret":19921505400016,"code_academie":"025","academie":"Versailles","dep":"92","sigle_uai":"LP","nature_uai":"lyc\u00e9e professionnel","patronyme":"LOUIS-DARDENNE","nom_etablissement":"Lyc\u00e9e professionnel Louis Dardenne","statut":"public","contrat_etablissement":null,"adresse_postale":"25 rue Louis Dardenne","code_postal":"92170","code_insee":"92075","libelle":"Vanves","telephone":"0147363407","fax":"0147360809","site_web":"http:\/\/www.lyc-dardenne-vanves.ac-versailles.fr\/","mail":"ce.0921505L@ac-versailles.fr","ministere_tutelle":"\u00c9ducation nationale","internat":null,"annee_construction":"1972","date_maj":"2026-03-12"}},{"type":"Feature","geometry":{"type":"Point","coordinates":[2.367405677134921,48.87648795717409]},"properties":{"code_uai":"0750775K","num_siret":19750775900011,"code_academie":"001","academie":"Paris","dep":"75","sigle_uai":"LP","nature_uai":"lyc\u00e9e professionnel","patronyme":"GUSTAVE-FERRI\u00c9","nom_etablissement":"Lyc\u00e9e professionnel Gustave Ferri\u00e9","statut":"public","contrat_etablissement":null,"adresse_postale":"7 rue DES ECLUSES ST MARTIN","code_postal":"75010","code_insee":"75110","libelle":"Paris 10e Arrondissement","telephone":"0142021955","fax":"0142029081","site_web":"https:\/\/www.ac-paris.fr\/serail\/jcms\/s2_1555831\/fr\/lycee-gustave-ferrie","mail":"ce.0750775K@ac-paris.fr","ministere_tutelle":"\u00c9ducation nationale","internat":null,"annee_construction":"1963","date_maj":"2026-01-14"}},{"type":"Feature","geometry":{"type":"Point","coordinates":[2.7281192981058764,48.88732929973339]},"properties":{"code_uai":"0770944H","num_siret":19770944700019,"code_academie":"024","academie":"Cr\u00e9teil","dep":"77","sigle_uai":"LP","nature_uai":"lyc\u00e9e professionnel","patronyme":"AUGUSTE-PERDONNET","nom_etablissement":"Lyc\u00e9e professionnel Auguste Perdonnet","statut":"public","contrat_etablissement":null,"adresse_postale":"1 all\u00e9e du Ch\u00e2teau","code_postal":"77400","code_insee":"77464","libelle":"Thorigny-sur-Marne","telephone":"0160075040","fax":"0160072374","site_web":"https:\/\/perdonnet.fr\/","mail":"ce.0770944H@ac-creteil.fr","ministere_tutelle":"\u00c9ducation nationale","internat":"Oui","annee_construction":"1991","date_maj":"2026-01-16"}},{"type":"Feature","geometry":{"type":"Point","coordinates":[2.368535829636344,48.89989073520686]},"properties":{"code_uai":"0750419Y","num_siret":19750419400014,"code_academie":"001","academie":"Paris","dep":"75","sigle_uai":"LP","nature_uai":"lyc\u00e9e professionnel","patronyme":"CAMILLE-JENATZY","nom_etablissement":"Lyc\u00e9e professionnel M\u00e9canique automobile Camille Jenatzy","statut":"public","contrat_etablissement":null,"adresse_postale":"6 rue CHARLES HERMITE","code_postal":"75018","code_insee":"75118","libelle":"Paris 18e Arrondissement","telephone":"0140378540","fax":"0140341024","site_web":"https:\/\/www.ac-paris.fr\/serail\/jcms\/s2_1810047\/fr\/lycee-camille-jenatzy-mecanique-et-logistique","mail":"ce.0750419Y@ac-paris.fr","ministere_tutelle":"\u00c9ducation nationale","internat":null,"annee_construction":"1938","date_maj":"2026-01-13"}},{"type":"Feature","geometry":{"type":"Point","coordinates":[2.3132139028518757,48.749504855852706]},"properties":{"code_uai":"0920130S","num_siret":19920130200015,"code_academie":"025","academie":"Versailles","dep":"92","sigle_uai":"LGT","nature_uai":"lyc\u00e9e d'enseignement g\u00e9n\u00e9ral et technologique","patronyme":"REN\u00c9-DESCARTES","nom_etablissement":"Lyc\u00e9e g\u00e9n\u00e9ral et technologique Descartes","statut":"public","contrat_etablissement":null,"adresse_postale":"1 AVENUE LAVOISIER","code_postal":"92761","code_insee":"92002","libelle":"Antony","telephone":"0146114980","fax":"0140968702","site_web":"http:\/\/www.lyc-descartes-antony.ac-versailles.fr\/","mail":"ce.0920130S@ac-versailles.fr","ministere_tutelle":"\u00c9ducation nationale","internat":null,"annee_construction":"1961","date_maj":"2026-01-20"}},{"type":"Feature","geometry":{"type":"Point","coordinates":[2.2596680663599003,48.91063016567943]},"properties":{"code_uai":"0920132U","num_siret":19920132800010,"code_academie":"025","academie":"Versailles","dep":"92","sigle_uai":"LGT","nature_uai":"lyc\u00e9e d'enseignement g\u00e9n\u00e9ral et technologique","patronyme":"ALBERT-CAMUS","nom_etablissement":"Lyc\u00e9e g\u00e9n\u00e9ral et technologique Albert Camus","statut":"public","contrat_etablissement":null,"adresse_postale":"131 rue PIERRE JOIGNEAUX","code_postal":"92270","code_insee":"92009","libelle":"Bois-Colombes","telephone":"0142426979","fax":"0142429939","site_web":null,"mail":"ce.0920132U@ac-versailles.fr","ministere_tutelle":"\u00c9ducation nationale","internat":null,"annee_construction":"1957","date_maj":"2026-01-16"}},{"type":"Feature","geometry":{"type":"Point","coordinates":[2.0620244126996594,48.946813146880004]},"properties":{"code_uai":"0781898P","num_siret":19781898200013,"code_academie":"025","academie":"Versailles","dep":"78","sigle_uai":"LGT","nature_uai":"lyc\u00e9e d'enseignement g\u00e9n\u00e9ral et technologique","patronyme":"CHARLES-DE-GAULLE","nom_etablissement":"Lyc\u00e9e g\u00e9n\u00e9ral et technologique Charles de Gaulle","statut":"public","contrat_etablissement":null,"adresse_postale":"10 rue Gustave Eiffel","code_postal":"78306","code_insee":"78498","libelle":"Poissy","telephone":"0139117711","fax":"0139111425","site_web":"http:\/\/www.lyc-cdg-poissy.ac-versailles.fr\/","mail":"ce.0781898P@ac-versailles.fr","ministere_tutelle":"\u00c9ducation nationale","internat":null,"annee_construction":"1991","date_maj":"2026-03-12"}},{"type":"Feature","geometry":{"type":"Point","coordinates":[2.258061527632669,48.899480336654825]},"properties":{"code_uai":"0920138A","num_siret":19920138500028,"code_academie":"025","academie":"Versailles","dep":"92","sigle_uai":"LGT","nature_uai":"lyc\u00e9e d'enseignement g\u00e9n\u00e9ral et technologique","patronyme":"PAUL-LAPIE","nom_etablissement":"Lyc\u00e9e g\u00e9n\u00e9ral et technologique Paul Lapie","statut":"public","contrat_etablissement":null,"adresse_postale":"5 boulevard Aristide Briand","code_postal":"92401","code_insee":"92026","libelle":"Courbevoie","telephone":"0141880370","fax":"0141880365","site_web":"http:\/\/www.lyc-lapie-courbevoie.ac-versailles.fr\/","mail":"ce.0920138A@ac-versailles.fr","ministere_tutelle":"\u00c9ducation nationale","internat":null,"annee_construction":"1933","date_maj":"2024-07-04"}},{"type":"Feature","geometry":{"type":"Point","coordinates":[2.0973454992825578,48.70042148470852]},"properties":{"code_uai":"0911913K","num_siret":19911913200017,"code_academie":"025","academie":"Versailles","dep":"91","sigle_uai":"LGT","nature_uai":"lyc\u00e9e d'enseignement g\u00e9n\u00e9ral et technologique","patronyme":"VALL\u00c9E-DE-CHEVREUSE (DE LA)","nom_etablissement":"Lyc\u00e9e g\u00e9n\u00e9ral et technologique Vall\u00e9e de Chevreuse","statut":"public","contrat_etablissement":null,"adresse_postale":"8 rue de Madrid","code_postal":"91192","code_insee":"91272","libelle":"Gif-sur-Yvette","telephone":"0169188700","fax":"0169829596","site_web":"http:\/\/www.lyc-chevreuse-gif.ac-versailles.fr\/","mail":"ce.0911913K@ac-versailles.fr","ministere_tutelle":"\u00c9ducation nationale","internat":null,"annee_construction":"1987","date_maj":"2026-03-12"}},{"type":"Feature","geometry":{"type":"Point","coordinates":[2.2107325269635,49.01489300557792]},"properties":{"code_uai":"0950651S","num_siret":19950651000015,"code_academie":"025","academie":"Versailles","dep":"95","sigle_uai":"LGT","nature_uai":"lyc\u00e9e d'enseignement g\u00e9n\u00e9ral et technologique","patronyme":"JACQUES-PR\u00c9VERT","nom_etablissement":"Lyc\u00e9e g\u00e9n\u00e9ral et technologique Jacques Pr\u00e9vert","statut":"public","contrat_etablissement":null,"adresse_postale":"23 CHEMIN VERT DE BOISSY","code_postal":"95150","code_insee":"95607","libelle":"Taverny","telephone":"0139953225","fax":"0130407430","site_web":"http:\/\/www.lyc-prevert-taverny.ac-versailles.fr\/","mail":"ce.0950651S@ac-versailles.fr","ministere_tutelle":"\u00c9ducation nationale","internat":null,"annee_construction":"1974","date_maj":"2024-05-31"}},{"type":"Feature","geometry":{"type":"Point","coordinates":[2.253789332325514,48.81896567222237]},"properties":{"code_uai":"0922397F","num_siret":19920161700032,"code_academie":"025","academie":"Versailles","dep":"92","sigle_uai":"LGT","nature_uai":"lyc\u00e9e d'enseignement g\u00e9n\u00e9ral et technologique","patronyme":"EUG\u00c8NE-IONESCO","nom_etablissement":"Lyc\u00e9e g\u00e9n\u00e9ral et technologique Eug\u00e8ne Ionesco","statut":"public","contrat_etablissement":null,"adresse_postale":"152 avenue de Verdun","code_postal":"92130","code_insee":"92040","libelle":"Issy-les-Moulineaux","telephone":"0141461290","fax":"0147367626","site_web":"http:\/\/www.lyc-ionesco-issy.ac-versailles.fr\/","mail":"ce.0922397F@ac-versailles.fr","ministere_tutelle":"\u00c9ducation nationale","internat":null,"annee_construction":"2007","date_maj":"2026-03-12"}},{"type":"Feature","geometry":{"type":"Point","coordinates":[2.659210751824193,48.545460734625166]},"properties":{"code_uai":"0770933W","num_siret":19770933000017,"code_academie":"024","academie":"Cr\u00e9teil","dep":"77","sigle_uai":"LGT","nature_uai":"lyc\u00e9e d'enseignement g\u00e9n\u00e9ral et technologique","patronyme":"JACQUES-AMYOT","nom_etablissement":"Lyc\u00e9e g\u00e9n\u00e9ral et technologique Jacques Amyot","statut":"public","contrat_etablissement":null,"adresse_postale":"6 bis rue Michelet","code_postal":"77000","code_insee":"77288","libelle":"Melun","telephone":"0164714700","fax":"0164714704","site_web":"http:\/\/www.lyceejamyot-melun.fr","mail":"ce.0770933W@ac-creteil.fr","ministere_tutelle":"\u00c9ducation nationale","internat":"Oui","annee_construction":"1954","date_maj":"2026-01-30"}},{"type":"Feature","geometry":{"type":"Point","coordinates":[2.363169676401168,48.85751187081702]},"properties":{"code_uai":"0750648X","num_siret":19750648800018,"code_academie":"001","academie":"Paris","dep":"75","sigle_uai":"LGT","nature_uai":"lyc\u00e9e d'enseignement g\u00e9n\u00e9ral et technologique","patronyme":"VICTOR-HUGO","nom_etablissement":"Lyc\u00e9e g\u00e9n\u00e9ral et technologique Victor Hugo","statut":"public","contrat_etablissement":null,"adresse_postale":"27 rue de S\u00e9vign\u00e9","code_postal":"75003","code_insee":"75103","libelle":"Paris 3e Arrondissement","telephone":"0149964160","fax":"0149964163","site_web":"https:\/\/lyc-victor-hugo.ac-paris.fr\/","mail":"ce.0750648X@ac-paris.fr","ministere_tutelle":"\u00c9ducation nationale","internat":null,"annee_construction":"1897","date_maj":"2026-03-12"}},{"type":"Feature","geometry":{"type":"Point","coordinates":[2.5195514632061218,48.912601851382945]},"properties":{"code_uai":"0931585T","num_siret":19931585400018,"code_academie":"024","academie":"Cr\u00e9teil","dep":"93","sigle_uai":"LGT","nature_uai":"lyc\u00e9e d'enseignement g\u00e9n\u00e9ral et technologique","patronyme":"ANDR\u00c9-BOULLOCHE","nom_etablissement":"Lyc\u00e9e g\u00e9n\u00e9ral et technologique Andr\u00e9 Boulloche","statut":"public","contrat_etablissement":null,"adresse_postale":"18 boulevard GUTENBERG","code_postal":"93190","code_insee":"93046","libelle":"Livry-Gargan","telephone":"0156469000","fax":"0156469005","site_web":"https:\/\/www.lyceeboulloche.com\/","mail":"ce.0931585T@ac-creteil.fr","ministere_tutelle":"\u00c9ducation nationale","internat":null,"annee_construction":null,"date_maj":"2026-03-04"}},{"type":"Feature","geometry":{"type":"Point","coordinates":[2.13493658843343,48.80485717440169]},"properties":{"code_uai":"0783325R","num_siret":30570987500010,"code_academie":"025","academie":"Versailles","dep":"78","sigle_uai":"LPO PR","nature_uai":"lyc\u00e9e polyvalent","patronyme":"SAINT-VINCENT-DE-PAUL","nom_etablissement":"Lyc\u00e9e polyvalent priv\u00e9 Saint Vincent de Paul","statut":"priv\u00e9","contrat_etablissement":"lyc\u00e9e priv\u00e9 sous contrat \u00c9ducation nationale","adresse_postale":"44 avenue de Saint-Cloud","code_postal":"78000","code_insee":"78646","libelle":"Versailles","telephone":"0130214203","fax":"0130212112","site_web":null,"mail":"ce.0783325R@ac-versailles.fr","ministere_tutelle":"\u00c9ducation nationale","internat":null,"annee_construction":null,"date_maj":"2026-03-12"}},{"type":"Feature","geometry":{"type":"Point","coordinates":[2.340812500406945,48.853251977501536]},"properties":{"code_uai":"0750660K","num_siret":19750660300012,"code_academie":"001","academie":"Paris","dep":"75","sigle_uai":"LG","nature_uai":"lyc\u00e9e d'enseignement g\u00e9n\u00e9ral","patronyme":"F\u00c9NELON","nom_etablissement":"Lyc\u00e9e g\u00e9n\u00e9ral F\u00e9nelon","statut":"public","contrat_etablissement":null,"adresse_postale":"2 rue de l'Eperon","code_postal":"75006","code_insee":"75106","libelle":"Paris 6e Arrondissement","telephone":"0144411888","fax":"0143264004","site_web":"https:\/\/www.ac-paris.fr\/serail\/jcms\/s2_1470075\/fr\/accueil","mail":"ce.0750660K@ac-paris.fr","ministere_tutelle":"\u00c9ducation nationale","internat":null,"annee_construction":"1863","date_maj":"2026-03-12"}},{"type":"Feature","geometry":{"type":"Point","coordinates":[2.347148550517291,48.83256989645171]},"properties":{"code_uai":"0750682J","num_siret":19750682700017,"code_academie":"001","academie":"Paris","dep":"75","sigle_uai":"LG","nature_uai":"lyc\u00e9e d'enseignement g\u00e9n\u00e9ral","patronyme":"RODIN","nom_etablissement":"Lyc\u00e9e g\u00e9n\u00e9ral et technologique Rodin","statut":"public","contrat_etablissement":null,"adresse_postale":"19 RUE CORVISART","code_postal":"75013","code_insee":"75113","libelle":"Paris 13e Arrondissement","telephone":"0155431000","fax":"0155431001","site_web":"https:\/\/www.ac-paris.fr\/serail\/jcms\/s2_111988\/accueil","mail":"ce.0750682J@ac-paris.fr","ministere_tutelle":"\u00c9ducation nationale","internat":null,"annee_construction":"1930","date_maj":"2026-02-09"}},{"type":"Feature","geometry":{"type":"Point","coordinates":[2.062704137075714,48.8963686930177]},"properties":{"code_uai":"0783549J","num_siret":19782554000010,"code_academie":"025","academie":"Versailles","dep":"78","sigle_uai":"LG","nature_uai":"lyc\u00e9e d'enseignement g\u00e9n\u00e9ral","patronyme":"INTERNATIONAL","nom_etablissement":"Lyc\u00e9e d'enseignement g\u00e9n\u00e9ral International","statut":"public","contrat_etablissement":null,"adresse_postale":"Rue DU FER A CHEVAL","code_postal":"78101","code_insee":"78551","libelle":"Saint-Germain-en-Laye","telephone":"0139109411","fax":"0139109404","site_web":"http:\/\/www.lycee-international.ac-versailles.fr\/","mail":"ce.0783549J@ac-versailles.fr","ministere_tutelle":"\u00c9ducation nationale","internat":null,"annee_construction":"1952","date_maj":"2024-05-31"}},{"type":"Feature","geometry":{"type":"Point","coordinates":[2.363244903995256,48.87042685335277]},"properties":{"code_uai":"0753887T","num_siret":78444836700036,"code_academie":"001","academie":"Paris","dep":"75","sigle_uai":"LG PR","nature_uai":"lyc\u00e9e d'enseignement g\u00e9n\u00e9ral","patronyme":"BOSSUET-NOTRE-DAME","nom_etablissement":"Lyc\u00e9e priv\u00e9 Bossuet-Notre-Dame","statut":"priv\u00e9","contrat_etablissement":"lyc\u00e9e priv\u00e9 sous contrat \u00c9ducation nationale","adresse_postale":"17 rue Yves Toudic","code_postal":"75010","code_insee":"75110","libelle":"Paris 10e Arrondissement","telephone":"0142080147","fax":"0140030827","site_web":"http:\/\/www.bossuetnotredame.fr\/bnd\/","mail":"ce.0753887T@ac-paris.fr","ministere_tutelle":"\u00c9ducation nationale","internat":null,"annee_construction":null,"date_maj":"2026-03-12"}},{"type":"Feature","geometry":{"type":"Point","coordinates":[2.327789770055034,48.845597026381995]},"properties":{"code_uai":"0753840S","num_siret":57222293300010,"code_academie":"001","academie":"Paris","dep":"75","sigle_uai":"LG PR","nature_uai":"lyc\u00e9e d'enseignement g\u00e9n\u00e9ral","patronyme":"STANISLAS","nom_etablissement":"Enseignement priv\u00e9 Stanislas (Ecole secondaire priv\u00e9e)","statut":"priv\u00e9","contrat_etablissement":"lyc\u00e9e priv\u00e9 sous contrat \u00c9ducation nationale","adresse_postale":"22 rue Notre-Dame des Champs","code_postal":"75006","code_insee":"75106","libelle":"Paris 6e Arrondissement","telephone":"0142848800","fax":"0142848853","site_web":"http:\/\/www.stanislas.fr\/","mail":"secretariat.lycee@stanislas.fr","ministere_tutelle":"\u00c9ducation nationale","internat":null,"annee_construction":null,"date_maj":"2026-03-12"}},{"type":"Feature","geometry":{"type":"Point","coordinates":[2.2442551101894015,48.73921682801696]},"properties":{"code_uai":"0911844K","num_siret":78457345300023,"code_academie":"025","academie":"Versailles","dep":"91","sigle_uai":"LG PR","nature_uai":"lyc\u00e9e d'enseignement g\u00e9n\u00e9ral","patronyme":"RUDOLF-STEINER","nom_etablissement":"Lyc\u00e9e d'enseignement g\u00e9n\u00e9ral priv\u00e9 Rudolf Steiner","statut":"priv\u00e9","contrat_etablissement":"lyc\u00e9e priv\u00e9 sous contrat \u00c9ducation nationale","adresse_postale":"62 rue de Paris","code_postal":"91370","code_insee":"91645","libelle":"Verri\u00e8res-le-Buisson","telephone":"0160113812","fax":"0160110353","site_web":null,"mail":"ce.0911844K@ac-versailles.fr","ministere_tutelle":"\u00c9ducation nationale","internat":null,"annee_construction":null,"date_maj":"2026-03-12"}},{"type":"Feature","geometry":{"type":"Point","coordinates":[2.2899812641584036,48.87703315716349]},"properties":{"code_uai":"0752937K","num_siret":31977275200030,"code_academie":"001","academie":"Paris","dep":"75","sigle_uai":"LG PR","nature_uai":"lyc\u00e9e d'enseignement g\u00e9n\u00e9ral","patronyme":"EIB-ETOILE","nom_etablissement":"Ecole Internationale Bilingue section \u00e9toile","statut":"priv\u00e9","contrat_etablissement":"lyc\u00e9e priv\u00e9 sous contrat \u00c9ducation nationale","adresse_postale":"9 rue Villaret de Joyeuse","code_postal":"75017","code_insee":"75117","libelle":"Paris 17e Arrondissement","telephone":"0145633073","fax":"0145623605","site_web":null,"mail":"ce.0752937K@ac-paris.fr","ministere_tutelle":"\u00c9ducation nationale","internat":null,"annee_construction":null,"date_maj":"2026-03-12"}},{"type":"Feature","geometry":{"type":"Point","coordinates":[2.6894676570879184,48.40592416746884]},"properties":{"code_uai":"0771232W","num_siret":78494236900033,"code_academie":"024","academie":"Cr\u00e9teil","dep":"77","sigle_uai":"LG PR","nature_uai":"lyc\u00e9e d'enseignement g\u00e9n\u00e9ral","patronyme":"SAINT-ASPAIS-JEANNE-D'ARC","nom_etablissement":"Lyc\u00e9e g\u00e9n\u00e9ral priv\u00e9 ICEF Saint-Aspais","statut":"priv\u00e9","contrat_etablissement":"lyc\u00e9e priv\u00e9 sous contrat \u00c9ducation nationale","adresse_postale":"18 boulevard Andr\u00e9 Maginot","code_postal":"77300","code_insee":"77186","libelle":"Fontainebleau","telephone":"0164222489","fax":null,"site_web":null,"mail":"ce.0771232W@ac-creteil.fr","ministere_tutelle":"\u00c9ducation nationale","internat":null,"annee_construction":null,"date_maj":"2026-03-12"}},{"type":"Feature","geometry":{"type":"Point","coordinates":[2.290904920109145,48.84774762170985]},"properties":{"code_uai":"0753874D","num_siret":33086327500054,"code_academie":"001","academie":"Paris","dep":"75","sigle_uai":"LG PR","nature_uai":"lyc\u00e9e d'enseignement g\u00e9n\u00e9ral","patronyme":"ACTIVE-BILINGUE-JEANNINE-MANUEL","nom_etablissement":"Ecole Active Jeannine Manuel (Lyc\u00e9e g\u00e9n\u00e9ral priv\u00e9)","statut":"priv\u00e9","contrat_etablissement":"lyc\u00e9e priv\u00e9 sous contrat \u00c9ducation nationale","adresse_postale":"70 rue du Th\u00e9atre","code_postal":"75015","code_insee":"75115","libelle":"Paris 15e Arrondissement","telephone":"0144370080","fax":"0145790666","site_web":"http:\/\/www.eabjm.org\/fr\/","mail":"ce.0753874D@ac-paris.fr","ministere_tutelle":"\u00c9ducation nationale","internat":null,"annee_construction":null,"date_maj":"2026-03-12"}},{"type":"Feature","geometry":{"type":"Point","coordinates":[2.447705562895298,48.70432646277999]},"properties":{"code_uai":"0911353B","num_siret":19911353100016,"code_academie":"025","academie":"Versailles","dep":"91","sigle_uai":"EREA","nature_uai":"\u00e9tablissement r\u00e9gional d\u2019enseignement adapt\u00e9","patronyme":"JEAN-ISOARD","nom_etablissement":"Etablissement r\u00e9gional d'enseignement adapt\u00e9 Jean Isoard","statut":"public","contrat_etablissement":null,"adresse_postale":"4 rue Raymond Paumier","code_postal":"91230","code_insee":"91421","libelle":"Montgeron","telephone":"0169529999","fax":"0169403260","site_web":"http:\/\/www.erea-isoard-montgeron.ac-versailles.fr\/","mail":"ce.0911353B@ac-versailles.fr","ministere_tutelle":"\u00c9ducation nationale","internat":"Oui","annee_construction":"1973","date_maj":"2026-03-12"}},{"type":"Feature","geometry":{"type":"Point","coordinates":[2.275697500563575,48.82644117673118]},"properties":{"code_uai":"0922653J","num_siret":38950310300035,"code_academie":"025","academie":"Versailles","dep":"92","sigle_uai":"LPO PR METIER","nature_uai":"lyc\u00e9e polyvalent","patronyme":"SAINT-NICOLAS (La Salle)","nom_etablissement":"Lyc\u00e9e polyvalent priv\u00e9 la Salle Saint Nicolas, lyc\u00e9e des m\u00e9tiers des services du num\u00e9rique, de l'automobile, de la s\u00e9curit\u00e9 et de l'ing\u00e9nieur","statut":"priv\u00e9","contrat_etablissement":"lyc\u00e9e priv\u00e9 sous contrat \u00c9ducation nationale","adresse_postale":"19 rue Victor Hugo","code_postal":"92132","code_insee":"92040","libelle":"Issy-les-Moulineaux","telephone":"0141461515","fax":"0140935090","site_web":null,"mail":"ce.0922653j@ac-versailles.fr","ministere_tutelle":"\u00c9ducation nationale","internat":null,"annee_construction":null,"date_maj":"2026-03-12"}},{"type":"Feature","geometry":{"type":"Point","coordinates":[2.7179296097548233,48.84002483297081]},"properties":{"code_uai":"0772292Y","num_siret":19772292900019,"code_academie":"024","academie":"Cr\u00e9teil","dep":"77","sigle_uai":"LGT","nature_uai":"lyc\u00e9e d'enseignement g\u00e9n\u00e9ral et technologique","patronyme":"MARTIN-LUTHER-KING","nom_etablissement":"Lyc\u00e9e polyvalent Martin Luther King","statut":"public","contrat_etablissement":null,"adresse_postale":"21 avenue du G\u00e9n\u00e9ral de Gaulle","code_postal":"77600","code_insee":"77058","libelle":"Bussy-Saint-Georges","telephone":"0164662641","fax":"0164662640","site_web":null,"mail":"ce.0772292Y@ac-creteil.fr","ministere_tutelle":"\u00c9ducation nationale","internat":null,"annee_construction":"1992","date_maj":"2026-03-12"}},{"type":"Feature","geometry":{"type":"Point","coordinates":[2.3532040841344024,48.67587403845357]},"properties":{"code_uai":"0910627M","num_siret":19910627900011,"code_academie":"025","academie":"Versailles","dep":"91","sigle_uai":"LGT","nature_uai":"lyc\u00e9e d'enseignement g\u00e9n\u00e9ral et technologique","patronyme":"JEAN-BAPTISTE-COROT","nom_etablissement":"Lyc\u00e9e g\u00e9n\u00e9ral et technologique Jean-Baptiste Corot","statut":"public","contrat_etablissement":null,"adresse_postale":"9 place Davout","code_postal":"91605","code_insee":"91589","libelle":"Savigny-sur-Orge","telephone":"0169445566","fax":"0169059848","site_web":"http:\/\/www.lyc-corot-savigny.ac-versailles.fr\/","mail":"ce.0910627M@ac-versailles.fr","ministere_tutelle":"\u00c9ducation nationale","internat":null,"annee_construction":null,"date_maj":"2026-03-12"}},{"type":"Feature","geometry":{"type":"Point","coordinates":[2.38832462792748,48.9113525929103]},"properties":{"code_uai":"0930116W","num_siret":19930116900017,"code_academie":"024","academie":"Cr\u00e9teil","dep":"93","sigle_uai":"LGT","nature_uai":"lyc\u00e9e d'enseignement g\u00e9n\u00e9ral et technologique","patronyme":"HENRI-WALLON","nom_etablissement":"Lyc\u00e9e g\u00e9n\u00e9ral et technologique Henri Wallon","statut":"public","contrat_etablissement":null,"adresse_postale":"146 rue Jacques Salvator","code_postal":"93300","code_insee":"93001","libelle":"Aubervilliers","telephone":"0148111820","fax":null,"site_web":"https:\/\/www.henriwallon.net\/","mail":"ce.0930116W@ac-creteil.fr","ministere_tutelle":"\u00c9ducation nationale","internat":null,"annee_construction":null,"date_maj":"2026-03-12"}},{"type":"Feature","geometry":{"type":"Point","coordinates":[2.4719285569079275,48.802928331916775]},"properties":{"code_uai":"0940121W","num_siret":19940121700013,"code_academie":"024","academie":"Cr\u00e9teil","dep":"94","sigle_uai":"LGT","nature_uai":"lyc\u00e9e d'enseignement g\u00e9n\u00e9ral et technologique","patronyme":"ARSONVAL (D')","nom_etablissement":"Lyc\u00e9e g\u00e9n\u00e9ral et technologique d'Arsonval","statut":"public","contrat_etablissement":null,"adresse_postale":"65 rue DU PONT DE CRETEIL","code_postal":"94107","code_insee":"94068","libelle":"Saint-Maur-des-Foss\u00e9s","telephone":"0148839843","fax":"0145112602","site_web":"http:\/\/www.lyceedarsonval.fr\/","mail":"ce.0940121W@ac-creteil.fr","ministere_tutelle":"\u00c9ducation nationale","internat":null,"annee_construction":"1918","date_maj":"2026-03-09"}},{"type":"Feature","geometry":{"type":"Point","coordinates":[1.8550869574308326,48.95435672415239]},"properties":{"code_uai":"0781859X","num_siret":19781859400016,"code_academie":"025","academie":"Versailles","dep":"78","sigle_uai":"LGT","nature_uai":"lyc\u00e9e d'enseignement g\u00e9n\u00e9ral et technologique","patronyme":"VINCENT-VAN-GOGH","nom_etablissement":"Lyc\u00e9e g\u00e9n\u00e9ral et technologique Vincent Van Gogh","statut":"public","contrat_etablissement":null,"adresse_postale":"Rue Jules Ferry","code_postal":"78410","code_insee":"78029","libelle":"Aubergenville","telephone":"0130950333","fax":"0130901327","site_web":"http:\/\/www.lyc-vangogh-aubergenville.ac-versailles.fr","mail":"ce.0781859X@ac-versailles.fr","ministere_tutelle":"\u00c9ducation nationale","internat":null,"annee_construction":"1990","date_maj":"2026-03-12"}},{"type":"Feature","geometry":{"type":"Point","coordinates":[2.214133444595376,48.84866469435376]},"properties":{"code_uai":"0920801W","num_siret":19920801800010,"code_academie":"025","academie":"Versailles","dep":"92","sigle_uai":"LGT","nature_uai":"lyc\u00e9e d'enseignement g\u00e9n\u00e9ral et technologique","patronyme":"ALEXANDRE-DUMAS","nom_etablissement":"Lyc\u00e9e g\u00e9n\u00e9ral et technologique Alexandre Dumas","statut":"public","contrat_etablissement":null,"adresse_postale":"112 boulevard de la R\u00e9publique","code_postal":"92210","code_insee":"92064","libelle":"Saint-Cloud","telephone":"0149113838","fax":"0149113839","site_web":"http:\/\/www.lyc-dumas-st-cloud.ac-versailles.fr\/","mail":"ce.0920801W@ac-versailles.fr","ministere_tutelle":"\u00c9ducation nationale","internat":null,"annee_construction":"1950","date_maj":"2026-01-16"}},{"type":"Feature","geometry":{"type":"Point","coordinates":[2.2347074545536483,48.8781270152994]},"properties":{"code_uai":"0920144G","num_siret":19920144300025,"code_academie":"025","academie":"Versailles","dep":"92","sigle_uai":"LGT","nature_uai":"lyc\u00e9e d'enseignement g\u00e9n\u00e9ral et technologique","patronyme":"AGORA (L')","nom_etablissement":"Lyc\u00e9e g\u00e9n\u00e9ral et technologique L'Agora","statut":"public","contrat_etablissement":null,"adresse_postale":"120 rue de Verdun","code_postal":"92816","code_insee":"92062","libelle":"Puteaux","telephone":"0145060641","fax":"0147288126","site_web":"http:\/\/www.lyc-agora-puteaux.ac-versailles.fr\/","mail":"ce.0920144G@ac-versailles.fr","ministere_tutelle":"\u00c9ducation nationale","internat":null,"annee_construction":null,"date_maj":"2024-05-31"}},{"type":"Feature","geometry":{"type":"Point","coordinates":[2.0891776824998067,48.64213938061421]},"properties":{"code_uai":"0911983L","num_siret":19911983500015,"code_academie":"025","academie":"Versailles","dep":"91","sigle_uai":"LGT","nature_uai":"lyc\u00e9e d'enseignement g\u00e9n\u00e9ral et technologique","patronyme":"JULES-VERNE","nom_etablissement":"Lyc\u00e9e g\u00e9n\u00e9ral et technologique Jules Verne","statut":"public","contrat_etablissement":null,"adresse_postale":"49 rue d'Arpajon","code_postal":"91470","code_insee":"91338","libelle":"Limours","telephone":"0164916030","fax":"0164914924","site_web":"http:\/\/www.lyc-verne-limours.ac-versailles.fr\/","mail":"ce.0911983L@ac-versailles.fr","ministere_tutelle":"\u00c9ducation nationale","internat":null,"annee_construction":"1994","date_maj":"2026-03-12"}},{"type":"Feature","geometry":{"type":"Point","coordinates":[2.5603428190880333,49.087751170050176]},"properties":{"code_uai":"0951753P","num_siret":19951753300014,"code_academie":"025","academie":"Versailles","dep":"95","sigle_uai":"LGT","nature_uai":"lyc\u00e9e d'enseignement g\u00e9n\u00e9ral et technologique","patronyme":"LEONARD-DE-VINCI","nom_etablissement":"Lyc\u00e9e g\u00e9n\u00e9ral et technologique L\u00e9onard de Vinci","statut":"public","contrat_etablissement":null,"adresse_postale":"2 rue Robquin","code_postal":"95470","code_insee":"95580","libelle":"Saint-Witz","telephone":"0134682589","fax":"0134682597","site_web":"http:\/\/www.lyc-vinci-st-witz.ac-versailles.fr\/","mail":"ce.0951753P@ac-versailles.fr","ministere_tutelle":"\u00c9ducation nationale","internat":null,"annee_construction":"1990","date_maj":"2026-03-12"}},{"type":"Feature","geometry":{"type":"Point","coordinates":[2.6863963260761903,48.263210086016585]},"properties":{"code_uai":"0772840U","num_siret":78498633300028,"code_academie":"024","academie":"Cr\u00e9teil","dep":"77","sigle_uai":"LG PR","nature_uai":"lyc\u00e9e d'enseignement g\u00e9n\u00e9ral","patronyme":"SAINTE-MARIE (La Salle)","nom_etablissement":"Lyc\u00e9e priv\u00e9 la Salle - Saint Marie","statut":"priv\u00e9","contrat_etablissement":"lyc\u00e9e priv\u00e9 sous contrat \u00c9ducation nationale","adresse_postale":"3 bis chemin de la Messe","code_postal":"77140","code_insee":"77431","libelle":"Saint-Pierre-l\u00e8s-Nemours","telephone":"0164785252","fax":null,"site_web":null,"mail":"ce.0772840u@ac-creteil.fr","ministere_tutelle":"\u00c9ducation nationale","internat":null,"annee_construction":null,"date_maj":"2026-03-12"}},{"type":"Feature","geometry":{"type":"Point","coordinates":[2.534910418786071,48.61130678781107]},"properties":{"code_uai":"0912546Y","num_siret":78518352600041,"code_academie":"025","academie":"Versailles","dep":"91","sigle_uai":"LG PR","nature_uai":"lyc\u00e9e d'enseignement g\u00e9n\u00e9ral","patronyme":"SAINT LEON SENART","nom_etablissement":"Lyc\u00e9e g\u00e9n\u00e9ral priv\u00e9 Saint L\u00e9on S\u00e9nart","statut":"priv\u00e9","contrat_etablissement":"lyc\u00e9e priv\u00e9 sous contrat \u00c9ducation nationale","adresse_postale":"33 c\u00f4te de l'Entre-Deux","code_postal":"91280","code_insee":"91573","libelle":"Saint-Pierre-du-Perray","telephone":"0164881210","fax":null,"site_web":"https:\/\/www.saintspire.fr\/lycee-saint-leon-senart","mail":"l.dalloneau@ddec91.org","ministere_tutelle":"\u00c9ducation nationale","internat":null,"annee_construction":null,"date_maj":"2026-03-12"}},{"type":"Feature","geometry":{"type":"Point","coordinates":[2.299859455540921,48.858891253057166]},"properties":{"code_uai":"0752961L","num_siret":19752961300014,"code_academie":"001","academie":"Paris","dep":"75","sigle_uai":"LP","nature_uai":"lyc\u00e9e professionnel","patronyme":"GUSTAVE-EIFFEL","nom_etablissement":"Lyc\u00e9e professionnel Gustave Eiffel","statut":"public","contrat_etablissement":null,"adresse_postale":"1 rue du G\u00e9n\u00e9ral Camou","code_postal":"75007","code_insee":"75107","libelle":"Paris 7e Arrondissement","telephone":"0143173600","fax":"0147053983","site_web":"http:\/\/eiffel-lycee.fr\/fr\/","mail":"ce.0752961L@ac-paris.fr","ministere_tutelle":"\u00c9ducation nationale","internat":null,"annee_construction":"1910","date_maj":"2026-03-12"}},{"type":"Feature","geometry":{"type":"Point","coordinates":[2.308221346268783,48.798126642479446]},"properties":{"code_uai":"0920680P","num_siret":19920680600010,"code_academie":"025","academie":"Versailles","dep":"92","sigle_uai":"LP","nature_uai":"lyc\u00e9e professionnel","patronyme":"L\u00c9ONARD-DE-VINCI","nom_etablissement":"Lyc\u00e9e professionnel L\u00e9onard de Vinci","statut":"public","contrat_etablissement":null,"adresse_postale":"5 avenue Henri Barbusse","code_postal":"92220","code_insee":"92007","libelle":"Bagneux","telephone":"0140927980","fax":"0140927988","site_web":"http:\/\/www.lyc-vinci-bagneux.ac-versailles.fr\/","mail":"ce.0920680P@ac-versailles.fr","ministere_tutelle":"\u00c9ducation nationale","internat":null,"annee_construction":"1966","date_maj":"2026-03-12"}},{"type":"Feature","geometry":{"type":"Point","coordinates":[2.3652006377705472,48.91522069997389]},"properties":{"code_uai":"0932667U","num_siret":20007022500012,"code_academie":"024","academie":"Cr\u00e9teil","dep":"93","sigle_uai":"LPO","nature_uai":"lyc\u00e9e polyvalent","patronyme":"ROSA-PARKS","nom_etablissement":"Lyc\u00e9e polyvalent Rosa Parks","statut":"public","contrat_etablissement":null,"adresse_postale":"70 avenue George Sand","code_postal":"93210","code_insee":"93066","libelle":"Saint-Denis","telephone":"0149330000","fax":null,"site_web":"https:\/\/www.lyceerosaparks.fr","mail":"ce.0932667U@ac-creteil.fr","ministere_tutelle":"\u00c9ducation nationale","internat":"Oui","annee_construction":"2017","date_maj":"2026-03-25"}},{"type":"Feature","geometry":{"type":"Point","coordinates":[2.4616792007868313,48.92467426514844]},"properties":{"code_uai":"0932229T","num_siret":19930540000012,"code_academie":"024","academie":"Cr\u00e9teil","dep":"93","sigle_uai":"LPO","nature_uai":"lyc\u00e9e polyvalent","patronyme":"PAUL-LE-ROLLAND","nom_etablissement":"Lyc\u00e9e polyvalent Paul Le Rolland","statut":"public","contrat_etablissement":null,"adresse_postale":"136 avenue DE CASTELNAU","code_postal":"93700","code_insee":"93029","libelle":"Drancy","telephone":"0148320130","fax":"0148318188","site_web":"http:\/\/www.lyceepaullerolland.fr\/","mail":"ce.0932229T@ac-creteil.fr","ministere_tutelle":"\u00c9ducation nationale","internat":null,"annee_construction":"1966","date_maj":"2026-03-12"}},{"type":"Feature","geometry":{"type":"Point","coordinates":[2.0098298991653794,49.051789998059235]},"properties":{"code_uai":"0951756T","num_siret":19951756600014,"code_academie":"025","academie":"Versailles","dep":"95","sigle_uai":"LPO","nature_uai":"lyc\u00e9e polyvalent","patronyme":"JULES-VERNE","nom_etablissement":"Lyc\u00e9e polyvalent Jules Verne","statut":"public","contrat_etablissement":null,"adresse_postale":"1 rue Michel Strogoff","code_postal":"95800","code_insee":"95127","libelle":"Cergy","telephone":"0134322000","fax":"0134322010","site_web":"http:\/\/www.lyc-verne-cergy.ac-versailles.fr\/","mail":"ce.0951756T@ac-versailles.fr","ministere_tutelle":"\u00c9ducation nationale","internat":null,"annee_construction":"1992","date_maj":"2026-03-12"}},{"type":"Feature","geometry":{"type":"Point","coordinates":[2.2075839125947363,48.89097484069988]},"properties":{"code_uai":"0920141D","num_siret":19920141900017,"code_academie":"025","academie":"Versailles","dep":"92","sigle_uai":"LPO","nature_uai":"lyc\u00e9e polyvalent","patronyme":"JOLIOT-CURIE","nom_etablissement":"Lyc\u00e9e polyvalent Joliot-Curie","statut":"public","contrat_etablissement":null,"adresse_postale":"92 avenue Fr\u00e9d\u00e9ric et Ir\u00e8ne Joliot-Curie","code_postal":"92000","code_insee":"92050","libelle":"Nanterre","telephone":"0147212019","fax":"0147250319","site_web":"http:\/\/www.lyc-curie-nanterre.ac-versailles.fr\/","mail":"ce.0920141D@ac-versailles.fr","ministere_tutelle":"\u00c9ducation nationale","internat":null,"annee_construction":null,"date_maj":"2026-03-12"}},{"type":"Feature","geometry":{"type":"Point","coordinates":[2.329965355910146,48.92724671246253]},"properties":{"code_uai":"0922277A","num_siret":19922277900019,"code_academie":"025","academie":"Versailles","dep":"92","sigle_uai":"LPO","nature_uai":"lyc\u00e9e polyvalent","patronyme":"CHARLES-PETIET","nom_etablissement":"Lyc\u00e9e polyvalent Charles Petiet","statut":"public","contrat_etablissement":null,"adresse_postale":"65 boulevard Galli\u00e8ni","code_postal":"92390","code_insee":"92078","libelle":"Villeneuve-la-Garenne","telephone":"0141474000","fax":"0141474001","site_web":"http:\/\/www.lyc-petiet-villeneuve.ac-versailles.fr\/","mail":"ce.0922277A@ac-versailles.fr","ministere_tutelle":"\u00c9ducation nationale","internat":null,"annee_construction":"1971","date_maj":"2026-03-12"}},{"type":"Feature","geometry":{"type":"Point","coordinates":[2.5859255385350295,48.84485873497132]},"properties":{"code_uai":"0772223Y","num_siret":19772223400014,"code_academie":"024","academie":"Cr\u00e9teil","dep":"77","sigle_uai":"LPO","nature_uai":"lyc\u00e9e polyvalent","patronyme":"REN\u00c9-DESCARTES","nom_etablissement":"Lyc\u00e9e polyvalent Ren\u00e9 Descartes","statut":"public","contrat_etablissement":null,"adresse_postale":"4 boulevard COPERNIC","code_postal":"77420","code_insee":"77083","libelle":"Champs-sur-Marne","telephone":"0164682507","fax":"0164683914","site_web":"https:\/\/www.rene-descartes.fr\/","mail":"ce.0772223Y@ac-creteil.fr","ministere_tutelle":"\u00c9ducation nationale","internat":null,"annee_construction":"1989","date_maj":"2026-03-12"}},{"type":"Feature","geometry":{"type":"Point","coordinates":[2.1239771030962764,48.793335807314556]},"properties":{"code_uai":"0783351U","num_siret":78515045900010,"code_academie":"025","academie":"Versailles","dep":"78","sigle_uai":"LGT PR","nature_uai":"lyc\u00e9e d'enseignement g\u00e9n\u00e9ral et technologique","patronyme":"NOTRE-DAME-DU-GRANDCHAMP","nom_etablissement":"Lyc\u00e9e g\u00e9n\u00e9ral et technologique priv\u00e9 Notre Dame du Grandchamp","statut":"priv\u00e9","contrat_etablissement":"lyc\u00e9e priv\u00e9 sous contrat \u00c9ducation nationale","adresse_postale":"97 rue Royale","code_postal":"78000","code_insee":"78646","libelle":"Versailles","telephone":"0139241280","fax":"0130211700","site_web":null,"mail":"ce.0783351U@ac-versailles.fr","ministere_tutelle":"\u00c9ducation nationale","internat":null,"annee_construction":null,"date_maj":"2026-03-12"}},{"type":"Feature","geometry":{"type":"Point","coordinates":[2.151771917810066,48.8387440259539]},"properties":{"code_uai":"0920937U","num_siret":65980410800044,"code_academie":"025","academie":"Versailles","dep":"92","sigle_uai":"LGT PR","nature_uai":"lyc\u00e9e d'enseignement g\u00e9n\u00e9ral et technologique","patronyme":"SUGER","nom_etablissement":"Lyc\u00e9e g\u00e9n\u00e9ral et technologique priv\u00e9 Suger","statut":"priv\u00e9","contrat_etablissement":"lyc\u00e9e priv\u00e9 sous contrat \u00c9ducation nationale","adresse_postale":"8 rue Yves du Manoir","code_postal":"92420","code_insee":"92076","libelle":"Vaucresson","telephone":"0147411044","fax":"0147014643","site_web":null,"mail":"ce.0920937U@ac-versailles.fr","ministere_tutelle":"\u00c9ducation nationale","internat":null,"annee_construction":null,"date_maj":"2026-03-12"}},{"type":"Feature","geometry":{"type":"Point","coordinates":[1.918281289317691,49.00657879293731]},"properties":{"code_uai":"0783857U","num_siret":78509760100039,"code_academie":"025","academie":"Versailles","dep":"78","sigle_uai":"LGT PR","nature_uai":"lyc\u00e9e d'enseignement g\u00e9n\u00e9ral et technologique","patronyme":"MERCIER-SAINT-PAUL","nom_etablissement":"Lyc\u00e9e g\u00e9n\u00e9ral et technologique priv\u00e9 Mercier Saint-Paul","statut":"priv\u00e9","contrat_etablissement":"lyc\u00e9e priv\u00e9 sous contrat \u00c9ducation nationale","adresse_postale":"1 rue des Annonciades","code_postal":"78250","code_insee":"78401","libelle":"Meulan-en-Yvelines","telephone":"0134928420","fax":null,"site_web":"www.mercier-st-paul.fr","mail":"ce.0783857U@ac-versailles.fr","ministere_tutelle":"\u00c9ducation nationale","internat":null,"annee_construction":null,"date_maj":"2026-03-12"}},{"type":"Feature","geometry":{"type":"Point","coordinates":[2.3951959916435817,48.969312701735795]},"properties":{"code_uai":"0951787B","num_siret":19951787100018,"code_academie":"025","academie":"Versailles","dep":"95","sigle_uai":"LPO LYC METIER","nature_uai":"lyc\u00e9e polyvalent","patronyme":"ARTHUR-RIMBAUD","nom_etablissement":"Lyc\u00e9e polyvalent Arthur Rimbaud - Lyc\u00e9e des m\u00e9tiers de l'automobile du commerce, de la logistique et du transport","statut":"public","contrat_etablissement":null,"adresse_postale":"99 avenue de la Division Leclerc","code_postal":"95140","code_insee":"95268","libelle":"Garges-l\u00e8s-Gonesse","telephone":"0134071122","fax":"0139938491","site_web":"http:\/\/www.lyc-rimbaud-garges.ac-versailles.fr\/","mail":"ce.0951787B@ac-versailles.fr","ministere_tutelle":"\u00c9ducation nationale","internat":null,"annee_construction":"1988","date_maj":"2026-03-12"}},{"type":"Feature","geometry":{"type":"Point","coordinates":[2.7363395879461994,48.409730744143]},"properties":{"code_uai":"0770918E","num_siret":19770918100014,"code_academie":"024","academie":"Cr\u00e9teil","dep":"77","sigle_uai":"LPO LYC METIER","nature_uai":"lyc\u00e9e polyvalent","patronyme":"URUGUAY-FRANCE","nom_etablissement":"Lyc\u00e9e polyvalent Uruguay France","statut":"public","contrat_etablissement":null,"adresse_postale":"1 avenue DES MARRONNIERS","code_postal":"77211","code_insee":"77014","libelle":"Avon","telephone":"0160745060","fax":"0160728199","site_web":"www.uruguayfrance.com","mail":"ce.0770918E@ac-creteil.fr","ministere_tutelle":"\u00c9ducation nationale","internat":"Oui","annee_construction":"1970","date_maj":"2026-01-14"}},{"type":"Feature","geometry":{"type":"Point","coordinates":[2.3052947452625223,48.81281480460642]},"properties":{"code_uai":"0920164D","num_siret":19920164100016,"code_academie":"025","academie":"Versailles","dep":"92","sigle_uai":"LP LYC METIER","nature_uai":"lyc\u00e9e professionnel","patronyme":"JEAN-MONNET","nom_etablissement":"Lyc\u00e9e professionnel Jean Monnet , lyc\u00e9e des m\u00e9tiers de la construction et de la gestion administrative","statut":"public","contrat_etablissement":null,"adresse_postale":"128 avenue Jean Jaur\u00e8s","code_postal":"92120","code_insee":"92049","libelle":"Montrouge","telephone":"0141174420","fax":"0146573067","site_web":"http:\/\/www.lyc-monnet-montrouge.ac-versailles.fr\/","mail":"ce.0920164D@ac-versailles.fr","ministere_tutelle":"\u00c9ducation nationale","internat":null,"annee_construction":"1948","date_maj":"2020-07-06"}},{"type":"Feature","geometry":{"type":"Point","coordinates":[2.428207966993259,48.90870421236245]},"properties":{"code_uai":"0931198X","num_siret":19931198600012,"code_academie":"024","academie":"Cr\u00e9teil","dep":"93","sigle_uai":"LP LYC METIER","nature_uai":"lyc\u00e9e professionnel","patronyme":"ALFRED-COSTES","nom_etablissement":"Lyc\u00e9e professionnel Alfred Costes - Lyc\u00e9e des m\u00e9tiers d'arts graphiques, de l'industrie et de la communication","statut":"public","contrat_etablissement":null,"adresse_postale":"146 avenue Henri Barbusse","code_postal":"93000","code_insee":"93008","libelle":"Bobigny","telephone":"0148962424","fax":"0148962400","site_web":"http:\/\/lycee-alfredcostes.fr\/index.php\/fr\/","mail":"ce.0931198X@ac-creteil.fr","ministere_tutelle":"\u00c9ducation nationale","internat":null,"annee_construction":"1973","date_maj":"2026-03-24"}},{"type":"Feature","geometry":{"type":"Point","coordinates":[2.5067094253197815,48.80209659868827]},"properties":{"code_uai":"0940140S","num_siret":19940140700010,"code_academie":"024","academie":"Cr\u00e9teil","dep":"94","sigle_uai":"LP LYC METIER","nature_uai":"lyc\u00e9e professionnel","patronyme":"GOURDOU-LESEURRE","nom_etablissement":"Lyc\u00e9e professionnel Gourdou-Leseurre - Lyc\u00e9e des m\u00e9tiers du num\u00e9rique, de la transition \u00e9nerg\u00e9tique et de l'industrie","statut":"public","contrat_etablissement":null,"adresse_postale":"50 boulevard DE CHAMPIGNY","code_postal":"94100","code_insee":"94068","libelle":"Saint-Maur-des-Foss\u00e9s","telephone":"0148833332","fax":"0148838582","site_web":"http:\/\/www.lyceegourdouleseurre.com\/","mail":"ce.0940140S@ac-creteil.fr","ministere_tutelle":"\u00c9ducation nationale","internat":null,"annee_construction":"1950","date_maj":"2026-03-09"}},{"type":"Feature","geometry":{"type":"Point","coordinates":[2.336772046660762,48.48269104703751]},"properties":{"code_uai":"0910630R","num_siret":19910630300019,"code_academie":"025","academie":"Versailles","dep":"91","sigle_uai":"LP LYC METIER","nature_uai":"lyc\u00e9e professionnel","patronyme":"ALEXANDRE-DENIS","nom_etablissement":"Lyc\u00e9e polyvalent Alexandre Denis, lyc\u00e9e des m\u00e9tiers de l'a\u00e9ronautique, du transport et de la logistique","statut":"public","contrat_etablissement":null,"adresse_postale":"Ch\u00e2teau MONTMIRAULT AV CARNOT","code_postal":"91590","code_insee":"91129","libelle":"Cerny","telephone":"0164576022","fax":"0164574944","site_web":"http:\/\/www.lyc-denis-cerny.ac-versailles.fr\/","mail":"ce.0910630R@ac-versailles.fr","ministere_tutelle":"\u00c9ducation nationale","internat":"Oui","annee_construction":"1982","date_maj":"2026-01-19"}},{"type":"Feature","geometry":{"type":"Point","coordinates":[2.237810469917158,48.906938973686685]},"properties":{"code_uai":"0920158X","num_siret":19920158300010,"code_academie":"025","academie":"Versailles","dep":"92","sigle_uai":"LP LYC METIER","nature_uai":"lyc\u00e9e professionnel","patronyme":"TOURNELLE (LA)","nom_etablissement":"Lyc\u00e9e polyvalent La Tournelle - Lyc\u00e9e des m\u00e9tiers du num\u00e9rique et de l'\u00e9lectricit\u00e9 - Lyc\u00e9e des m\u00e9tiers de l'accueil, du commerce et de la gestion","statut":"public","contrat_etablissement":null,"adresse_postale":"87 boulevard NATIONAL","code_postal":"92250","code_insee":"92035","libelle":"La Garenne-Colombes","telephone":"0141192030","fax":"0141192039","site_web":"http:\/\/www.lyc-tournelle-garenne.ac-versailles.fr\/","mail":"ce.0920158X@ac-versailles.fr","ministere_tutelle":"\u00c9ducation nationale","internat":null,"annee_construction":null,"date_maj":"2024-05-31"}}]}